nroatc,codigoatc,codigoatc_L,descatc,label
1,A,A,A - TRACTO ALIMENTARIO Y METABOLISMO,A - TRACTO ALIMENTARIO Y METABOLISMO
2,A01,A01,A01 - PREPARADOS ESTOMATOLÓGICOS,A01 - PREPARADOS ESTOMATOLÓGICOS
3,A01A,A01A,A01A - PREPARADOS ESTOMATOLÓGICOS,A01A - PREPARADOS ESTOMATOLÓGICOS
4,A01AA,A01AA,A01AA - Agentes para la profilaxis de las caries,A01AA - Agentes para la profilaxis de las caries
5,A01AA01,A01AA01,A01AA01 - Fluoruro de sodio,A01AA01 - Fluoruro de sodio
6,A01AA02,A01AA02,A01AA02 - Monofluorfosfato de sodio,A01AA02 - Monofluorfosfato de sodio
7,A01AA03,A01AA03,A01AA03 - Olaflur,A01AA03 - Olaflur
8,A01AA04,A01AA04,A01AA04 - Fluoruro de estaño,A01AA04 - Fluoruro de estaño
9,A01AA30,A01AA30,A01AA30 - Combinaciones,A01AA30 - Combinaciones
10,A01AA51,A01AA51,"A01AA51 - Fluoruro de sodio, combinaciones","A01AA51 - Fluoruro de sodio, combinaciones"
11,A01AB,A01AB,A01AB - Antiinfecciosos y antisépticos para el tratamiento oral-local,A01AB - Antiinfecciosos y antisépticos para el tratamiento oral-local
12,A01AB02,A01AB02,A01AB02 - Peróxido de hidrógeno,A01AB02 - Peróxido de hidrógeno
13,A01AB03,A01AB03,A01AB03 - Clorhexidina,A01AB03 - Clorhexidina
14,A01AB04,A01AB04,A01AB04 - Amfotericina B,A01AB04 - Amfotericina B
15,A01AB05,A01AB05,A01AB05 - Polinoxilina,A01AB05 - Polinoxilina
16,A01AB06,A01AB06,A01AB06 - Domifeno,A01AB06 - Domifeno
17,A01AB07,A01AB07,A01AB07 - Oxiquinolina,A01AB07 - Oxiquinolina
18,A01AB08,A01AB08,A01AB08 - Neomicina,A01AB08 - Neomicina
19,A01AB09,A01AB09,A01AB09 - Miconazol,A01AB09 - Miconazol
20,A01AB10,A01AB10,A01AB10 - Natamicina,A01AB10 - Natamicina
21,A01AB11,A01AB11,A01AB11 - Varios,A01AB11 - Varios
22,A01AB12,A01AB12,A01AB12 - Hexetidina,A01AB12 - Hexetidina
23,A01AB13,A01AB13,A01AB13 - Tetraciclina,A01AB13 - Tetraciclina
24,A01AB14,A01AB14,"A01AB14 - Benzoxonio, cloruro de","A01AB14 - Benzoxonio, cloruro de"
25,A01AB15,A01AB15,"A01AB15 - Tibezonio, ioduro de","A01AB15 - Tibezonio, ioduro de"
26,A01AB16,A01AB16,A01AB16 - Mepartricina,A01AB16 - Mepartricina
27,A01AB17,A01AB17,A01AB17 - Metronidazol,A01AB17 - Metronidazol
28,A01AB18,A01AB18,A01AB18 - Clotrimazol,A01AB18 - Clotrimazol
29,A01AB19,A01AB19,A01AB19 - Perborato de sodio,A01AB19 - Perborato de sodio
30,A01AB21,A01AB21,A01AB21 - Clortetraciclina,A01AB21 - Clortetraciclina
31,A01AB22,A01AB22,A01AB22 - Doxiciclina,A01AB22 - Doxiciclina
32,A01AC,A01AC,A01AC - Corticosteroides para tratamiento oral-local,A01AC - Corticosteroides para tratamiento oral-local
33,A01AC01,A01AC01,A01AC01 - Triamcinolona,A01AC01 - Triamcinolona
34,A01AC02,A01AC02,A01AC02 - Dexametasona,A01AC02 - Dexametasona
35,A01AC03,A01AC03,A01AC03 - Hidrocortisona,A01AC03 - Hidrocortisona
36,A01AC54,A01AC54,"A01AC54 - Prednisolona, combinaciones","A01AC54 - Prednisolona, combinaciones"
37,A01AD,A01AD,A01AD - Otros agentes para tratamiento oral-local,A01AD - Otros agentes para tratamiento oral-local
38,A01AD01,A01AD01,A01AD01 - Epinefrina,A01AD01 - Epinefrina
39,A01AD02,A01AD02,A01AD02 - Bencidamina,A01AD02 - Bencidamina
40,A01AD05,A01AD05,A01AD05 - Ácido acetilsalicílico,A01AD05 - Ácido acetilsalicílico
41,A01AD06,A01AD06,A01AD06 - Adrenalona,A01AD06 - Adrenalona
42,A01AD07,A01AD07,A01AD07 - Amlexanox,A01AD07 - Amlexanox
43,A01AD11,A01AD11,A01AD11 - Varios,A01AD11 - Varios
44,A02,A02,A02 - AGENTES PARA EL TRATAMIENTO DE ALTERACIONES CAUSADAS POR ÁCIDOS,A02 - AGENTES PARA EL TRATAMIENTO DE ALTERACIONES CAUSADAS POR ÁCIDOS
45,A02A,A02A,A02A - ANTIÁCIDOS,A02A - ANTIÁCIDOS
46,A02AA,A02AA,A02AA - Compuestos de magnesio,A02AA - Compuestos de magnesio
47,A02AA01,A02AA01,A02AA01 - Carbonato de magnesio,A02AA01 - Carbonato de magnesio
48,A02AA02,A02AA02,A02AA02 - Óxido de magnesio,A02AA02 - Óxido de magnesio
49,A02AA03,A02AA03,A02AA03 - Peróxido de magnesio,A02AA03 - Peróxido de magnesio
50,A02AA04,A02AA04,A02AA04 - Hidróxido de magnesio,A02AA04 - Hidróxido de magnesio
51,A02AA05,A02AA05,A02AA05 - Silicato de magnesio,A02AA05 - Silicato de magnesio
52,A02AA10,A02AA10,A02AA10 - Combinaciones,A02AA10 - Combinaciones
53,A02AB,A02AB,A02AB - Compuestos de aluminio,A02AB - Compuestos de aluminio
54,A02AB01,A02AB01,A02AB01 - Hidróxido de aluminio,A02AB01 - Hidróxido de aluminio
55,A02AB02,A02AB02,A02AB02 - Algeldrato,A02AB02 - Algeldrato
56,A02AB03,A02AB03,A02AB03 - Fosfato de aluminio,A02AB03 - Fosfato de aluminio
57,A02AB04,A02AB04,A02AB04 - Carbonato sódico de dihidroxialuminio,A02AB04 - Carbonato sódico de dihidroxialuminio
58,A02AB05,A02AB05,A02AB05 - Acetoacetato de aluminio,A02AB05 - Acetoacetato de aluminio
59,A02AB06,A02AB06,A02AB06 - Aloglutamol,A02AB06 - Aloglutamol
60,A02AB07,A02AB07,A02AB07 - Glicinato de aluminio,A02AB07 - Glicinato de aluminio
61,A02AB10,A02AB10,A02AB10 - Combinaciones,A02AB10 - Combinaciones
62,A02AC,A02AC,A02AC - Compuestos de calcio,A02AC - Compuestos de calcio
63,A02AC01,A02AC01,A02AC01 - Carbonato de calcio,A02AC01 - Carbonato de calcio
64,A02AC02,A02AC02,A02AC02 - Silicato de calcio,A02AC02 - Silicato de calcio
65,A02AC10,A02AC10,A02AC10 - Combinaciones,A02AC10 - Combinaciones
66,A02AD,A02AD,"A02AD - Combinaciones y complejos de compuesto de aluminio, calcio y magnesio","A02AD - Combinaciones y complejos de compuesto de aluminio, calcio y magnesio"
67,A02AD01,A02AD01,A02AD01 - Combinaciones de sales simples,A02AD01 - Combinaciones de sales simples
68,A02AD02,A02AD02,A02AD02 - Magaldrato,A02AD02 - Magaldrato
69,A02AD03,A02AD03,A02AD03 - Almagato,A02AD03 - Almagato
70,A02AD04,A02AD04,A02AD04 - Hidrotalcita,A02AD04 - Hidrotalcita
71,A02AD05,A02AD05,A02AD05 - Almasilato,A02AD05 - Almasilato
72,A02AF,A02AF,A02AF - Antiácidos con carminativos,A02AF - Antiácidos con carminativos
73,A02AF01,A02AF01,A02AF01 - Magaldrato y carminativos,A02AF01 - Magaldrato y carminativos
74,A02AF02,A02AF02,A02AF02 - Combinaciones de sales simples y carminativos,A02AF02 - Combinaciones de sales simples y carminativos
75,A02AG,A02AG,A02AG - Antiácidos con antiespasmódicos,A02AG - Antiácidos con antiespasmódicos
76,A02AH,A02AH,A02AH - Antiácidos con bicarbonato de sodio,A02AH - Antiácidos con bicarbonato de sodio
77,A02AX,A02AX,A02AX - Otras combinaciones con antiácidos,A02AX - Otras combinaciones con antiácidos
78,A02B,A02B,A02B - AGENTES CONTRA LA ÚLCERA PÉPTICA Y EL REFLUJO GASTROESOFÁGICO (RGE/GORD),A02B - AGENTES CONTRA LA ÚLCERA PÉPTICA Y EL REFLUJO GASTROESOFÁGICO (RGE/GORD)
79,A02BA,A02BA,A02BA - Antagonistas del receptor H2,A02BA - Antagonistas del receptor H2
80,A02BA01,A02BA01,A02BA01 - Cimetidina,A02BA01 - Cimetidina
81,A02BA02,A02BA02,A02BA02 - Ranitidina,A02BA02 - Ranitidina
82,A02BA03,A02BA03,A02BA03 - Famotidina,A02BA03 - Famotidina
83,A02BA04,A02BA04,A02BA04 - Nizatidina,A02BA04 - Nizatidina
84,A02BA05,A02BA05,A02BA05 - Niperotidina,A02BA05 - Niperotidina
85,A02BA06,A02BA06,A02BA06 - Roxatidina,A02BA06 - Roxatidina
86,A02BA07,A02BA07,A02BA07 - Ranitidina y citrato de bismuto,A02BA07 - Ranitidina y citrato de bismuto
87,A02BA51,A02BA51,"A02BA51 - Cimetidina, combinaciones con","A02BA51 - Cimetidina, combinaciones con"
88,A02BB,A02BB,A02BB - Prostaglandinas,A02BB - Prostaglandinas
89,A02BB01,A02BB01,A02BB01 - Misoprostol,A02BB01 - Misoprostol
90,A02BB02,A02BB02,A02BB02 - Enprostilo,A02BB02 - Enprostilo
91,A02BC,A02BC,A02BC - Inhibidores de la bomba de protones,A02BC - Inhibidores de la bomba de protones
92,A02BC01,A02BC01,A02BC01 - Omeprazol,A02BC01 - Omeprazol
93,A02BC02,A02BC02,A02BC02 - Pantoprazol,A02BC02 - Pantoprazol
94,A02BC03,A02BC03,A02BC03 - Lansoprazol,A02BC03 - Lansoprazol
95,A02BC04,A02BC04,A02BC04 - Rabeprazol,A02BC04 - Rabeprazol
96,A02BC05,A02BC05,A02BC05 - Esomeprazol,A02BC05 - Esomeprazol
97,A02BD,A02BD,A02BD - Combinaciones para la erradicación del Helicobacter pylori,A02BD - Combinaciones para la erradicación del Helicobacter pylori
98,A02BD01,A02BD01,"A02BD01 - Omeprazol, amoxicilina y metronidazol","A02BD01 - Omeprazol, amoxicilina y metronidazol"
99,A02BD02,A02BD02,"A02BD02 - Lansoprazol, tetraciclinas y metronidazol","A02BD02 - Lansoprazol, tetraciclinas y metronidazol"
100,A02BD03,A02BD03,"A02BD03 - Lansoprazol, amoxicilina y metronidazol","A02BD03 - Lansoprazol, amoxicilina y metronidazol"
101,A02BD04,A02BD04,"A02BD04 - Pantoprazol, amoxicilina y claritromicina","A02BD04 - Pantoprazol, amoxicilina y claritromicina"
102,A02BD05,A02BD05,"A02BD05 - Omeprazol, amoxicilina y claritromicina","A02BD05 - Omeprazol, amoxicilina y claritromicina"
103,A02BD06,A02BD06,"A02BD06 - Esomeprazol, amoxicilina y claritromicina","A02BD06 - Esomeprazol, amoxicilina y claritromicina"
104,A02BX,A02BX,A02BX - Otros agentes contra la úlcera péptica y el reflujo gastroesofágico (RGE/GORD),A02BX - Otros agentes contra la úlcera péptica y el reflujo gastroesofágico (RGE/GORD)
105,A02BX01,A02BX01,A02BX01 - Carbenoxolona,A02BX01 - Carbenoxolona
106,A02BX02,A02BX02,A02BX02 - Sucralfato,A02BX02 - Sucralfato
107,A02BX03,A02BX03,A02BX03 - Pirenzepina,A02BX03 - Pirenzepina
108,A02BX04,A02BX04,"A02BX04 - Metiosulfonio, cloruro de","A02BX04 - Metiosulfonio, cloruro de"
109,A02BX05,A02BX05,A02BX05 - Subcitrato de bismuto,A02BX05 - Subcitrato de bismuto
110,A02BX06,A02BX06,A02BX06 - Proglumida,A02BX06 - Proglumida
111,A02BX07,A02BX07,A02BX07 - Gefarnato,A02BX07 - Gefarnato
112,A02BX08,A02BX08,A02BX08 - Sulglicotida,A02BX08 - Sulglicotida
113,A02BX09,A02BX09,A02BX09 - Acetoxolona,A02BX09 - Acetoxolona
114,A02BX10,A02BX10,A02BX10 - Zolimidina,A02BX10 - Zolimidina
115,A02BX11,A02BX11,A02BX11 - Troxipida,A02BX11 - Troxipida
116,A02BX12,A02BX12,A02BX12 - Subnitrato de bismuto,A02BX12 - Subnitrato de bismuto
117,A02BX13,A02BX13,A02BX13 - Ácido algínico,A02BX13 - Ácido algínico
118,A02BX51,A02BX51,"A02BX51 - Carbenoxolona, combinaciones excluyendo psicolépticos","A02BX51 - Carbenoxolona, combinaciones excluyendo psicolépticos"
119,A02BX71,A02BX71,"A02BX71 - Carbenoxolona, combinaciones con psicolépticos","A02BX71 - Carbenoxolona, combinaciones con psicolépticos"
120,A02BX77,A02BX77,"A02BX77 - Gefarnato, combinaciones con psicolépticos","A02BX77 - Gefarnato, combinaciones con psicolépticos"
121,A02X,A02X,A02X - OTROS AGENTES CONTRA ALTERACIONES CAUSADAS POR ÁCIDOS,A02X - OTROS AGENTES CONTRA ALTERACIONES CAUSADAS POR ÁCIDOS
122,A03,A03,A03 - AGENTES CONTRA PADECIMIENTOS FUNCIONALES DEL ESTÓMAGO E INTESTINO,A03 - AGENTES CONTRA PADECIMIENTOS FUNCIONALES DEL ESTÓMAGO E INTESTINO
123,A03A,A03A,A03A - AGENTES CONTRA PADECIMIENTOS FUNCIONALES DEL ESTÓMAGO,A03A - AGENTES CONTRA PADECIMIENTOS FUNCIONALES DEL ESTÓMAGO
124,A03AA,A03AA,"A03AA - Anticolinérgicos sintéticos, ésteres con grupo amino terciario","A03AA - Anticolinérgicos sintéticos, ésteres con grupo amino terciario"
125,A03AA01,A03AA01,A03AA01 - Oxifenciclimina,A03AA01 - Oxifenciclimina
126,A03AA03,A03AA03,A03AA03 - Camilofina,A03AA03 - Camilofina
127,A03AA04,A03AA04,A03AA04 - Mebeverina,A03AA04 - Mebeverina
128,A03AA05,A03AA05,A03AA05 - Trimebutina,A03AA05 - Trimebutina
129,A03AA06,A03AA06,A03AA06 - Rociverina,A03AA06 - Rociverina
130,A03AA07,A03AA07,A03AA07 - Dicicloverina,A03AA07 - Dicicloverina
131,A03AA08,A03AA08,A03AA08 - Dihexiverina,A03AA08 - Dihexiverina
132,A03AA09,A03AA09,A03AA09 - Difemerina,A03AA09 - Difemerina
133,A03AA30,A03AA30,A03AA30 - Piperidolato,A03AA30 - Piperidolato
134,A03AB,A03AB,"A03AB - Anticolinérgicos sintéticos, compuestos de amonio cuaternario","A03AB - Anticolinérgicos sintéticos, compuestos de amonio cuaternario"
135,A03AB01,A03AB01,"A03AB01 - Bencilonio, bromuro de","A03AB01 - Bencilonio, bromuro de"
136,A03AB02,A03AB02,"A03AB02 - Glicopirronio, bromuro de","A03AB02 - Glicopirronio, bromuro de"
137,A03AB03,A03AB03,"A03AB03 - Oxifenonio, bromuro de","A03AB03 - Oxifenonio, bromuro de"
138,A03AB04,A03AB04,A03AB04 - Pentienato,A03AB04 - Pentienato
139,A03AB05,A03AB05,A03AB05 - Propantelina,A03AB05 - Propantelina
140,A03AB06,A03AB06,"A03AB06 - Otilonio, bromuro de","A03AB06 - Otilonio, bromuro de"
141,A03AB07,A03AB07,A03AB07 - Metantelinio,A03AB07 - Metantelinio
142,A03AB08,A03AB08,A03AB08 - Tridihexetilo,A03AB08 - Tridihexetilo
143,A03AB09,A03AB09,A03AB09 - Isopropamida,A03AB09 - Isopropamida
144,A03AB10,A03AB10,A03AB10 - Hexociclio,A03AB10 - Hexociclio
145,A03AB11,A03AB11,A03AB11 - Poldina,A03AB11 - Poldina
146,A03AB12,A03AB12,A03AB12 - Mepenzolato,A03AB12 - Mepenzolato
147,A03AB13,A03AB13,"A03AB13 - Bevonio, metilsulfato de","A03AB13 - Bevonio, metilsulfato de"
148,A03AB14,A03AB14,A03AB14 - Pipenzolato,A03AB14 - Pipenzolato
149,A03AB15,A03AB15,A03AB15 - Difemanilo,A03AB15 - Difemanilo
150,A03AB16,A03AB16,"A03AB16 - (2-benzhidroxiloxietil)dietilmetilamonio, ioduro de","A03AB16 - (2-benzhidroxiloxietil)dietilmetilamonio, ioduro de"
151,A03AB17,A03AB17,"A03AB17 - Tiemonio, ioduro de","A03AB17 - Tiemonio, ioduro de"
152,A03AB18,A03AB18,"A03AB18 - Prifinio, bromuro de","A03AB18 - Prifinio, bromuro de"
153,A03AB19,A03AB19,"A03AB19 - Timepidio, bromuro de","A03AB19 - Timepidio, bromuro de"
154,N07BA03,N07BA03,N07BA03 - Vareniclina,N07BA03 - Vareniclina
155,A03AB21,A03AB21,"A03AB21 - Fenpiverinio, bromuro de","A03AB21 - Fenpiverinio, bromuro de"
156,A03AB53,A03AB53,"A03AB53 - Oxifenonio, bromuro de, combinaciones con","A03AB53 - Oxifenonio, bromuro de, combinaciones con"
157,A03AC,A03AC,"A03AC - Antiespasmódicos sintéticos, amidas con aminas terciarias","A03AC - Antiespasmódicos sintéticos, amidas con aminas terciarias"
158,A03AC02,A03AC02,A03AC02 - Dimetilaminopropionilfenotiazina,A03AC02 - Dimetilaminopropionilfenotiazina
159,A03AC04,A03AC04,A03AC04 - Nicofetamida,A03AC04 - Nicofetamida
160,A03AC05,A03AC05,A03AC05 - Tiropramida,A03AC05 - Tiropramida
161,A03AD,A03AD,A03AD - Papaverina y derivados,A03AD - Papaverina y derivados
162,A03AD01,A03AD01,A03AD01 - Papaverina,A03AD01 - Papaverina
163,A03AD02,A03AD02,A03AD02 - Drotaverina,A03AD02 - Drotaverina
164,A03AD30,A03AD30,A03AD30 - Moxaverina,A03AD30 - Moxaverina
165,A03AE,A03AE,A03AE - Agentes con efecto en los receptores de serotonina,A03AE - Agentes con efecto en los receptores de serotonina
166,A03AE01,A03AE01,A03AE01 - Alosetrón,A03AE01 - Alosetrón
167,A03AE02,A03AE02,A03AE02 - Tegaserod,A03AE02 - Tegaserod
168,A03AX,A03AX,A03AX - Otros agentes contra padecimientos funcionales del estómago,A03AX - Otros agentes contra padecimientos funcionales del estómago
169,A03AX01,A03AX01,A03AX01 - Fenpiprano,A03AX01 - Fenpiprano
170,A03AX02,A03AX02,A03AX02 - Diisopromina,A03AX02 - Diisopromina
171,A03AX03,A03AX03,A03AX03 - Clorbenzoxamina,A03AX03 - Clorbenzoxamina
172,A03AX04,A03AX04,A03AX04 - Pinaverio,A03AX04 - Pinaverio
173,A03AX05,A03AX05,A03AX05 - Fenoverina,A03AX05 - Fenoverina
174,A03AX06,A03AX06,A03AX06 - Idanpramina,A03AX06 - Idanpramina
175,A03AX07,A03AX07,A03AX07 - Proxazol,A03AX07 - Proxazol
176,A03AX08,A03AX08,A03AX08 - Alverina,A03AX08 - Alverina
177,A03AX09,A03AX09,A03AX09 - Trepibutona,A03AX09 - Trepibutona
178,A03AX10,A03AX10,A03AX10 - Isometepteno,A03AX10 - Isometepteno
179,A03AX11,A03AX11,A03AX11 - Caroverina,A03AX11 - Caroverina
180,A03AX12,A03AX12,A03AX12 - Floroglucinol,A03AX12 - Floroglucinol
181,A03AX13,A03AX13,A03AX13 - Siliconas,A03AX13 - Siliconas
182,A03AX30,A03AX30,A03AX30 - Difeniltrimetilpropilamina,A03AX30 - Difeniltrimetilpropilamina
183,A03AX58,A03AX58,"A03AX58 - Alverina, combinaciones con","A03AX58 - Alverina, combinaciones con"
184,A03B,A03B,"A03B - BELLADONA Y DERIVADOS, MONOFÁRMACOS","A03B - BELLADONA Y DERIVADOS, MONOFÁRMACOS"
185,A03BA,A03BA,"A03BA - Alcaloides de la belladona, aminas terciarias","A03BA - Alcaloides de la belladona, aminas terciarias"
186,A03BA01,A03BA01,A03BA01 - Atropina,A03BA01 - Atropina
187,A03BA03,A03BA03,A03BA03 - Hiosciamina,A03BA03 - Hiosciamina
188,A03BA04,A03BA04,"A03BA04 - Belladona, alcaloides totales de","A03BA04 - Belladona, alcaloides totales de"
189,A03BB,A03BB,"A03BB - Alcaloides semisintéticos de la belladona, compuestos de amonio cuaternario","A03BB - Alcaloides semisintéticos de la belladona, compuestos de amonio cuaternario"
190,A03BB01,A03BB01,A03BB01 - Butilescopolamina,A03BB01 - Butilescopolamina
191,A03BB02,A03BB02,A03BB02 - Metilatropina,A03BB02 - Metilatropina
192,A03BB03,A03BB03,A03BB03 - Metilescopolamina,A03BB03 - Metilescopolamina
193,A03BB04,A03BB04,"A03BB04 - Fentonio, bromuro de","A03BB04 - Fentonio, bromuro de"
194,A03BB05,A03BB05,"A03BB05 - Cimetropio, bromuro de","A03BB05 - Cimetropio, bromuro de"
195,A03C,A03C,A03C - ANTIESPASMÓDICOS EN COMBINACIÓN CON PSICOLÉPTICOS,A03C - ANTIESPASMÓDICOS EN COMBINACIÓN CON PSICOLÉPTICOS
196,A03CA,A03CA,A03CA - Agentes anticolinérgicos sintéticos en combinación con psicolépticos,A03CA - Agentes anticolinérgicos sintéticos en combinación con psicolépticos
197,A03CA01,A03CA01,A03CA01 - Isopropamida y psicolépticos,A03CA01 - Isopropamida y psicolépticos
198,A03CA02,A03CA02,"A03CA02 - Clidinio, bromuro de, y psicolépticos","A03CA02 - Clidinio, bromuro de, y psicolépticos"
199,A03CA03,A03CA03,A03CA03 - Oxifenciclimina y psicolépticos,A03CA03 - Oxifenciclimina y psicolépticos
200,A03CA04,A03CA04,"A03CA04 - Otilonio, bromuro de, y psicolépticos","A03CA04 - Otilonio, bromuro de, y psicolépticos"
201,A03CA05,A03CA05,"A03CA05 - Glicopirronio, bromuro de, y psicolépticos","A03CA05 - Glicopirronio, bromuro de, y psicolépticos"
202,A03CA06,A03CA06,"A03CA06 - Bevonio, metilsulfato de, y psicolépticos","A03CA06 - Bevonio, metilsulfato de, y psicolépticos"
203,A03CA07,A03CA07,"A03CA07 - Ambutonio, bromuro de, y psicolépticos","A03CA07 - Ambutonio, bromuro de, y psicolépticos"
204,A03CA08,A03CA08,A03CA08 - Difemanilo y psicolépticos,A03CA08 - Difemanilo y psicolépticos
205,A03CA30,A03CA30,"A03CA30 - Emepronio, bromuro de, y psicolépticos","A03CA30 - Emepronio, bromuro de, y psicolépticos"
206,A03CA34,A03CA34,A03CA34 - Propantelina y psicolépticos,A03CA34 - Propantelina y psicolépticos
207,A03CB,A03CB,A03CB - Belladona y derivados en combinación con psicolépticos,A03CB - Belladona y derivados en combinación con psicolépticos
208,A03CB01,A03CB01,A03CB01 - Metilescopolamina y psicolépticos,A03CB01 - Metilescopolamina y psicolépticos
209,A03CB02,A03CB02,"A03CB02 - Belladona, alcaloides totales de y psicolépticos","A03CB02 - Belladona, alcaloides totales de y psicolépticos"
210,A03CB03,A03CB03,A03CB03 - Atropina y psicolépticos,A03CB03 - Atropina y psicolépticos
211,A03CB04,A03CB04,A03CB04 - Metilhomatropina y psicolépticos,A03CB04 - Metilhomatropina y psicolépticos
212,A03CB31,A03CB31,A03CB31 - Hiosciamina y psicolépticos,A03CB31 - Hiosciamina y psicolépticos
213,A03CC,A03CC,A03CC - Otros antiespasmódicos en combinación con psicolépticos,A03CC - Otros antiespasmódicos en combinación con psicolépticos
214,A03D,A03D,A03D - ANTIESPASMÓDICOS EN COMBINACIÓN CON ANALGÉSICOS,A03D - ANTIESPASMÓDICOS EN COMBINACIÓN CON ANALGÉSICOS
215,A03DA,A03DA,A03DA - Agentes anticolinérgicos sintéticos en combinación con analgésicos,A03DA - Agentes anticolinérgicos sintéticos en combinación con analgésicos
216,A03DA01,A03DA01,A03DA01 - Tropenzilina y analgésicos,A03DA01 - Tropenzilina y analgésicos
217,A03DA02,A03DA02,A03DA02 - Pitofenona y analgésicos,A03DA02 - Pitofenona y analgésicos
218,A03DA03,A03DA03,"A03DA03 - Bevonio, metilsulfato de, y analgésicos","A03DA03 - Bevonio, metilsulfato de, y analgésicos"
219,A03DA04,A03DA04,"A03DA04 - Ciclonio, bromuro de, y analgésicos","A03DA04 - Ciclonio, bromuro de, y analgésicos"
220,A03DA05,A03DA05,A03DA05 - Camilofina y analgésicos,A03DA05 - Camilofina y analgésicos
221,A03DA06,A03DA06,"A03DA06 - Trospio, cloruro de, y analgésicos","A03DA06 - Trospio, cloruro de, y analgésicos"
222,A03DA07,A03DA07,"A03DA07 - Tiemonio, ioduro de, y analgésicos","A03DA07 - Tiemonio, ioduro de, y analgésicos"
223,A03DB,A03DB,A03DB - Belladona y derivados en combinación con analgésicos,A03DB - Belladona y derivados en combinación con analgésicos
224,A03DB04,A03DB04,A03DB04 - Butilescopolamina y analgésicos,A03DB04 - Butilescopolamina y analgésicos
225,A03DC,A03DC,A03DC - Otros antiespasmódicos en combinación con analgésicos,A03DC - Otros antiespasmódicos en combinación con analgésicos
226,A03E,A03E,A03E - ANTIESPASMÓDICOS Y ANTICOLINÉRGICOS EN COMBINACIÓN CON OTROS FÁRMACOS,A03E - ANTIESPASMÓDICOS Y ANTICOLINÉRGICOS EN COMBINACIÓN CON OTROS FÁRMACOS
227,A03EA,A03EA,"A03EA - Antiespasmódicos, psicolépticos y analgésicos en combinación","A03EA - Antiespasmódicos, psicolépticos y analgésicos en combinación"
228,A03ED,A03ED,A03ED - Antiespasmódicos en combinación con otros fármacos,A03ED - Antiespasmódicos en combinación con otros fármacos
229,A03F,A03F,A03F - PROPULSIVOS,A03F - PROPULSIVOS
230,A03FA,A03FA,A03FA - Propulsivos,A03FA - Propulsivos
231,A03FA01,A03FA01,A03FA01 - Metoclopramida,A03FA01 - Metoclopramida
232,A03FA02,A03FA02,A03FA02 - Cisaprida,A03FA02 - Cisaprida
233,A03FA03,A03FA03,A03FA03 - Domperidona,A03FA03 - Domperidona
234,A03FA04,A03FA04,A03FA04 - Bromoprida,A03FA04 - Bromoprida
235,A03FA05,A03FA05,A03FA05 - Alizaprida,A03FA05 - Alizaprida
236,A03FA06,A03FA06,A03FA06 - Cleboprida,A03FA06 - Cleboprida
237,A04,A04,A04 - ANTIEMÉTICOS Y FÁRMACOS PARA LAS NAUSEAS,A04 - ANTIEMÉTICOS Y FÁRMACOS PARA LAS NAUSEAS
238,A04A,A04A,A04A - ANTIEMÉTICOS Y FÁRMACOS PARA LAS NAUSEAS,A04A - ANTIEMÉTICOS Y FÁRMACOS PARA LAS NAUSEAS
239,A04AA,A04AA,A04AA - Antagonistas de receptores de serotonina (5-HT3),A04AA - Antagonistas de receptores de serotonina (5-HT3)
240,A04AA01,A04AA01,A04AA01 - Ondansetrón,A04AA01 - Ondansetrón
241,A04AA02,A04AA02,A04AA02 - Granisetrón,A04AA02 - Granisetrón
242,A04AA03,A04AA03,A04AA03 - Tropisetrón,A04AA03 - Tropisetrón
243,A04AA04,A04AA04,A04AA04 - Dolasetrón,A04AA04 - Dolasetrón
244,A04AD,A04AD,A04AD - Otros antieméticos,A04AD - Otros antieméticos
245,A04AD01,A04AD01,A04AD01 - Escopolamina,A04AD01 - Escopolamina
246,A04AD02,A04AD02,A04AD02 - Oxalato de cerio,A04AD02 - Oxalato de cerio
247,A04AD04,A04AD04,A04AD04 - Clorobutanol,A04AD04 - Clorobutanol
248,A04AD05,A04AD05,A04AD05 - Metopimazina,A04AD05 - Metopimazina
249,A04AD10,A04AD10,A04AD10 - Dronabinol,A04AD10 - Dronabinol
250,A04AD11,A04AD11,A04AD11 - Nabilona,A04AD11 - Nabilona
251,A04AD51,A04AD51,"A04AD51 - Escopolamina, combinaciones con","A04AD51 - Escopolamina, combinaciones con"
252,A04AD54,A04AD54,"A04AD54 - Clorobutanol, combinaciones con","A04AD54 - Clorobutanol, combinaciones con"
253,A05,A05,A05 - TERAPIA BILIAR Y HEPÁTICA,A05 - TERAPIA BILIAR Y HEPÁTICA
254,A05A,A05A,A05A - TERAPIA BILIAR,A05A - TERAPIA BILIAR
255,A05AA,A05AA,A05AA - Acidos biliares y derivados,A05AA - Acidos biliares y derivados
256,A05AA01,A05AA01,A05AA01 - Ácido quenodesoxicólico,A05AA01 - Ácido quenodesoxicólico
257,A05AA02,A05AA02,A05AA02 - Ácido ursodesoxicólico,A05AA02 - Ácido ursodesoxicólico
258,A05AB,A05AB,A05AB - Preparados para la terapia del tracto biliar,A05AB - Preparados para la terapia del tracto biliar
259,A05AB01,A05AB01,A05AB01 - Nicotinil metilamida,A05AB01 - Nicotinil metilamida
260,A05AX,A05AX,A05AX - Otros fármacos para terapia biliar,A05AX - Otros fármacos para terapia biliar
261,A05AX01,A05AX01,A05AX01 - Piprozolina,A05AX01 - Piprozolina
262,A05AX02,A05AX02,A05AX02 - Himecromona,A05AX02 - Himecromona
263,A05AX03,A05AX03,A05AX03 - Ciclobutirol,A05AX03 - Ciclobutirol
264,A05B,A05B,"A05B - TERAPIA HEPÁTICA, LIPOTRÓPICOS","A05B - TERAPIA HEPÁTICA, LIPOTRÓPICOS"
265,A05BA,A05BA,A05BA - Terapia hepática,A05BA - Terapia hepática
266,A05BA01,A05BA01,"A05BA01 - Arginina, glutamato de","A05BA01 - Arginina, glutamato de"
267,A05BA03,A05BA03,A05BA03 - Silimarina,A05BA03 - Silimarina
268,A05BA04,A05BA04,A05BA04 - Citiolona,A05BA04 - Citiolona
269,A05BA05,A05BA05,A05BA05 - Epomediol,A05BA05 - Epomediol
270,A05BA06,A05BA06,"A05BA06 - Ornitina, oxoglurato de","A05BA06 - Ornitina, oxoglurato de"
271,A05BA07,A05BA07,A05BA07 - Tidiácico arginina,A05BA07 - Tidiácico arginina
272,A05C,A05C,A05C - FÁRMACOS PARA TERAPIA BILIAR Y LIPOTRÓPICOS EN COMBINACIÓN,A05C - FÁRMACOS PARA TERAPIA BILIAR Y LIPOTRÓPICOS EN COMBINACIÓN
273,A06,A06,A06 - FÁRMACOS PARA EL ESTREÑIMIENTO,A06 - FÁRMACOS PARA EL ESTREÑIMIENTO
274,A06A,A06A,A06A - FÁRMACOS PARA EL ESTREÑIMIENTO,A06A - FÁRMACOS PARA EL ESTREÑIMIENTO
275,A06AA,A06AA,"A06AA - Suavizantes, emolientes","A06AA - Suavizantes, emolientes"
276,A06AA01,A06AA01,A06AA01 - Parafina liquida,A06AA01 - Parafina liquida
277,A06AA02,A06AA02,A06AA02 - Docusato de sodio,A06AA02 - Docusato de sodio
278,A06AA51,A06AA51,"A06AA51 - Parafina blanda, combinaciones con","A06AA51 - Parafina blanda, combinaciones con"
279,A06AB,A06AB,A06AB - Laxantes de contacto,A06AB - Laxantes de contacto
280,A06AB01,A06AB01,A06AB01 - Oxifenisatina,A06AB01 - Oxifenisatina
281,A06AB02,A06AB02,A06AB02 - Bisacodilo,A06AB02 - Bisacodilo
282,A06AB03,A06AB03,A06AB03 - Dantrón,A06AB03 - Dantrón
283,A06AB04,A06AB04,A06AB04 - Fenoftaleína,A06AB04 - Fenoftaleína
284,A06AB05,A06AB05,A06AB05 - Aceite de ricino,A06AB05 - Aceite de ricino
285,A06AB06,A06AB06,A06AB06 - Glicósidos de sena,A06AB06 - Glicósidos de sena
286,A06AB07,A06AB07,A06AB07 - Cáscara,A06AB07 - Cáscara
287,A06AB08,A06AB08,A06AB08 - Picosulfato de sodio,A06AB08 - Picosulfato de sodio
288,A06AB09,A06AB09,A06AB09 - Bisoxatina,A06AB09 - Bisoxatina
289,A06AB20,A06AB20,A06AB20 - Laxantes de contacto en combinación,A06AB20 - Laxantes de contacto en combinación
290,A06AB30,A06AB30,A06AB30 - Laxantes de contacto en combinación con alcaloides de belladona,A06AB30 - Laxantes de contacto en combinación con alcaloides de belladona
291,A06AB52,A06AB52,"A06AB52 - Bisacodilo, combinaciones con","A06AB52 - Bisacodilo, combinaciones con"
292,A06AB53,A06AB53,"A06AB53 - Dantrón, combinaciones con","A06AB53 - Dantrón, combinaciones con"
293,L01BB06,L01BB06,L01BB06 - Clofarabina,L01BB06 - Clofarabina
294,A06AB57,A06AB57,"A06AB57 - Cáscara, combinaciones con","A06AB57 - Cáscara, combinaciones con"
295,A06AB58,A06AB58,"A06AB58 - Picosulfato de sodio, combinaciones con","A06AB58 - Picosulfato de sodio, combinaciones con"
296,A06AC,A06AC,A06AC - Formadores de volumen,A06AC - Formadores de volumen
297,A06AC01,A06AC01,A06AC01 - Ispaghula (semillas de psyllium),A06AC01 - Ispaghula (semillas de psyllium)
298,A06AC02,A06AC02,A06AC02 - Etulosa,A06AC02 - Etulosa
299,A06AC03,A06AC03,A06AC03 - Esterculia,A06AC03 - Esterculia
300,A06AC05,A06AC05,A06AC05 - Linaza,A06AC05 - Linaza
301,A06AC06,A06AC06,A06AC06 - Metilcelulosa,A06AC06 - Metilcelulosa
302,A06AC07,A06AC07,A06AC07 - Trítico (fibra de trigo),A06AC07 - Trítico (fibra de trigo)
303,A06AC08,A06AC08,A06AC08 - Policarbófilo cálcico,A06AC08 - Policarbófilo cálcico
304,A06AC51,A06AC51,"A06AC51 - Ispaghula, combinaciones con","A06AC51 - Ispaghula, combinaciones con"
305,A06AC53,A06AC53,"A06AC53 - Esterculia, combinaciones con","A06AC53 - Esterculia, combinaciones con"
306,A06AC55,A06AC55,"A06AC55 - Linaza, combinaciones con","A06AC55 - Linaza, combinaciones con"
307,A06AD,A06AD,A06AD - Laxantes osmóticos,A06AD - Laxantes osmóticos
308,A06AD01,A06AD01,A06AD01 - Magnesio carbonato,A06AD01 - Magnesio carbonato
309,A06AD02,A06AD02,A06AD02 - Magnesio óxido,A06AD02 - Magnesio óxido
310,A06AD03,A06AD03,A06AD03 - Magnesio peróxido,A06AD03 - Magnesio peróxido
311,A06AD04,A06AD04,A06AD04 - Magnesio sulfato,A06AD04 - Magnesio sulfato
312,A06AD10,A06AD10,A06AD10 - Sales minerales en combinación,A06AD10 - Sales minerales en combinación
313,A06AD11,A06AD11,A06AD11 - Lactulosa,A06AD11 - Lactulosa
314,A06AD12,A06AD12,A06AD12 - Lactitol,A06AD12 - Lactitol
315,A06AD13,A06AD13,A06AD13 - Sulfato de sodio,A06AD13 - Sulfato de sodio
316,A06AD14,A06AD14,"A06AD14 - Pentaeritritilo, tetranitrato","A06AD14 - Pentaeritritilo, tetranitrato"
317,A06AD15,A06AD15,A06AD15 - Macrogol,A06AD15 - Macrogol
318,A06AD16,A06AD16,A06AD16 - Manitol,A06AD16 - Manitol
319,A06AD17,A06AD17,A06AD17 - Fosfato de sodio,A06AD17 - Fosfato de sodio
320,A06AD18,A06AD18,A06AD18 - Sorbitol,A06AD18 - Sorbitol
321,A06AD19,A06AD19,A06AD19 - Cloruro de magnesio,A06AD19 - Cloruro de magnesio
322,A06AD21,A06AD21,A06AD21 - Tartrato de sodio,A06AD21 - Tartrato de sodio
323,A06AD61,A06AD61,"A06AD61 - Lactulosa, combinaciones con","A06AD61 - Lactulosa, combinaciones con"
324,A06AD65,A06AD65,"A06AD65 - Macrogol, combinaciones con","A06AD65 - Macrogol, combinaciones con"
325,A06AG,A06AG,A06AG - Enemas,A06AG - Enemas
326,A06AG01,A06AG01,A06AG01 - Fosfato de sodio,A06AG01 - Fosfato de sodio
327,A06AG02,A06AG02,A06AG02 - Bisacodilo,A06AG02 - Bisacodilo
328,A06AG03,A06AG03,"A06AG03 - Dantrón, incluyendo combinaciones","A06AG03 - Dantrón, incluyendo combinaciones"
329,A06AG04,A06AG04,A06AG04 - Glicerol,A06AG04 - Glicerol
330,A06AG06,A06AG06,A06AG06 - Aceite,A06AG06 - Aceite
331,A06AG07,A06AG07,A06AG07 - Sorbitol,A06AG07 - Sorbitol
332,A06AG10,A06AG10,"A06AG10 - Docusato de sodio, incluyendo combinaciones","A06AG10 - Docusato de sodio, incluyendo combinaciones"
333,A06AG11,A06AG11,"A06AG11 - Sodio lauril sulfoacetato, incluyendo combinaciones","A06AG11 - Sodio lauril sulfoacetato, incluyendo combinaciones"
334,A06AG20,A06AG20,"A06AG20 - Enemas, combinaciones con","A06AG20 - Enemas, combinaciones con"
335,A06AX,A06AX,A06AX - Otros laxantes,A06AX - Otros laxantes
336,A06AX01,A06AX01,A06AX01 - Glicerol,A06AX01 - Glicerol
337,A06AX02,A06AX02,"A06AX02 - Dióxido de carbono, farmacos que producen","A06AX02 - Dióxido de carbono, farmacos que producen"
338,A07,A07,"A07 - ANTIDIARREICOS, AGENTES ANTIINFLAMATORIOS/ANTIINFECCIOSOS INTESTINALES","A07 - ANTIDIARREICOS, AGENTES ANTIINFLAMATORIOS/ANTIINFECCIOSOS INTESTINALES"
339,A07A,A07A,A07A - ANTIINFECCIOSOS INTESTINALES,A07A - ANTIINFECCIOSOS INTESTINALES
340,A07AA,A07AA,A07AA - Antibióticos,A07AA - Antibióticos
341,A07AA01,A07AA01,A07AA01 - Neomicina,A07AA01 - Neomicina
342,A07AA02,A07AA02,A07AA02 - Nistatina,A07AA02 - Nistatina
343,A07AA03,A07AA03,A07AA03 - Natamicina,A07AA03 - Natamicina
344,A07AA04,A07AA04,A07AA04 - Estreptomicina,A07AA04 - Estreptomicina
345,A07AA05,A07AA05,A07AA05 - Polimixina B,A07AA05 - Polimixina B
346,A07AA06,A07AA06,A07AA06 - Paromomicina,A07AA06 - Paromomicina
347,A07AA07,A07AA07,A07AA07 - Amfotericina B,A07AA07 - Amfotericina B
348,A07AA08,A07AA08,A07AA08 - Kanamicina,A07AA08 - Kanamicina
349,A07AA09,A07AA09,A07AA09 - Vancomicina,A07AA09 - Vancomicina
350,A07AA10,A07AA10,A07AA10 - Colistina,A07AA10 - Colistina
351,A07AA11,A07AA11,A07AA11 - Rifaximina,A07AA11 - Rifaximina
352,A07AA51,A07AA51,"A07AA51 - Neomicina, combinaciones con","A07AA51 - Neomicina, combinaciones con"
353,A07AA54,A07AA54,"A07AA54 - Estreptomicina, combinaciones con","A07AA54 - Estreptomicina, combinaciones con"
354,A07AB,A07AB,A07AB - Sulfonamidas,A07AB - Sulfonamidas
355,A07AB02,A07AB02,A07AB02 - Ftalilsulfatiazol,A07AB02 - Ftalilsulfatiazol
356,A07AB03,A07AB03,A07AB03 - Sulfaguanidina,A07AB03 - Sulfaguanidina
357,A07AB04,A07AB04,A07AB04 - Succinilsulfatiazol,A07AB04 - Succinilsulfatiazol
358,A07AC,A07AC,A07AC - Derivados imidazólicos,A07AC - Derivados imidazólicos
359,A07AC01,A07AC01,A07AC01 - Miconazol,A07AC01 - Miconazol
360,A07AX,A07AX,A07AX - Otros antiinfecciosos intestinales,A07AX - Otros antiinfecciosos intestinales
361,A07AX01,A07AX01,A07AX01 - Broxiquinolina,A07AX01 - Broxiquinolina
362,A07AX02,A07AX02,A07AX02 - Acetarsol,A07AX02 - Acetarsol
363,A07AX03,A07AX03,A07AX03 - Nifuroxazida,A07AX03 - Nifuroxazida
364,A07AX04,A07AX04,A07AX04 - Nifurcida,A07AX04 - Nifurcida
365,A07B,A07B,A07B - ADSORBENTES INTESTINALES,A07B - ADSORBENTES INTESTINALES
366,A07BA,A07BA,A07BA - Preparados con carbón,A07BA - Preparados con carbón
367,A07BA01,A07BA01,A07BA01 - Carbón medicinal,A07BA01 - Carbón medicinal
368,A07BA51,A07BA51,"A07BA51 - Carbón medicinal, combinaciones con","A07BA51 - Carbón medicinal, combinaciones con"
369,A07BB,A07BB,A07BB - Preparados con bismuto,A07BB - Preparados con bismuto
370,A07BC,A07BC,A07BC - Otros adsorbentes intestinales,A07BC - Otros adsorbentes intestinales
371,A07BC01,A07BC01,A07BC01 - Pectina,A07BC01 - Pectina
372,A07BC02,A07BC02,A07BC02 - Caolin,A07BC02 - Caolin
373,A07BC03,A07BC03,A07BC03 - Crospovidona,A07BC03 - Crospovidona
374,A07BC04,A07BC04,A07BC04 - Atapulgita,A07BC04 - Atapulgita
375,A07BC05,A07BC05,A07BC05 - Diosmectita,A07BC05 - Diosmectita
376,A07BC30,A07BC30,A07BC30 - Combinaciones,A07BC30 - Combinaciones
377,A07BC54,A07BC54,"A07BC54 - Atapulgita, combinaciones con","A07BC54 - Atapulgita, combinaciones con"
378,A07C,A07C,A07C - ELECTROLITOS CON CARBOHIDRATOS,A07C - ELECTROLITOS CON CARBOHIDRATOS
379,A07CA,A07CA,A07CA - Formulaciones de sales de rehidratación oral,A07CA - Formulaciones de sales de rehidratación oral
380,A07D,A07D,A07D - ANTIPROPULSIVOS,A07D - ANTIPROPULSIVOS
381,A07DA,A07DA,A07DA - Antipropulsivos,A07DA - Antipropulsivos
382,A07DA01,A07DA01,A07DA01 - Difenoxilato,A07DA01 - Difenoxilato
383,A07DA02,A07DA02,A07DA02 - Opio,A07DA02 - Opio
384,A07DA03,A07DA03,A07DA03 - Loperamida,A07DA03 - Loperamida
385,A07DA04,A07DA04,A07DA04 - Difenoxina,A07DA04 - Difenoxina
386,A07DA05,A07DA05,"A07DA05 - Loperamida, óxido de","A07DA05 - Loperamida, óxido de"
387,A07DA52,A07DA52,"A07DA52 - Morfina, combinaciones con","A07DA52 - Morfina, combinaciones con"
388,A07DA53,A07DA53,"A07DA53 - Loperamida, combinaciones con","A07DA53 - Loperamida, combinaciones con"
389,A07E,A07E,A07E - AGENTES ANTIINFLAMATORIOS INTESTINALES,A07E - AGENTES ANTIINFLAMATORIOS INTESTINALES
390,A07EA,A07EA,A07EA - Corticosteroides de acción local,A07EA - Corticosteroides de acción local
391,A07EA01,A07EA01,A07EA01 - Prednisolona,A07EA01 - Prednisolona
392,A07EA02,A07EA02,A07EA02 - Hidrocortisona,A07EA02 - Hidrocortisona
393,A07EA03,A07EA03,A07EA03 - Prednisona,A07EA03 - Prednisona
394,A07EA04,A07EA04,A07EA04 - Betametasona,A07EA04 - Betametasona
395,A07EA05,A07EA05,A07EA05 - Tixocortol,A07EA05 - Tixocortol
396,A07EA06,A07EA06,A07EA06 - Budesonida,A07EA06 - Budesonida
397,A07EA07,A07EA07,A07EA07 - Beclometasona,A07EA07 - Beclometasona
398,A07EB,A07EB,"A07EB - Agentes antialérgicos, excluyendo corticosteroides","A07EB - Agentes antialérgicos, excluyendo corticosteroides"
399,A07EB01,A07EB01,A07EB01 - Ácido cromoglícico,A07EB01 - Ácido cromoglícico
400,A07EC,A07EC,A07EC - Ácido aminosalicílico y agentes similares,A07EC - Ácido aminosalicílico y agentes similares
401,A07EC01,A07EC01,A07EC01 - Sulfasalazina,A07EC01 - Sulfasalazina
402,A07EC02,A07EC02,A07EC02 - Mesalazina,A07EC02 - Mesalazina
403,A07EC03,A07EC03,A07EC03 - Olsalazina,A07EC03 - Olsalazina
404,A07EC04,A07EC04,A07EC04 - Balsalazida,A07EC04 - Balsalazida
405,A07F,A07F,A07F - MICROORGANISMOS ANTIDIARREICOS,A07F - MICROORGANISMOS ANTIDIARREICOS
406,A07FA,A07FA,A07FA - Microorganismos antidiarreicos,A07FA - Microorganismos antidiarreicos
407,A07FA01,A07FA01,"A07FA01 - Ácido láctico, organismo productores de","A07FA01 - Ácido láctico, organismo productores de"
408,A07FA02,A07FA02,A07FA02 - Saccharomyces boulardii,A07FA02 - Saccharomyces boulardii
409,A07FA51,A07FA51,"A07FA51 - Ácido láctico, organismos productores de, combinaciones con","A07FA51 - Ácido láctico, organismos productores de, combinaciones con"
410,A07X,A07X,A07X - OTROS ANTIDIARREICOS,A07X - OTROS ANTIDIARREICOS
411,A07XA,A07XA,A07XA - Otros antidiarreicos,A07XA - Otros antidiarreicos
412,A07XA01,A07XA01,A07XA01 - Tanato de albúmina,A07XA01 - Tanato de albúmina
413,A07XA02,A07XA02,A07XA02 - Ceratonia,A07XA02 - Ceratonia
414,A07XA03,A07XA03,"A07XA03 - Calcio, compuestos de","A07XA03 - Calcio, compuestos de"
415,A07XA04,A07XA04,A07XA04 - Racecadotrilo,A07XA04 - Racecadotrilo
416,A07XA51,A07XA51,"A07XA51 - Tanato de albúmina, combinaciones con","A07XA51 - Tanato de albúmina, combinaciones con"
417,A08,A08,"A08 - PREPARADOS CONTRA LA OBESIDAD, EXCLUYENDO PRODUCTOS DIETÉTICOS","A08 - PREPARADOS CONTRA LA OBESIDAD, EXCLUYENDO PRODUCTOS DIETÉTICOS"
418,A08A,A08A,"A08A - PREPARADOS CONTRA LA OBESIDAD, EXCLUYENDO PRODUCTOS DIETÉTICOS","A08A - PREPARADOS CONTRA LA OBESIDAD, EXCLUYENDO PRODUCTOS DIETÉTICOS"
419,A08AA,A08AA,A08AA - Productos contra la obesidad de acción central,A08AA - Productos contra la obesidad de acción central
420,A08AA01,A08AA01,A08AA01 - Fentermina,A08AA01 - Fentermina
421,A08AA02,A08AA02,A08AA02 - Fenfluramina,A08AA02 - Fenfluramina
422,A08AA03,A08AA03,A08AA03 - Amfepramona,A08AA03 - Amfepramona
423,A08AA04,A08AA04,A08AA04 - Dexfenfluramina,A08AA04 - Dexfenfluramina
424,A08AA05,A08AA05,A08AA05 - Mazindol,A08AA05 - Mazindol
425,A08AA06,A08AA06,A08AA06 - Etilanfetamina,A08AA06 - Etilanfetamina
426,A08AA07,A08AA07,A08AA07 - Catina,A08AA07 - Catina
427,A08AA08,A08AA08,A08AA08 - Clobenzorex,A08AA08 - Clobenzorex
428,A08AA09,A08AA09,A08AA09 - Mefenorex,A08AA09 - Mefenorex
429,A08AA10,A08AA10,A08AA10 - Sibutramina,A08AA10 - Sibutramina
430,A08AA56,A08AA56,"A08AA56 - Efedrina, combinaciones con","A08AA56 - Efedrina, combinaciones con"
431,A08AB,A08AB,A08AB - Productos contra la obesidad de acción periférica,A08AB - Productos contra la obesidad de acción periférica
432,A08AB01,A08AB01,A08AB01 - Orlistat,A08AB01 - Orlistat
433,A09,A09,"A09 - DIGESTIVOS, INCLUYENDO ENZIMAS","A09 - DIGESTIVOS, INCLUYENDO ENZIMAS"
434,A09A,A09A,"A09A - DIGESTIVOS, INCLUYENDO ENZIMAS","A09A - DIGESTIVOS, INCLUYENDO ENZIMAS"
435,A09AA,A09AA,A09AA - Preparados enzimáticos,A09AA - Preparados enzimáticos
436,A09AA01,A09AA01,A09AA01 - Diastasa,A09AA01 - Diastasa
437,A09AA02,A09AA02,"A09AA02 - Multienzimas (lipasa, proteasa, etc.)","A09AA02 - Multienzimas (lipasa, proteasa, etc.)"
438,A09AA03,A09AA03,A09AA03 - Pepsina,A09AA03 - Pepsina
439,A09AA04,A09AA04,A09AA04 - Tilactasa,A09AA04 - Tilactasa
440,A09AB,A09AB,A09AB - Preparados de ácidos,A09AB - Preparados de ácidos
441,A09AB01,A09AB01,"A09AB01 - Ácido glutámico, clorhidrato del","A09AB01 - Ácido glutámico, clorhidrato del"
442,A09AB02,A09AB02,"A09AB02 - Betaína, clorhidrato de","A09AB02 - Betaína, clorhidrato de"
443,A09AB03,A09AB03,A09AB03 - Ácido clorhídrico,A09AB03 - Ácido clorhídrico
444,A09AB04,A09AB04,A09AB04 - Ácido cítrico,A09AB04 - Ácido cítrico
445,A09AC,A09AC,A09AC - Preparados con enzimas y ácidos en combinación,A09AC - Preparados con enzimas y ácidos en combinación
446,A09AC01,A09AC01,A09AC01 - Preparados con pepsina y ácidos,A09AC01 - Preparados con pepsina y ácidos
447,A09AC02,A09AC02,A09AC02 - Multienzimas y preparados de ácidos,A09AC02 - Multienzimas y preparados de ácidos
448,A10,A10,A10 - FÁRMACOS USADOS EN DIABETES,A10 - FÁRMACOS USADOS EN DIABETES
449,A10A,A10A,A10A - INSULINAS Y ANÁLOGOS,A10A - INSULINAS Y ANÁLOGOS
450,A10AB,A10AB,A10AB - Insulinas y análogos de acción rápida para inyección,A10AB - Insulinas y análogos de acción rápida para inyección
451,A10AB01,A10AB01,A10AB01 - Insulina (humana),A10AB01 - Insulina (humana)
452,A10AB02,A10AB02,A10AB02 - Insulina (bovina),A10AB02 - Insulina (bovina)
453,A10AB03,A10AB03,A10AB03 - Insulina (porcina),A10AB03 - Insulina (porcina)
454,A10AB04,A10AB04,A10AB04 - Insulina lispro,A10AB04 - Insulina lispro
455,A10AB05,A10AB05,A10AB05 - Insulina asparta,A10AB05 - Insulina asparta
456,A10AB30,A10AB30,A10AB30 - Combinaciones,A10AB30 - Combinaciones
457,A10AC,A10AC,A10AC - Insulinas y análogos de acción intermedia para inyección,A10AC - Insulinas y análogos de acción intermedia para inyección
458,A10AC01,A10AC01,A10AC01 - Insulina (humana),A10AC01 - Insulina (humana)
459,A10AC02,A10AC02,A10AC02 - Insulina (bovina),A10AC02 - Insulina (bovina)
460,A10AC03,A10AC03,A10AC03 - Insulina (porcina),A10AC03 - Insulina (porcina)
461,A10AC04,A10AC04,A10AC04 - Insulina lispro,A10AC04 - Insulina lispro
462,A10AC30,A10AC30,A10AC30 - Combinaciones,A10AC30 - Combinaciones
463,A10AD,A10AD,A10AD - Insulinas y analogos; combinaciones de insulinas de accion intermedia o prolongada con insulinas de accion inmediata para inyeccion,A10AD - Insulinas y analogos; combinaciones de insulinas de accion intermedia o prolongada con insulinas de accion inmediata para inyeccion
464,A10AD01,A10AD01,A10AD01 - Insulina (humana),A10AD01 - Insulina (humana)
465,A10AD02,A10AD02,A10AD02 - Insulina (bovina),A10AD02 - Insulina (bovina)
466,A10AD03,A10AD03,A10AD03 - Insulina (porcina),A10AD03 - Insulina (porcina)
467,A10AD04,A10AD04,A10AD04 - Insulina lispro,A10AD04 - Insulina lispro
468,A10AD30,A10AD30,A10AD30 - Combinaciones,A10AD30 - Combinaciones
469,A10AE,A10AE,A10AE - Insulinas y análogos de acción prolongada para inyección,A10AE - Insulinas y análogos de acción prolongada para inyección
470,A10AE01,A10AE01,A10AE01 - Insulina (humana),A10AE01 - Insulina (humana)
471,A10AE02,A10AE02,A10AE02 - Insulina (bovina),A10AE02 - Insulina (bovina)
472,A10AE03,A10AE03,A10AE03 - Insulina (porcina),A10AE03 - Insulina (porcina)
473,A10AE04,A10AE04,A10AE04 - Insulina glargina,A10AE04 - Insulina glargina
474,A10AE30,A10AE30,A10AE30 - Combinaciones,A10AE30 - Combinaciones
475,A10B,A10B,A10B - FÁRMACOS HIPOGLUCEMIANTES EXCLUYENDO INSULINAS,A10B - FÁRMACOS HIPOGLUCEMIANTES EXCLUYENDO INSULINAS
476,A10BA,A10BA,A10BA - Biguanidas,A10BA - Biguanidas
477,A10BA01,A10BA01,A10BA01 - Fenformina,A10BA01 - Fenformina
478,A10BA02,A10BA02,A10BA02 - Metformina,A10BA02 - Metformina
479,A10BA03,A10BA03,A10BA03 - Buformina,A10BA03 - Buformina
480,A10BB,A10BB,A10BB - Derivados de las sulfonilureas,A10BB - Derivados de las sulfonilureas
481,A10BB01,A10BB01,A10BB01 - Glibenclamida,A10BB01 - Glibenclamida
482,A10BB02,A10BB02,A10BB02 - Clorpropamida,A10BB02 - Clorpropamida
483,A10BB03,A10BB03,A10BB03 - Tolbutamida,A10BB03 - Tolbutamida
484,A10BB04,A10BB04,A10BB04 - Glibornurida,A10BB04 - Glibornurida
485,A10BB05,A10BB05,A10BB05 - Tolazamida,A10BB05 - Tolazamida
486,A10BB06,A10BB06,A10BB06 - Carbutamida,A10BB06 - Carbutamida
487,A10BB07,A10BB07,A10BB07 - Glipizida,A10BB07 - Glipizida
488,A10BB08,A10BB08,A10BB08 - Gliquidona,A10BB08 - Gliquidona
489,A10BB09,A10BB09,A10BB09 - Gliclazida,A10BB09 - Gliclazida
490,A10BB10,A10BB10,A10BB10 - Metahexamida,A10BB10 - Metahexamida
491,A10BB11,A10BB11,A10BB11 - Glisoxepida,A10BB11 - Glisoxepida
492,A10BB12,A10BB12,A10BB12 - Glimepirida,A10BB12 - Glimepirida
493,A10BB31,A10BB31,A10BB31 - Acetohexamida,A10BB31 - Acetohexamida
494,A10BC,A10BC,A10BC - Sulfonamidas (heterocíclicas),A10BC - Sulfonamidas (heterocíclicas)
495,A10BC01,A10BC01,A10BC01 - Glimidina,A10BC01 - Glimidina
496,A10BD,A10BD,A10BD - Combinaciones de fármacos hipoglucemiantes orales,A10BD - Combinaciones de fármacos hipoglucemiantes orales
497,A10BD01,A10BD01,A10BD01 - Fenformina y sulfonamidas,A10BD01 - Fenformina y sulfonamidas
498,A10BD02,A10BD02,A10BD02 - Metformina y sulfonamidas,A10BD02 - Metformina y sulfonamidas
499,A10BF,A10BF,A10BF - Inhibidores de la alfa glucosidasa,A10BF - Inhibidores de la alfa glucosidasa
500,A10BF01,A10BF01,A10BF01 - Acarbosa,A10BF01 - Acarbosa
501,A10BF02,A10BF02,A10BF02 - Miglitol,A10BF02 - Miglitol
502,A10BF03,A10BF03,A10BF03 - Voglibosa,A10BF03 - Voglibosa
503,A10BG,A10BG,A10BG - Tiazolidinadionas,A10BG - Tiazolidinadionas
504,A10BG01,A10BG01,A10BG01 - Troglitazona,A10BG01 - Troglitazona
505,A10BG02,A10BG02,A10BG02 - Rosiglitazona,A10BG02 - Rosiglitazona
506,A10BG03,A10BG03,A10BG03 - Pioglitazona,A10BG03 - Pioglitazona
507,A10BX,A10BX,A10BX - Otros fármacos hipoglucemiantes excluyendo insulinas,A10BX - Otros fármacos hipoglucemiantes excluyendo insulinas
508,A10BX01,A10BX01,A10BX01 - Goma guar,A10BX01 - Goma guar
509,A10BX02,A10BX02,A10BX02 - Repaglinida,A10BX02 - Repaglinida
510,A10BX03,A10BX03,A10BX03 - Nateglinida,A10BX03 - Nateglinida
511,A10X,A10X,A10X - OTROS FÁRMACOS USADOS EN DIABETES,A10X - OTROS FÁRMACOS USADOS EN DIABETES
512,A10XA,A10XA,A10XA - Inhibidores de la aldosa reductasa,A10XA - Inhibidores de la aldosa reductasa
513,A10XA01,A10XA01,A10XA01 - Tolrestat,A10XA01 - Tolrestat
514,A11,A11,A11 - VITAMINAS,A11 - VITAMINAS
515,A11A,A11A,"A11A - MULTIVITAMÍNICOS, COMBINACIONES","A11A - MULTIVITAMÍNICOS, COMBINACIONES"
516,A11AA,A11AA,A11AA - Multivitamínicos con minerales,A11AA - Multivitamínicos con minerales
517,A11AA01,A11AA01,A11AA01 - Multivitamínicos con hierro,A11AA01 - Multivitamínicos con hierro
518,A11AA02,A11AA02,A11AA02 - Multivitamínicos con calcio,A11AA02 - Multivitamínicos con calcio
519,A11AA03,A11AA03,"A11AA03 - Multivitamínicos con otros minerales, incluyendo combinaciones","A11AA03 - Multivitamínicos con otros minerales, incluyendo combinaciones"
520,A11AA04,A11AA04,A11AA04 - Multivitamínicos y oligoelementos,A11AA04 - Multivitamínicos y oligoelementos
521,A11AB,A11AB,A11AB - Otras combinaciones de multivitaminas,A11AB - Otras combinaciones de multivitaminas
522,A11B,A11B,A11B - MULTIVITAMÍNICOS SOLOS,A11B - MULTIVITAMÍNICOS SOLOS
523,A11BA,A11BA,A11BA - Multivitamínicos solos,A11BA - Multivitamínicos solos
524,A11C,A11C,"A11C - VITAMINAS A Y D, INCLUYENDO COMBINACIONES DE LAS DOS","A11C - VITAMINAS A Y D, INCLUYENDO COMBINACIONES DE LAS DOS"
525,A11CA,A11CA,A11CA - Vitamina A sola,A11CA - Vitamina A sola
526,A11CA01,A11CA01,A11CA01 - Retinol (vit A),A11CA01 - Retinol (vit A)
527,A11CA02,A11CA02,A11CA02 - Betacaroteno,A11CA02 - Betacaroteno
528,A11CB,A11CB,A11CB - Vitaminas A y D en combinación,A11CB - Vitaminas A y D en combinación
529,A11CC,A11CC,A11CC - Vitamina D y análogos,A11CC - Vitamina D y análogos
530,A11CC01,A11CC01,A11CC01 - Ergocalciferol,A11CC01 - Ergocalciferol
531,A11CC02,A11CC02,A11CC02 - Dihidrotaquisterol,A11CC02 - Dihidrotaquisterol
532,A11CC03,A11CC03,A11CC03 - Alfacalcidol,A11CC03 - Alfacalcidol
533,A11CC04,A11CC04,A11CC04 - Calcitriol,A11CC04 - Calcitriol
534,A11CC05,A11CC05,A11CC05 - Colecalciferol,A11CC05 - Colecalciferol
535,A11CC06,A11CC06,A11CC06 - Calcifediol,A11CC06 - Calcifediol
536,A11CC20,A11CC20,A11CC20 - Combinaciones,A11CC20 - Combinaciones
537,A11D,A11D,"A11D - VITAMINA B1, SOLA Y EN COMBINACIÓN CON VITAMINAS B6 Y B12","A11D - VITAMINA B1, SOLA Y EN COMBINACIÓN CON VITAMINAS B6 Y B12"
538,A11DA,A11DA,A11DA - Vitamina B1 sola,A11DA - Vitamina B1 sola
539,A11DA01,A11DA01,A11DA01 - Tiamina (vit B1),A11DA01 - Tiamina (vit B1)
540,A11DA02,A11DA02,A11DA02 - Sulbutiamina,A11DA02 - Sulbutiamina
541,A11DB,A11DB,A11DB - Vitamina B1 en combinación con vitamina B6 y/o vitamina B12,A11DB - Vitamina B1 en combinación con vitamina B6 y/o vitamina B12
542,A11E,A11E,"A11E - VITAMINAS DEL COMPLEJO B, INCLUYENDO COMBINACIONES","A11E - VITAMINAS DEL COMPLEJO B, INCLUYENDO COMBINACIONES"
543,A11EA,A11EA,A11EA - Vitaminas del complejo B solas,A11EA - Vitaminas del complejo B solas
544,A11EB,A11EB,A11EB - Vitaminas del complejo B con vitamina C,A11EB - Vitaminas del complejo B con vitamina C
545,A11EC,A11EC,A11EC - Vitaminas del complejo B con minerales,A11EC - Vitaminas del complejo B con minerales
546,A11ED,A11ED,A11ED - Vitaminas del complejo B con esteroides anabólicos,A11ED - Vitaminas del complejo B con esteroides anabólicos
547,A11EX,A11EX,"A11EX - Vitaminas del complejo B, otras combinaciones","A11EX - Vitaminas del complejo B, otras combinaciones"
548,A11G,A11G,"A11G - ÁCIDO ASCÓRBICO (VITAMINA C), INCLUYENDO COMBINACIONES","A11G - ÁCIDO ASCÓRBICO (VITAMINA C), INCLUYENDO COMBINACIONES"
549,A11GA,A11GA,"A11GA - Ácido ascórbico (vitamina C), monofármaco","A11GA - Ácido ascórbico (vitamina C), monofármaco"
550,A11GA01,A11GA01,A11GA01 - Ácido ascórbico (vit C),A11GA01 - Ácido ascórbico (vit C)
551,A11GB,A11GB,"A11GB - Ácido ascórbico (vitamina C), combinaciones","A11GB - Ácido ascórbico (vitamina C), combinaciones"
552,A11GB01,A11GB01,A11GB01 - Ácido ascórbico (vit C) y calcio,A11GB01 - Ácido ascórbico (vit C) y calcio
553,A11H,A11H,"A11H - OTROS PREPARADOS DE VITAMINAS, MONOFÁRMACOS","A11H - OTROS PREPARADOS DE VITAMINAS, MONOFÁRMACOS"
554,A11HA,A11HA,"A11HA - Otros preparados de vitaminas, monofármacos","A11HA - Otros preparados de vitaminas, monofármacos"
555,A11HA01,A11HA01,A11HA01 - Nicotinamida,A11HA01 - Nicotinamida
556,A11HA02,A11HA02,A11HA02 - Piridoxina (vit B6),A11HA02 - Piridoxina (vit B6)
557,A11HA03,A11HA03,A11HA03 - Tocoferol (vit E),A11HA03 - Tocoferol (vit E)
558,A11HA04,A11HA04,A11HA04 - Riboflavina (vit B2),A11HA04 - Riboflavina (vit B2)
559,A11HA05,A11HA05,A11HA05 - Biotina,A11HA05 - Biotina
560,A11HA06,A11HA06,"A11HA06 - Piridoxal, fosfato de","A11HA06 - Piridoxal, fosfato de"
561,A11HA07,A11HA07,A11HA07 - Inositol,A11HA07 - Inositol
562,A11HA30,A11HA30,A11HA30 - Dexpantenol,A11HA30 - Dexpantenol
563,A11HA31,A11HA31,A11HA31 - Pantotenato de calcio,A11HA31 - Pantotenato de calcio
564,A11HA32,A11HA32,A11HA32 - Pantetina,A11HA32 - Pantetina
565,A11J,A11J,"A11J - OTROS PRODUCTOS CON VITAMINAS, COMBINACIONES","A11J - OTROS PRODUCTOS CON VITAMINAS, COMBINACIONES"
566,A11JA,A11JA,A11JA - Combinaciones de vitaminas,A11JA - Combinaciones de vitaminas
567,A11JB,A11JB,A11JB - Vitaminas con minerales,A11JB - Vitaminas con minerales
568,A11JC,A11JC,"A11JC - Vitaminas, otras combinaciones","A11JC - Vitaminas, otras combinaciones"
569,A12,A12,A12 - SUPLEMENTOS MINERALES,A12 - SUPLEMENTOS MINERALES
570,A12A,A12A,A12A - CALCIO,A12A - CALCIO
571,A12AA,A12AA,A12AA - Calcio,A12AA - Calcio
572,A12AA01,A12AA01,A12AA01 - Fosfato de calcio,A12AA01 - Fosfato de calcio
573,A12AA02,A12AA02,A12AA02 - Glubionato de calcio,A12AA02 - Glubionato de calcio
574,A12AA03,A12AA03,A12AA03 - Gluconato de calcio,A12AA03 - Gluconato de calcio
575,A12AA04,A12AA04,A12AA04 - Carbonato de calcio,A12AA04 - Carbonato de calcio
576,A12AA05,A12AA05,A12AA05 - Lactato de calcio,A12AA05 - Lactato de calcio
577,A12AA06,A12AA06,A12AA06 - Lactato y gluconato de calcio,A12AA06 - Lactato y gluconato de calcio
578,A12AA07,A12AA07,A12AA07 - Cloruro de calcio,A12AA07 - Cloruro de calcio
579,A12AA08,A12AA08,A12AA08 - Glicerofosfato de calcio,A12AA08 - Glicerofosfato de calcio
580,A12AA09,A12AA09,A12AA09 - Complejo de citrato de lisina y calcio,A12AA09 - Complejo de citrato de lisina y calcio
581,A12AA10,A12AA10,A12AA10 - Glucoheptonato de calcio,A12AA10 - Glucoheptonato de calcio
582,A12AA11,A12AA11,A12AA11 - Pangamato de calcio,A12AA11 - Pangamato de calcio
583,A12AA12,A12AA12,"A12AA12 - Acetato de calcio, anhidro","A12AA12 - Acetato de calcio, anhidro"
584,A12AA20,A12AA20,A12AA20 - Calcio (diferentes sales en combinación),A12AA20 - Calcio (diferentes sales en combinación)
585,A12AA30,A12AA30,A12AA30 - Levulinato de calcio,A12AA30 - Levulinato de calcio
586,A12AX,A12AX,"A12AX - Calcio, combinaciones con, vitamina D y/o otros fármacos","A12AX - Calcio, combinaciones con, vitamina D y/o otros fármacos"
587,A12B,A12B,A12B - POTASIO,A12B - POTASIO
588,A12BA,A12BA,A12BA - Potasio,A12BA - Potasio
589,A12BA01,A12BA01,A12BA01 - Cloruro de potasio,A12BA01 - Cloruro de potasio
590,A12BA02,A12BA02,A12BA02 - Citrato de potasio,A12BA02 - Citrato de potasio
591,A12BA03,A12BA03,A12BA03 - Bitartrato de potasio,A12BA03 - Bitartrato de potasio
592,A12BA04,A12BA04,A12BA04 - Bicarbonato de potasio,A12BA04 - Bicarbonato de potasio
593,A12BA05,A12BA05,A12BA05 - Gluconato de potasio,A12BA05 - Gluconato de potasio
594,A12BA30,A12BA30,A12BA30 - potasio (combinacion de diferentes sales),A12BA30 - potasio (combinacion de diferentes sales)
595,S01LA04,S01LA04,S01LA04 - Ranibizumab,S01LA04 - Ranibizumab
596,A12C,A12C,A12C - OTROS SUPLEMENTOS MINERALES,A12C - OTROS SUPLEMENTOS MINERALES
597,A12CA,A12CA,A12CA - Sodio,A12CA - Sodio
598,A12CA01,A12CA01,A12CA01 - Cloruro de sodio,A12CA01 - Cloruro de sodio
599,A12CA02,A12CA02,A12CA02 - Sulfato de sodio,A12CA02 - Sulfato de sodio
600,A12CB,A12CB,A12CB - Zinc,A12CB - Zinc
601,A12CB01,A12CB01,A12CB01 - Sulfato de zinc,A12CB01 - Sulfato de zinc
602,A12CB02,A12CB02,A12CB02 - Gluconato de zinc,A12CB02 - Gluconato de zinc
603,A12CB03,A12CB03,"A12CB03 - Zinc, complejo de proteínas con","A12CB03 - Zinc, complejo de proteínas con"
604,A12CC,A12CC,A12CC - Magnesio,A12CC - Magnesio
605,A12CC01,A12CC01,A12CC01 - Cloruro de magnesio,A12CC01 - Cloruro de magnesio
606,A12CC02,A12CC02,A12CC02 - Sulfato de magnesio,A12CC02 - Sulfato de magnesio
607,A12CC03,A12CC03,A12CC03 - Gluconato de magnesio,A12CC03 - Gluconato de magnesio
608,A12CC04,A12CC04,A12CC04 - Citrato de magnesio,A12CC04 - Citrato de magnesio
609,A12CC05,A12CC05,A12CC05 - Aspartato de magnesio,A12CC05 - Aspartato de magnesio
610,A12CC06,A12CC06,A12CC06 - Lactato de magnesio,A12CC06 - Lactato de magnesio
611,A12CC07,A12CC07,A12CC07 - Levulinato de magnesio,A12CC07 - Levulinato de magnesio
612,A12CC08,A12CC08,A12CC08 - Pidolato de magnesio,A12CC08 - Pidolato de magnesio
613,A12CC09,A12CC09,A12CC09 - Orotato de magnesio,A12CC09 - Orotato de magnesio
614,A12CC10,A12CC10,A12CC10 - Óxido de magnesio,A12CC10 - Óxido de magnesio
615,A12CC30,A12CC30,A12CC30 - Magnesio (combinación de diferentes sales),A12CC30 - Magnesio (combinación de diferentes sales)
616,A12CD,A12CD,A12CD - Fluoruro,A12CD - Fluoruro
617,A12CD01,A12CD01,A12CD01 - Fluoruro de sodio,A12CD01 - Fluoruro de sodio
618,A12CD02,A12CD02,A12CD02 - Monofluorfosfato de sodio,A12CD02 - Monofluorfosfato de sodio
619,A12CD51,A12CD51,"A12CD51 - Fluoruro, combinaciones con","A12CD51 - Fluoruro, combinaciones con"
620,A12CE,A12CE,A12CE - Selenio,A12CE - Selenio
621,A12CE01,A12CE01,A12CE01 - Selenato de sodio,A12CE01 - Selenato de sodio
622,A12CE02,A12CE02,A12CE02 - Selenito de sodio,A12CE02 - Selenito de sodio
623,A12CX,A12CX,A12CX - Productos con otros minerales,A12CX - Productos con otros minerales
624,A13,A13,A13 - TÓNICOS,A13 - TÓNICOS
625,A13A,A13A,A13A - TÓNICOS,A13A - TÓNICOS
626,A14,A14,A14 - AGENTES ANABÓLICOS PARA USO SISTÉMICO,A14 - AGENTES ANABÓLICOS PARA USO SISTÉMICO
627,A14A,A14A,A14A - ESTEROIDES ANABÓLICOS,A14A - ESTEROIDES ANABÓLICOS
628,A14AA,A14AA,A14AA - Derivados del androstano,A14AA - Derivados del androstano
629,A14AA01,A14AA01,A14AA01 - Androstanolona,A14AA01 - Androstanolona
630,A14AA02,A14AA02,A14AA02 - Estanozolol,A14AA02 - Estanozolol
631,A14AA03,A14AA03,A14AA03 - Metandienona,A14AA03 - Metandienona
632,A14AA04,A14AA04,A14AA04 - Metenolona,A14AA04 - Metenolona
633,A14AA05,A14AA05,A14AA05 - Oximetolona,A14AA05 - Oximetolona
634,A14AA06,A14AA06,A14AA06 - Quinbolona,A14AA06 - Quinbolona
635,A14AA07,A14AA07,A14AA07 - Prasterona,A14AA07 - Prasterona
636,A14AA08,A14AA08,A14AA08 - Oxandrolona,A14AA08 - Oxandrolona
637,A14AA09,A14AA09,A14AA09 - Noretandrolona,A14AA09 - Noretandrolona
638,A14AB,A14AB,A14AB - Derivados del estreno,A14AB - Derivados del estreno
639,A14AB01,A14AB01,A14AB01 - Nandrolona,A14AB01 - Nandrolona
640,A14AB02,A14AB02,A14AB02 - Etilestrenol,A14AB02 - Etilestrenol
641,A14AB03,A14AB03,"A14AB03 - Oxabolona, cipionato de","A14AB03 - Oxabolona, cipionato de"
642,A14B,A14B,A14B - OTROS AGENTES ANABÓLICOS,A14B - OTROS AGENTES ANABÓLICOS
643,A15,A15,A15 - ESTIMULANTES DEL APETITO,A15 - ESTIMULANTES DEL APETITO
644,A16,A16,A16 - OTROS PRODUCTOS PARA EL TRACTO ALIMENTARIO Y METABOLISMO,A16 - OTROS PRODUCTOS PARA EL TRACTO ALIMENTARIO Y METABOLISMO
645,A16A,A16A,A16A - OTROS PRODUCTOS PARA EL TRACTO ALIMENTARIO Y METABOLISMO,A16A - OTROS PRODUCTOS PARA EL TRACTO ALIMENTARIO Y METABOLISMO
646,A16AA,A16AA,A16AA - Aminoácidos y derivados,A16AA - Aminoácidos y derivados
647,A16AA01,A16AA01,A16AA01 - Levocarnitina,A16AA01 - Levocarnitina
648,A16AA02,A16AA02,A16AA02 - Ademetionina,A16AA02 - Ademetionina
649,A16AA03,A16AA03,A16AA03 - Levoglutamida,A16AA03 - Levoglutamida
650,A16AA04,A16AA04,A16AA04 - Mercaptamina,A16AA04 - Mercaptamina
651,A16AA05,A16AA05,A16AA05 - Ácido carglúmico,A16AA05 - Ácido carglúmico
652,A16AA06,A16AA06,A16AA06 - Betaína,A16AA06 - Betaína
653,A16AB,A16AB,A16AB - Enzimas,A16AB - Enzimas
654,A16AB01,A16AB01,A16AB01 - Alglucerasa,A16AB01 - Alglucerasa
655,A16AB02,A16AB02,A16AB02 - Imiglucerasa,A16AB02 - Imiglucerasa
656,A16AB03,A16AB03,A16AB03 - Agalsidasa alfa,A16AB03 - Agalsidasa alfa
657,A16AB04,A16AB04,A16AB04 - Agalsidasa beta,A16AB04 - Agalsidasa beta
658,A16AX,A16AX,A16AX - Productos varios para el tracto alimentario y el metabolismo,A16AX - Productos varios para el tracto alimentario y el metabolismo
659,A16AX01,A16AX01,A16AX01 - Ácido tióctico,A16AX01 - Ácido tióctico
660,A16AX02,A16AX02,A16AX02 - Anetol tritiona,A16AX02 - Anetol tritiona
661,A16AX03,A16AX03,A16AX03 - Fenilbutirato de sodio,A16AX03 - Fenilbutirato de sodio
662,A16AX04,A16AX04,A16AX04 - Nitisinona,A16AX04 - Nitisinona
663,A16AX05,A16AX05,A16AX05 - Acetato de zinc,A16AX05 - Acetato de zinc
664,B,B,B - SANGRE Y ÓRGANOS HEMATOPOYÉTICOS,B - SANGRE Y ÓRGANOS HEMATOPOYÉTICOS
665,B01,B01,B01 - AGENTES ANTITROMBÓTICOS,B01 - AGENTES ANTITROMBÓTICOS
666,B01A,B01A,B01A - AGENTES ANTITROMBÓTICOS,B01A - AGENTES ANTITROMBÓTICOS
667,B01AA,B01AA,B01AA - Antagonistas de la vitamina K,B01AA - Antagonistas de la vitamina K
668,B01AA01,B01AA01,B01AA01 - Dicumarol,B01AA01 - Dicumarol
669,B01AA02,B01AA02,B01AA02 - Fenindiona,B01AA02 - Fenindiona
670,B01AA03,B01AA03,B01AA03 - Warfarina,B01AA03 - Warfarina
671,B01AA04,B01AA04,B01AA04 - Fenprocumon,B01AA04 - Fenprocumon
672,B01AA07,B01AA07,B01AA07 - Acenocumarol,B01AA07 - Acenocumarol
673,B01AA08,B01AA08,B01AA08 - Biscumacetato de etilo,B01AA08 - Biscumacetato de etilo
674,B01AA09,B01AA09,B01AA09 - Clorindiona,B01AA09 - Clorindiona
675,B01AA10,B01AA10,B01AA10 - Difenadiona,B01AA10 - Difenadiona
676,B01AA11,B01AA11,B01AA11 - Tioclomarol,B01AA11 - Tioclomarol
677,B01AB,B01AB,B01AB - Grupo de la heparina,B01AB - Grupo de la heparina
678,B01AB01,B01AB01,B01AB01 - Heparina,B01AB01 - Heparina
679,B01AB02,B01AB02,B01AB02 - Antitrombina III,B01AB02 - Antitrombina III
680,B01AB04,B01AB04,B01AB04 - Dalteparina,B01AB04 - Dalteparina
681,B01AB05,B01AB05,B01AB05 - Enoxaparina,B01AB05 - Enoxaparina
682,B01AB06,B01AB06,B01AB06 - Nadroparina,B01AB06 - Nadroparina
683,B01AB07,B01AB07,B01AB07 - Parnaparina,B01AB07 - Parnaparina
684,B01AB08,B01AB08,B01AB08 - Reviparina,B01AB08 - Reviparina
685,B01AB09,B01AB09,B01AB09 - Danaparoid,B01AB09 - Danaparoid
686,B01AB10,B01AB10,B01AB10 - Tinzaparina,B01AB10 - Tinzaparina
687,B01AB11,B01AB11,B01AB11 - Sulodexida,B01AB11 - Sulodexida
688,B01AB51,B01AB51,"B01AB51 - Heparina, combinaciones de","B01AB51 - Heparina, combinaciones de"
689,B01AC,B01AC,"B01AC - Inhibidores de la agregación plaquetaria, heparina excl.","B01AC - Inhibidores de la agregación plaquetaria, heparina excl."
690,B01AC01,B01AC01,B01AC01 - Ditazol,B01AC01 - Ditazol
691,B01AC02,B01AC02,B01AC02 - Cloricromeno,B01AC02 - Cloricromeno
692,B01AC03,B01AC03,B01AC03 - Picotamida,B01AC03 - Picotamida
693,B01AC04,B01AC04,B01AC04 - Clopidogrel,B01AC04 - Clopidogrel
694,B01AC05,B01AC05,B01AC05 - Ticlopidina,B01AC05 - Ticlopidina
695,B01AC06,B01AC06,B01AC06 - Ácido acetilsalicílico,B01AC06 - Ácido acetilsalicílico
696,B01AC07,B01AC07,B01AC07 - Dipiridamol,B01AC07 - Dipiridamol
697,B01AC08,B01AC08,B01AC08 - Carbasalato de calcio,B01AC08 - Carbasalato de calcio
698,B01AC09,B01AC09,B01AC09 - Epoprostenol,B01AC09 - Epoprostenol
699,B01AC10,B01AC10,B01AC10 - Indobufén,B01AC10 - Indobufén
700,B01AC11,B01AC11,B01AC11 - Iloprost,B01AC11 - Iloprost
701,B01AC13,B01AC13,B01AC13 - Abciximab,B01AC13 - Abciximab
702,B01AC14,B01AC14,B01AC14 - Anagrelida,B01AC14 - Anagrelida
703,B01AC15,B01AC15,B01AC15 - Aloxiprina,B01AC15 - Aloxiprina
704,B01AC16,B01AC16,B01AC16 - Eptifibatida,B01AC16 - Eptifibatida
705,B01AC17,B01AC17,B01AC17 - Tirofibán,B01AC17 - Tirofibán
706,B01AC18,B01AC18,B01AC18 - Triflusal,B01AC18 - Triflusal
707,B01AC30,B01AC30,B01AC30 - Combinaciones,B01AC30 - Combinaciones
708,B01AD,B01AD,B01AD - Enzimas,B01AD - Enzimas
709,B01AD01,B01AD01,B01AD01 - Estreptoquinasa,B01AD01 - Estreptoquinasa
710,B01AD02,B01AD02,B01AD02 - Alteplasa,B01AD02 - Alteplasa
711,B01AD03,B01AD03,B01AD03 - Anistreplasa,B01AD03 - Anistreplasa
712,B01AD04,B01AD04,B01AD04 - Uroquinasa,B01AD04 - Uroquinasa
713,B01AD05,B01AD05,B01AD05 - Fibrinolisina,B01AD05 - Fibrinolisina
714,B01AD06,B01AD06,B01AD06 - Brinasa,B01AD06 - Brinasa
715,B01AD07,B01AD07,B01AD07 - Reteplasa,B01AD07 - Reteplasa
716,B01AD08,B01AD08,B01AD08 - Saruplasa,B01AD08 - Saruplasa
717,B01AD09,B01AD09,B01AD09 - Ancrod,B01AD09 - Ancrod
718,B01AD10,B01AD10,B01AD10 - Drotrecogina alfa (activado),B01AD10 - Drotrecogina alfa (activado)
719,B01AX,B01AX,B01AX - Otros agentes antitrombóticos,B01AX - Otros agentes antitrombóticos
720,B01AX01,B01AX01,B01AX01 - Defibrotida,B01AX01 - Defibrotida
721,L01XE04,L01XE04,L01XE04 - Sunitinib,L01XE04 - Sunitinib
722,A16AB09,A16AB09,A16AB09 - Idursulfasa,A16AB09 - Idursulfasa
723,B01AX04,B01AX04,"B01AX04 - Dermatán, sulfato de","B01AX04 - Dermatán, sulfato de"
724,B02,B02,B02 - ANTIHEMORRÁGICOS,B02 - ANTIHEMORRÁGICOS
725,B02A,B02A,B02A - ANTIFIBRINOLÍTICOS,B02A - ANTIFIBRINOLÍTICOS
726,B02AA,B02AA,B02AA - Aminoácidos,B02AA - Aminoácidos
727,B02AA01,B02AA01,B02AA01 - Ácido aminocaproico,B02AA01 - Ácido aminocaproico
728,B02AA02,B02AA02,B02AA02 - Ácido tranexámico,B02AA02 - Ácido tranexámico
729,B02AA03,B02AA03,B02AA03 - Ácido aminometilbenzoico,B02AA03 - Ácido aminometilbenzoico
730,B02AB,B02AB,B02AB - Inhibidores de la proteinasa,B02AB - Inhibidores de la proteinasa
731,B02AB01,B02AB01,B02AB01 - Aprotinina,B02AB01 - Aprotinina
732,B02AB02,B02AB02,B02AB02 - Alfa1 antitripsina,B02AB02 - Alfa1 antitripsina
733,B02AB03,B02AB03,B02AB03 - Inhibidor de C1,B02AB03 - Inhibidor de C1
734,B02AB04,B02AB04,B02AB04 - Camostat,B02AB04 - Camostat
735,B02B,B02B,B02B - VITAMINA K Y OTROS HEMOSTÁTICOS,B02B - VITAMINA K Y OTROS HEMOSTÁTICOS
736,B02BA,B02BA,B02BA - Vitamina K,B02BA - Vitamina K
737,B02BA01,B02BA01,B02BA01 - Fitomenadiona,B02BA01 - Fitomenadiona
738,B02BA02,B02BA02,B02BA02 - Menadiona,B02BA02 - Menadiona
739,B02BB,B02BB,B02BB - Fibrinógeno,B02BB - Fibrinógeno
740,B02BB01,B02BB01,B02BB01 - Fibrinógeno humano,B02BB01 - Fibrinógeno humano
741,B02BC,B02BC,B02BC - Hemostáticos locales,B02BC - Hemostáticos locales
742,B02BC01,B02BC01,B02BC01 - Esponja de gelatina reabsorbible,B02BC01 - Esponja de gelatina reabsorbible
743,B02BC02,B02BC02,B02BC02 - Celulosa oxidada,B02BC02 - Celulosa oxidada
744,B02BC03,B02BC03,"B02BC03 - Acido tetragalacturónico, hidroximetilester","B02BC03 - Acido tetragalacturónico, hidroximetilester"
745,B02BC05,B02BC05,B02BC05 - Adrenalona,B02BC05 - Adrenalona
746,B02BC06,B02BC06,B02BC06 - Trombina,B02BC06 - Trombina
747,B02BC07,B02BC07,B02BC07 - Colageno,B02BC07 - Colageno
748,B02BC08,B02BC08,B02BC08 - Alginato de calcio,B02BC08 - Alginato de calcio
749,B02BC09,B02BC09,B02BC09 - Epinefrina,B02BC09 - Epinefrina
750,B02BC10,B02BC10,B02BC10 - Adhesivos tisulares,B02BC10 - Adhesivos tisulares
751,B02BD,B02BD,B02BD - Factores de la coagulación sanguínea,B02BD - Factores de la coagulación sanguínea
752,B02BD01,B02BD01,"B02BD01 - Factores de la coagulacion IX, II, VII y X en combinacion","B02BD01 - Factores de la coagulacion IX, II, VII y X en combinacion"
753,B02BD02,B02BD02,B02BD02 - Factor VIII de la coagulación,B02BD02 - Factor VIII de la coagulación
754,B02BD03,B02BD03,B02BD03 - Actividad que sobrepasa el inhibidor del factor VIII,B02BD03 - Actividad que sobrepasa el inhibidor del factor VIII
755,B02BD04,B02BD04,B02BD04 - Factor IX de la coagulacion,B02BD04 - Factor IX de la coagulacion
756,B02BD05,B02BD05,B02BD05 - Factor VII de la coagulación,B02BD05 - Factor VII de la coagulación
757,B02BD06,B02BD06,B02BD06 - Factor Von Willebrand y factor VIII de la coagulación en combinación,B02BD06 - Factor Von Willebrand y factor VIII de la coagulación en combinación
758,B02BD07,B02BD07,B02BD07 - Factor XIII de la coagulación,B02BD07 - Factor XIII de la coagulación
759,B02BD08,B02BD08,B02BD08 - Factor VIIa de la coagulación,B02BD08 - Factor VIIa de la coagulación
760,B02BD09,B02BD09,B02BD09 - Nonacog alfa,B02BD09 - Nonacog alfa
761,B02BD30,B02BD30,B02BD30 - Trombina,B02BD30 - Trombina
762,B02BX,B02BX,B02BX - Otros hemostáticos sistémicos,B02BX - Otros hemostáticos sistémicos
763,B02BX01,B02BX01,B02BX01 - Etamsilato,B02BX01 - Etamsilato
764,B02BX02,B02BX02,B02BX02 - Carbazocromo,B02BX02 - Carbazocromo
765,B02BX03,B02BX03,B02BX03 - Batroxobina,B02BX03 - Batroxobina
766,B03,B03,B03 - PREPARADOS ANTIANÉMICOS,B03 - PREPARADOS ANTIANÉMICOS
767,B03A,B03A,B03A - PREPARADOS CON HIERRO,B03A - PREPARADOS CON HIERRO
768,B03AA,B03AA,"B03AA - Hierro bivalente, preparados orales","B03AA - Hierro bivalente, preparados orales"
769,B03AA01,B03AA01,B03AA01 - Ferroso glicina sulfato,B03AA01 - Ferroso glicina sulfato
770,B03AA02,B03AA02,B03AA02 - Ferroso fumarato,B03AA02 - Ferroso fumarato
771,B03AA03,B03AA03,B03AA03 - Ferroso gluconato,B03AA03 - Ferroso gluconato
772,B03AA04,B03AA04,B03AA04 - Ferroso carbonato,B03AA04 - Ferroso carbonato
773,B03AA05,B03AA05,B03AA05 - Ferroso cloruro,B03AA05 - Ferroso cloruro
774,B03AA06,B03AA06,B03AA06 - Ferroso succinato,B03AA06 - Ferroso succinato
775,B03AA07,B03AA07,B03AA07 - Ferroso sulfato,B03AA07 - Ferroso sulfato
776,B03AA08,B03AA08,B03AA08 - Ferroso tartrato,B03AA08 - Ferroso tartrato
777,B03AA09,B03AA09,B03AA09 - Ferroso aspartato,B03AA09 - Ferroso aspartato
778,B03AA10,B03AA10,B03AA10 - Ferroso ascorbato,B03AA10 - Ferroso ascorbato
779,B03AA11,B03AA11,B03AA11 - Ferroso iodo,B03AA11 - Ferroso iodo
780,B03AB,B03AB,"B03AB - Hierro trivalente, preparados orales","B03AB - Hierro trivalente, preparados orales"
781,B03AB01,B03AB01,B03AB01 - Férrico sódico citrato,B03AB01 - Férrico sódico citrato
782,B03AB02,B03AB02,"B03AB02 - Hierro sacarado, óxido de","B03AB02 - Hierro sacarado, óxido de"
783,B03AB03,B03AB03,B03AB03 - Feredetato de sodio,B03AB03 - Feredetato de sodio
784,B03AB04,B03AB04,B03AB04 - Férrico hidróxido,B03AB04 - Férrico hidróxido
785,B03AB05,B03AB05,"B03AB05 - Óxido férrico-polimaltosa, complejos de","B03AB05 - Óxido férrico-polimaltosa, complejos de"
786,B03AB06,B03AB06,B03AB06 - Férrico citrato,B03AB06 - Férrico citrato
787,B03AB07,B03AB07,"B03AB07 - Condroitin sulfato-hierro, complejo de","B03AB07 - Condroitin sulfato-hierro, complejo de"
788,B03AB08,B03AB08,B03AB08 - Acetiltransferrina férrica,B03AB08 - Acetiltransferrina férrica
789,B03AB09,B03AB09,B03AB09 - Proteinsuccinilato férrico,B03AB09 - Proteinsuccinilato férrico
790,B03AC,B03AC,"B03AC - Hierro, preparados parenterales","B03AC - Hierro, preparados parenterales"
791,B03AC01,B03AC01,"B03AC01 - Oxido ferrico-polimaltosa, complejos de","B03AC01 - Oxido ferrico-polimaltosa, complejos de"
792,B03AC02,B03AC02,"B03AC02 - Hierro sacarado, oxido de","B03AC02 - Hierro sacarado, oxido de"
793,B03AC03,B03AC03,"B03AC03 - Hierro-sorbitol-acido citrico, complejo de","B03AC03 - Hierro-sorbitol-acido citrico, complejo de"
794,B03AC05,B03AC05,"B03AC05 - Hierro sorbitol- acido gluconico , complejo de","B03AC05 - Hierro sorbitol- acido gluconico , complejo de"
795,B03AC06,B03AC06,"B03AC06 - Oxido ferrico-dextran, complejos de","B03AC06 - Oxido ferrico-dextran, complejos de"
796,B03AD,B03AD,B03AD - Hierro en combinación con ácido fólico,B03AD - Hierro en combinación con ácido fólico
797,B03AD01,B03AD01,"B03AD01 - Aminoácidos ferrosos, complejo de","B03AD01 - Aminoácidos ferrosos, complejo de"
798,B03AD02,B03AD02,B03AD02 - Fumarato ferroso y ácido fólico,B03AD02 - Fumarato ferroso y ácido fólico
799,B03AD03,B03AD03,B03AD03 - Sulfato ferroso y ácido fólico,B03AD03 - Sulfato ferroso y ácido fólico
800,B03AE,B03AE,B03AE - Hierro en otras combinaciones,B03AE - Hierro en otras combinaciones
801,B03AE01,B03AE01,"B03AE01 - Hierro, vitamina B12 y ácido fólico","B03AE01 - Hierro, vitamina B12 y ácido fólico"
802,B03AE02,B03AE02,"B03AE02 - Hierro, multivitaminas y ácido fólico","B03AE02 - Hierro, multivitaminas y ácido fólico"
803,B03AE03,B03AE03,B03AE03 - Hierro y multivitaminas,B03AE03 - Hierro y multivitaminas
804,B03AE04,B03AE04,"B03AE04 - Hierro, multivitaminas y minerales","B03AE04 - Hierro, multivitaminas y minerales"
805,B03AE10,B03AE10,"B03AE10 - Combinaciones, varias","B03AE10 - Combinaciones, varias"
806,B03B,B03B,B03B - VITAMINA B12 Y ÁCIDO FÓLICO,B03B - VITAMINA B12 Y ÁCIDO FÓLICO
807,B03BA,B03BA,B03BA - Vitamina B12 (cianocobalamina y análogos),B03BA - Vitamina B12 (cianocobalamina y análogos)
808,B03BA01,B03BA01,B03BA01 - Cianocobalamina,B03BA01 - Cianocobalamina
809,B03BA02,B03BA02,"B03BA02 - Cianocobalamina tanino, complejo de","B03BA02 - Cianocobalamina tanino, complejo de"
810,B03BA03,B03BA03,B03BA03 - Hidroxocobalamina,B03BA03 - Hidroxocobalamina
811,B03BA04,B03BA04,B03BA04 - Cobamamida,B03BA04 - Cobamamida
812,B03BA51,B03BA51,"B03BA51 - Cianocobalamina, combinaciones con","B03BA51 - Cianocobalamina, combinaciones con"
813,B03BA53,B03BA53,"B03BA53 - Hidroxocobalamina, combinaciones con","B03BA53 - Hidroxocobalamina, combinaciones con"
814,B03BB,B03BB,B03BB - Ácido fólico y derivados,B03BB - Ácido fólico y derivados
815,B03BB01,B03BB01,B03BB01 - Ácido fólico,B03BB01 - Ácido fólico
816,B03BB51,B03BB51,"B03BB51 - Ácido fólico, combinaciones con","B03BB51 - Ácido fólico, combinaciones con"
817,B03X,B03X,B03X - OTROS PREPARADOS ANTIANÉMICOS,B03X - OTROS PREPARADOS ANTIANÉMICOS
818,B03XA,B03XA,B03XA - Otros preparados antianémicos,B03XA - Otros preparados antianémicos
819,B03XA01,B03XA01,B03XA01 - Eritropoyetina,B03XA01 - Eritropoyetina
820,B03XA02,B03XA02,B03XA02 - Darbepoetina alfa,B03XA02 - Darbepoetina alfa
821,B05,B05,B05 - SUSTITUTOS DE LA SANGRE Y SOLUCIONES PARA PERFUSIÓN,B05 - SUSTITUTOS DE LA SANGRE Y SOLUCIONES PARA PERFUSIÓN
822,B05A,B05A,B05A - SANGRE Y PRODUCTOS RELACIONADOS,B05A - SANGRE Y PRODUCTOS RELACIONADOS
823,B05AA,B05AA,B05AA - Sustitutos de la sangre y fracciones proteicas del plasma,B05AA - Sustitutos de la sangre y fracciones proteicas del plasma
824,B05AA01,B05AA01,B05AA01 - Albúmina,B05AA01 - Albúmina
825,B05AA02,B05AA02,B05AA02 - Otras fracciones proteicas del plasma,B05AA02 - Otras fracciones proteicas del plasma
826,B05AA03,B05AA03,B05AA03 - Sustitutos de la sangre fluorocarbonados,B05AA03 - Sustitutos de la sangre fluorocarbonados
827,B05AA05,B05AA05,B05AA05 - Dextrán,B05AA05 - Dextrán
828,B05AA06,B05AA06,"B05AA06 - Gelatina, agentes con","B05AA06 - Gelatina, agentes con"
829,B05AA07,B05AA07,B05AA07 - Hidroxietil almidón,B05AA07 - Hidroxietil almidón
830,B05AA08,B05AA08,B05AA08 - Hemoglobina crosfumarilo,B05AA08 - Hemoglobina crosfumarilo
831,B05AA09,B05AA09,B05AA09 - Hemoglobina rafímero,B05AA09 - Hemoglobina rafímero
832,B05B,B05B,B05B - SOLUCIONES I.V.,B05B - SOLUCIONES I.V.
833,B05BA,B05BA,B05BA - Soluciones para nutrición parenteral,B05BA - Soluciones para nutrición parenteral
834,B05BA01,B05BA01,B05BA01 - Aminoácidos,B05BA01 - Aminoácidos
835,B05BA02,B05BA02,B05BA02 - Emulsiones grasas,B05BA02 - Emulsiones grasas
836,B05BA03,B05BA03,B05BA03 - Carbohidratos,B05BA03 - Carbohidratos
837,B05BA04,B05BA04,"B05BA04 - Proteínas, hidrolizados de","B05BA04 - Proteínas, hidrolizados de"
838,B05BA10,B05BA10,B05BA10 - Combinaciones,B05BA10 - Combinaciones
839,B05BB,B05BB,B05BB - Soluciones que afectan el balance electrolítico,B05BB - Soluciones que afectan el balance electrolítico
840,B05BB01,B05BB01,B05BB01 - Electrolitos,B05BB01 - Electrolitos
841,B05BB02,B05BB02,B05BB02 - Electrolitos con carbohidratos,B05BB02 - Electrolitos con carbohidratos
842,B05BB03,B05BB03,B05BB03 - Trometamol,B05BB03 - Trometamol
843,B05BC,B05BC,B05BC - Soluciones que producen diuresis osmótica,B05BC - Soluciones que producen diuresis osmótica
844,B05BC01,B05BC01,B05BC01 - Manitol,B05BC01 - Manitol
845,B05BC02,B05BC02,B05BC02 - Urea,B05BC02 - Urea
846,B05C,B05C,B05C - SOLUCIONES DE IRRIGACIÓN,B05C - SOLUCIONES DE IRRIGACIÓN
847,B05CA,B05CA,B05CA - Agentes antiinfecciosos,B05CA - Agentes antiinfecciosos
848,B05CA01,B05CA01,"B05CA01 - Cetilpiridinio, cloruro de","B05CA01 - Cetilpiridinio, cloruro de"
849,B05CA02,B05CA02,B05CA02 - Clorhexidina,B05CA02 - Clorhexidina
850,B05CA03,B05CA03,B05CA03 - Nitrofural,B05CA03 - Nitrofural
851,B05CA04,B05CA04,B05CA04 - Sulfametizol,B05CA04 - Sulfametizol
852,B05CA05,B05CA05,B05CA05 - Taurolidina,B05CA05 - Taurolidina
853,B05CA06,B05CA06,B05CA06 - Ácido mandélico,B05CA06 - Ácido mandélico
854,B05CA07,B05CA07,B05CA07 - Noxitiolina,B05CA07 - Noxitiolina
855,B05CA08,B05CA08,"B05CA08 - Etacridina, lactato de","B05CA08 - Etacridina, lactato de"
856,B05CA09,B05CA09,B05CA09 - Neomicina,B05CA09 - Neomicina
857,B05CA10,B05CA10,B05CA10 - Combinaciones,B05CA10 - Combinaciones
858,B05CB,B05CB,B05CB - Soluciones salinas,B05CB - Soluciones salinas
859,B05CB01,B05CB01,B05CB01 - Cloruro de sodio,B05CB01 - Cloruro de sodio
860,B05CB02,B05CB02,B05CB02 - Citrato de sodio,B05CB02 - Citrato de sodio
861,B05CB03,B05CB03,B05CB03 - Citrato de magnesio,B05CB03 - Citrato de magnesio
862,B05CB04,B05CB04,B05CB04 - Bicarbonato de sodio,B05CB04 - Bicarbonato de sodio
863,B05CB10,B05CB10,B05CB10 - Combinaciones,B05CB10 - Combinaciones
864,B05CX,B05CX,B05CX - Otras soluciones para irrigación,B05CX - Otras soluciones para irrigación
865,B05CX01,B05CX01,B05CX01 - Glucosa,B05CX01 - Glucosa
866,B05CX02,B05CX02,B05CX02 - Sorbitol,B05CX02 - Sorbitol
867,B05CX03,B05CX03,B05CX03 - Glicina,B05CX03 - Glicina
868,B05CX04,B05CX04,B05CX04 - Manitol,B05CX04 - Manitol
869,B05CX10,B05CX10,B05CX10 - Combinaciones,B05CX10 - Combinaciones
870,B05D,B05D,B05D - SOLUCIONES PARA DIÁLISIS PERITONEAL,B05D - SOLUCIONES PARA DIÁLISIS PERITONEAL
871,B05DA,B05DA,B05DA - Soluciones isotónicas,B05DA - Soluciones isotónicas
872,B05DB,B05DB,B05DB - Soluciones hipertónicas,B05DB - Soluciones hipertónicas
873,B05X,B05X,B05X - ADITIVOS PARA SOLUCIONES I.V.,B05X - ADITIVOS PARA SOLUCIONES I.V.
874,B05XA,B05XA,B05XA - Soluciones electrolíticas,B05XA - Soluciones electrolíticas
875,B05XA01,B05XA01,B05XA01 - Cloruro de potasio,B05XA01 - Cloruro de potasio
876,B05XA02,B05XA02,B05XA02 - Bicarbonato de sodio,B05XA02 - Bicarbonato de sodio
877,B05XA03,B05XA03,B05XA03 - Cloruro de sodio,B05XA03 - Cloruro de sodio
878,B05XA04,B05XA04,B05XA04 - Cloruro de amonio,B05XA04 - Cloruro de amonio
879,B05XA05,B05XA05,B05XA05 - Sulfato de magnesio,B05XA05 - Sulfato de magnesio
880,B05XA06,B05XA06,"B05XA06 - Fosfato de potasio, incluyendo combinaciones con otras sales de potasio","B05XA06 - Fosfato de potasio, incluyendo combinaciones con otras sales de potasio"
881,B05XA07,B05XA07,B05XA07 - Cloruro de calcio,B05XA07 - Cloruro de calcio
882,B05XA08,B05XA08,B05XA08 - Acetato de sodio,B05XA08 - Acetato de sodio
883,B05XA09,B05XA09,B05XA09 - Fosfato de sodio,B05XA09 - Fosfato de sodio
884,B05XA10,B05XA10,B05XA10 - Fosfato de magnesio,B05XA10 - Fosfato de magnesio
885,B05XA11,B05XA11,B05XA11 - Cloruro de magnesio,B05XA11 - Cloruro de magnesio
886,B05XA12,B05XA12,B05XA12 - Cloruro de zinc,B05XA12 - Cloruro de zinc
887,B05XA13,B05XA13,B05XA13 - Ácido clorhídrico,B05XA13 - Ácido clorhídrico
888,B05XA14,B05XA14,B05XA14 - Glicerofosfato de sodio,B05XA14 - Glicerofosfato de sodio
889,B05XA15,B05XA15,B05XA15 - Lactato de potasio,B05XA15 - Lactato de potasio
890,B05XA16,B05XA16,B05XA16 - Soluciones cardiopléjicas,B05XA16 - Soluciones cardiopléjicas
891,B05XA30,B05XA30,B05XA30 - Combinaciones de electrolitos,B05XA30 - Combinaciones de electrolitos
892,B05XA31,B05XA31,B05XA31 - Electrolitos en combinación con otras farmacos,B05XA31 - Electrolitos en combinación con otras farmacos
893,B05XB,B05XB,B05XB - Aminoácidos,B05XB - Aminoácidos
894,B05XB01,B05XB01,"B05XB01 - Arginina, clorhidrato de","B05XB01 - Arginina, clorhidrato de"
895,B05XB02,B05XB02,B05XB02 - Alanilglutamina,B05XB02 - Alanilglutamina
896,B05XB03,B05XB03,B05XB03 - Lisina,B05XB03 - Lisina
897,B05XC,B05XC,B05XC - Vitaminas,B05XC - Vitaminas
898,B05XX,B05XX,B05XX - Otros aditivos para soluciones i.v,B05XX - Otros aditivos para soluciones i.v
899,B05XX02,B05XX02,B05XX02 - Trometamol,B05XX02 - Trometamol
900,B05Z,B05Z,B05Z - SOLUCIONES PARA HEMODIÁLISIS Y HEMOFILTRACIÓN,B05Z - SOLUCIONES PARA HEMODIÁLISIS Y HEMOFILTRACIÓN
901,B05ZA,B05ZA,B05ZA - Concentrados para hemodiálisis,B05ZA - Concentrados para hemodiálisis
902,B05ZB,B05ZB,B05ZB - Hemofiltrados,B05ZB - Hemofiltrados
903,B06,B06,B06 - OTROS AGENTES HEMATOLÓGICOS,B06 - OTROS AGENTES HEMATOLÓGICOS
904,B06A,B06A,B06A - OTROS AGENTES HEMATOLÓGICOS,B06A - OTROS AGENTES HEMATOLÓGICOS
905,B06AA,B06AA,B06AA - Enzimas,B06AA - Enzimas
906,B06AA02,B06AA02,B06AA02 - Fibrinolisina y desoxirribonucleasa,B06AA02 - Fibrinolisina y desoxirribonucleasa
907,B06AA03,B06AA03,B06AA03 - Hialuronidasa,B06AA03 - Hialuronidasa
908,B06AA04,B06AA04,B06AA04 - Quimotripsina,B06AA04 - Quimotripsina
909,B06AA07,B06AA07,B06AA07 - Tripsina,B06AA07 - Tripsina
910,B06AA10,B06AA10,B06AA10 - Desoxirribunucleasa,B06AA10 - Desoxirribunucleasa
911,B06AA11,B06AA11,B06AA11 - Bromelaina,B06AA11 - Bromelaina
912,B06AA55,B06AA55,"B06AA55 - Estreptoquinasa, combinaciones con","B06AA55 - Estreptoquinasa, combinaciones con"
913,B06AB,B06AB,B06AB - Otros productos con grupo hemo,B06AB - Otros productos con grupo hemo
914,B06AB01,B06AB01,B06AB01 - Hematina,B06AB01 - Hematina
915,C,C,C - SISTEMA CARDIOVASCULAR,C - SISTEMA CARDIOVASCULAR
916,C01,C01,C01 - TERAPIA CARDÍACA,C01 - TERAPIA CARDÍACA
917,C01A,C01A,C01A - GLUCÓSIDOS CARDÍACOS,C01A - GLUCÓSIDOS CARDÍACOS
918,C01AA,C01AA,C01AA - Glucósidos digitálicos,C01AA - Glucósidos digitálicos
919,C01AA01,C01AA01,C01AA01 - Acetildigitoxina,C01AA01 - Acetildigitoxina
920,C01AA02,C01AA02,C01AA02 - Acetildigoxina,C01AA02 - Acetildigoxina
921,C01AA03,C01AA03,"C01AA03 - Digital, hojas de","C01AA03 - Digital, hojas de"
922,C01AA04,C01AA04,C01AA04 - Digitoxina,C01AA04 - Digitoxina
923,C01AA05,C01AA05,C01AA05 - Digoxina,C01AA05 - Digoxina
924,C01AA06,C01AA06,C01AA06 - Lanatósido C,C01AA06 - Lanatósido C
925,C01AA07,C01AA07,C01AA07 - Deslanósido,C01AA07 - Deslanósido
926,C01AA08,C01AA08,C01AA08 - Metildigoxina,C01AA08 - Metildigoxina
927,C01AA09,C01AA09,C01AA09 - Gitoformato,C01AA09 - Gitoformato
928,C01AA52,C01AA52,"C01AA52 - Acetildigoxina, combinaciones con","C01AA52 - Acetildigoxina, combinaciones con"
929,C01AB,C01AB,C01AB - Glucósidos de la escila,C01AB - Glucósidos de la escila
930,C01AB01,C01AB01,C01AB01 - Proscilaridina,C01AB01 - Proscilaridina
931,C01AB51,C01AB51,"C01AB51 - Proscilaridina, combinaciones con","C01AB51 - Proscilaridina, combinaciones con"
932,C01AC,C01AC,C01AC - Glucósidos del estrofanto,C01AC - Glucósidos del estrofanto
933,C01AC01,C01AC01,C01AC01 - Ouabaina,C01AC01 - Ouabaina
934,C01AC03,C01AC03,C01AC03 - Cimarina,C01AC03 - Cimarina
935,C01AX,C01AX,C01AX - Otros glucósidos cardíacos,C01AX - Otros glucósidos cardíacos
936,C01AX02,C01AX02,C01AX02 - Peruvósido,C01AX02 - Peruvósido
937,C01B,C01B,C01B - ANTIARRÍTMICOS DE CLASE I Y III,C01B - ANTIARRÍTMICOS DE CLASE I Y III
938,C01BA,C01BA,C01BA - Antiarrítmicos de clase Ia,C01BA - Antiarrítmicos de clase Ia
939,C01BA01,C01BA01,C01BA01 - Quinidina,C01BA01 - Quinidina
940,C01BA02,C01BA02,C01BA02 - Procainamida,C01BA02 - Procainamida
941,C01BA03,C01BA03,C01BA03 - Disopiramida,C01BA03 - Disopiramida
942,C01BA04,C01BA04,C01BA04 - Esparteína,C01BA04 - Esparteína
943,C01BA05,C01BA05,C01BA05 - Ajmalina,C01BA05 - Ajmalina
944,C01BA08,C01BA08,C01BA08 - Prajmalina,C01BA08 - Prajmalina
945,C01BA12,C01BA12,C01BA12 - Lorajmina,C01BA12 - Lorajmina
946,C01BA51,C01BA51,"C01BA51 - Quinidina, combinaciones excluyendo psicolépticos","C01BA51 - Quinidina, combinaciones excluyendo psicolépticos"
947,C01BA71,C01BA71,"C01BA71 - Quinidina, combinaciones con psicolépticos","C01BA71 - Quinidina, combinaciones con psicolépticos"
948,C01BB,C01BB,C01BB - Antiarrítmicos de clase Ib,C01BB - Antiarrítmicos de clase Ib
949,C01BB01,C01BB01,C01BB01 - Lidocaína,C01BB01 - Lidocaína
950,C01BB02,C01BB02,C01BB02 - Mexiletina,C01BB02 - Mexiletina
951,C01BB03,C01BB03,C01BB03 - Tocainida,C01BB03 - Tocainida
952,C01BB04,C01BB04,C01BB04 - Aprindina,C01BB04 - Aprindina
953,C01BC,C01BC,C01BC - Antiarrítmicos de clase Ic,C01BC - Antiarrítmicos de clase Ic
954,C01BC03,C01BC03,C01BC03 - Propafenona,C01BC03 - Propafenona
955,C01BC04,C01BC04,C01BC04 - Flecainida,C01BC04 - Flecainida
956,C01BC07,C01BC07,C01BC07 - Lorcainida,C01BC07 - Lorcainida
957,C01BC08,C01BC08,C01BC08 - Encainida,C01BC08 - Encainida
958,C01BD,C01BD,C01BD - Antiarrítmicos de clase III,C01BD - Antiarrítmicos de clase III
959,C01BD01,C01BD01,C01BD01 - Amiodarona,C01BD01 - Amiodarona
960,C01BD02,C01BD02,"C01BD02 - Bretilio, tosilato de","C01BD02 - Bretilio, tosilato de"
961,C01BD03,C01BD03,C01BD03 - Bunaftina,C01BD03 - Bunaftina
962,C01BD04,C01BD04,C01BD04 - Dofetilida,C01BD04 - Dofetilida
963,C01BD05,C01BD05,C01BD05 - Ibutilida,C01BD05 - Ibutilida
964,C01BG,C01BG,C01BG - Otros antiarrítmicos de clase I y III,C01BG - Otros antiarrítmicos de clase I y III
965,C01BG01,C01BG01,C01BG01 - Moracizina,C01BG01 - Moracizina
966,C01BG07,C01BG07,C01BG07 - Cibenzolina,C01BG07 - Cibenzolina
967,C01C,C01C,C01C - ESTIMULANTES CARDÍACOS EXCLUYENDO GLUCÓSIDOS CARDÍACOS,C01C - ESTIMULANTES CARDÍACOS EXCLUYENDO GLUCÓSIDOS CARDÍACOS
968,C01CA,C01CA,C01CA - Agentes adrenérgicos y dopaminérgicos,C01CA - Agentes adrenérgicos y dopaminérgicos
969,C01CA01,C01CA01,C01CA01 - Etilefrina,C01CA01 - Etilefrina
970,C01CA02,C01CA02,C01CA02 - Isoprenalina,C01CA02 - Isoprenalina
971,C01CA03,C01CA03,C01CA03 - Norepinefrina,C01CA03 - Norepinefrina
972,C01CA04,C01CA04,C01CA04 - Dopamina,C01CA04 - Dopamina
973,C01CA05,C01CA05,C01CA05 - Norfenefrina,C01CA05 - Norfenefrina
974,C01CA06,C01CA06,C01CA06 - Fenilefrina,C01CA06 - Fenilefrina
975,C01CA07,C01CA07,C01CA07 - Dobutamina,C01CA07 - Dobutamina
976,C01CA08,C01CA08,C01CA08 - Oxedrina,C01CA08 - Oxedrina
977,C01CA09,C01CA09,C01CA09 - Metaraminol,C01CA09 - Metaraminol
978,C01CA10,C01CA10,C01CA10 - Metoxamina,C01CA10 - Metoxamina
979,C01CA11,C01CA11,C01CA11 - Mefentermina,C01CA11 - Mefentermina
980,C01CA12,C01CA12,C01CA12 - Dimetofrina,C01CA12 - Dimetofrina
981,C01CA13,C01CA13,C01CA13 - Prenalterol,C01CA13 - Prenalterol
982,C01CA14,C01CA14,C01CA14 - Dopexamina,C01CA14 - Dopexamina
983,C01CA15,C01CA15,C01CA15 - Gepefrina,C01CA15 - Gepefrina
984,C01CA16,C01CA16,C01CA16 - Ibopamina,C01CA16 - Ibopamina
985,C01CA17,C01CA17,C01CA17 - Midodrina,C01CA17 - Midodrina
986,C01CA18,C01CA18,C01CA18 - Octopamina,C01CA18 - Octopamina
987,C01CA19,C01CA19,C01CA19 - Fenoldopam,C01CA19 - Fenoldopam
988,C01CA21,C01CA21,C01CA21 - Cafedrina,C01CA21 - Cafedrina
989,C01CA22,C01CA22,C01CA22 - Arbutamina,C01CA22 - Arbutamina
990,C01CA23,C01CA23,C01CA23 - Teodrenalina,C01CA23 - Teodrenalina
991,C01CA24,C01CA24,C01CA24 - Epinefrina,C01CA24 - Epinefrina
992,C01CA30,C01CA30,C01CA30 - Combinaciones,C01CA30 - Combinaciones
993,C01CA51,C01CA51,"C01CA51 - Etilefrina, combinaciones con","C01CA51 - Etilefrina, combinaciones con"
994,C01CE,C01CE,C01CE - Inhibidores de la fosfodiesterasa,C01CE - Inhibidores de la fosfodiesterasa
995,C01CE01,C01CE01,C01CE01 - Amrinona,C01CE01 - Amrinona
996,C01CE02,C01CE02,C01CE02 - Milrinona,C01CE02 - Milrinona
997,C01CE03,C01CE03,C01CE03 - Enoximona,C01CE03 - Enoximona
998,C01CE04,C01CE04,C01CE04 - Bucladesina,C01CE04 - Bucladesina
999,C01CX,C01CX,C01CX - Otros estimulantes cardíacos,C01CX - Otros estimulantes cardíacos
1000,C01CX06,C01CX06,C01CX06 - Angiotensinamida,C01CX06 - Angiotensinamida
1001,C01CX07,C01CX07,C01CX07 - Xamoterol,C01CX07 - Xamoterol
1002,C01CX08,C01CX08,C01CX08 - Levosimendán,C01CX08 - Levosimendán
1003,C01D,C01D,C01D - VASODILATADORES USADOS EN ENFERMEDADES CARDÍACAS,C01D - VASODILATADORES USADOS EN ENFERMEDADES CARDÍACAS
1004,C01DA,C01DA,C01DA - Nitratos orgánicos,C01DA - Nitratos orgánicos
1005,C01DA02,C01DA02,C01DA02 - Trinitrato de glicerilo,C01DA02 - Trinitrato de glicerilo
1006,C01DA04,C01DA04,C01DA04 - Dinitrato de metilpropilpropanodiol,C01DA04 - Dinitrato de metilpropilpropanodiol
1007,C01DA05,C01DA05,C01DA05 - Tetranitrato de pentaeritritilo,C01DA05 - Tetranitrato de pentaeritritilo
1008,C01DA07,C01DA07,C01DA07 - Propatilnitrato,C01DA07 - Propatilnitrato
1009,C01DA08,C01DA08,C01DA08 - Dinitrato de isosorbida,C01DA08 - Dinitrato de isosorbida
1010,C01DA09,C01DA09,C01DA09 - Trolnitrato,C01DA09 - Trolnitrato
1011,C01DA13,C01DA13,C01DA13 - Tetranitrato de eritritilo,C01DA13 - Tetranitrato de eritritilo
1012,C01DA14,C01DA14,C01DA14 - Mononitrato de isosorbida,C01DA14 - Mononitrato de isosorbida
1013,C01DA20,C01DA20,C01DA20 - Nitratos orgánicos en combinación,C01DA20 - Nitratos orgánicos en combinación
1014,C01DA38,C01DA38,C01DA38 - Tenitramina,C01DA38 - Tenitramina
1015,C01DA52,C01DA52,"C01DA52 - Trinitrato de glicerilo, combinaciones con","C01DA52 - Trinitrato de glicerilo, combinaciones con"
1016,C01DA54,C01DA54,"C01DA54 - Dinitrato de metilpropilpropanodiol, combinaciones con","C01DA54 - Dinitrato de metilpropilpropanodiol, combinaciones con"
1017,C01DA55,C01DA55,"C01DA55 - Tetranitrato de pentaeritritilo, combinaciones con","C01DA55 - Tetranitrato de pentaeritritilo, combinaciones con"
1018,C01DA57,C01DA57,"C01DA57 - Propatilnitrato, combinaciones con","C01DA57 - Propatilnitrato, combinaciones con"
1019,C01DA58,C01DA58,"C01DA58 - Dinitrato de isosorbida, combinaciones con","C01DA58 - Dinitrato de isosorbida, combinaciones con"
1020,C01DA59,C01DA59,"C01DA59 - Trolnitrato, combinaciones con","C01DA59 - Trolnitrato, combinaciones con"
1021,C01DA63,C01DA63,"C01DA63 - Tetranitrato de eritritilo, combinaciones con","C01DA63 - Tetranitrato de eritritilo, combinaciones con"
1022,C01DA70,C01DA70,C01DA70 - Nitratos orgánicos en combinación con psicolépticos,C01DA70 - Nitratos orgánicos en combinación con psicolépticos
1023,C01DB,C01DB,C01DB - Vasodilatadores de tipo quinolona,C01DB - Vasodilatadores de tipo quinolona
1024,C01DB01,C01DB01,C01DB01 - Flosequinán,C01DB01 - Flosequinán
1025,C01DX,C01DX,C01DX - Otros vasodilatadores usados en enfermedades cardíacas,C01DX - Otros vasodilatadores usados en enfermedades cardíacas
1026,C01DX01,C01DX01,"C01DX01 - Itramina, tosilato de","C01DX01 - Itramina, tosilato de"
1027,C01DX02,C01DX02,C01DX02 - Prenilamina,C01DX02 - Prenilamina
1028,C01DX03,C01DX03,C01DX03 - Oxifedrina,C01DX03 - Oxifedrina
1029,C01DX04,C01DX04,C01DX04 - Benciodarona,C01DX04 - Benciodarona
1030,C01DX05,C01DX05,C01DX05 - Carbocromeno,C01DX05 - Carbocromeno
1031,C01DX06,C01DX06,C01DX06 - Hexobendina,C01DX06 - Hexobendina
1032,C01DX07,C01DX07,C01DX07 - Etafenona,C01DX07 - Etafenona
1033,C01DX08,C01DX08,C01DX08 - Heptaminol,C01DX08 - Heptaminol
1034,C01DX09,C01DX09,C01DX09 - Imolamina,C01DX09 - Imolamina
1035,C01DX10,C01DX10,C01DX10 - Dilazep,C01DX10 - Dilazep
1036,C01DX11,C01DX11,C01DX11 - Trapidil,C01DX11 - Trapidil
1037,C01DX12,C01DX12,C01DX12 - Molsidomina,C01DX12 - Molsidomina
1038,C01DX13,C01DX13,C01DX13 - Efloxato,C01DX13 - Efloxato
1039,C01DX14,C01DX14,C01DX14 - Cinepazet,C01DX14 - Cinepazet
1040,C01DX15,C01DX15,C01DX15 - Cloridarol,C01DX15 - Cloridarol
1041,C01DX16,C01DX16,C01DX16 - Nicorandil,C01DX16 - Nicorandil
1042,C01DX18,C01DX18,C01DX18 - Linsidomina,C01DX18 - Linsidomina
1043,C01DX51,C01DX51,"C01DX51 - Itramina, tosilato de, combinaciones con","C01DX51 - Itramina, tosilato de, combinaciones con"
1044,C01DX52,C01DX52,"C01DX52 - Prenilamina, combinaciones con","C01DX52 - Prenilamina, combinaciones con"
1045,C01DX53,C01DX53,"C01DX53 - Oxifedrina, combinaciones con","C01DX53 - Oxifedrina, combinaciones con"
1046,C01DX54,C01DX54,"C01DX54 - Benziodarona, combinaciones con","C01DX54 - Benziodarona, combinaciones con"
1047,C01E,C01E,C01E - OTROS PREPARADOS PARA EL CORAZÓN,C01E - OTROS PREPARADOS PARA EL CORAZÓN
1048,C01EA,C01EA,C01EA - Prostaglandinas,C01EA - Prostaglandinas
1049,C01EA01,C01EA01,C01EA01 - Alprostadil,C01EA01 - Alprostadil
1050,C01EB,C01EB,C01EB - Otros preparados para el corazón,C01EB - Otros preparados para el corazón
1051,C01EB02,C01EB02,C01EB02 - Alcanfor,C01EB02 - Alcanfor
1052,C01EB03,C01EB03,C01EB03 - Indometacina,C01EB03 - Indometacina
1053,C01EB04,C01EB04,"C01EB04 - Crataegus, glucósidos del","C01EB04 - Crataegus, glucósidos del"
1054,C01EB05,C01EB05,C01EB05 - Creatinolfosfato,C01EB05 - Creatinolfosfato
1055,C01EB06,C01EB06,C01EB06 - Fosfocreatinina,C01EB06 - Fosfocreatinina
1056,C01EB07,C01EB07,"C01EB07 - Fructosa 1,6-difosfato","C01EB07 - Fructosa 1,6-difosfato"
1057,C01EB09,C01EB09,C01EB09 - Ubidecarenona,C01EB09 - Ubidecarenona
1058,C01EB10,C01EB10,C01EB10 - Adenosina,C01EB10 - Adenosina
1059,C01EB11,C01EB11,C01EB11 - Tiracizina,C01EB11 - Tiracizina
1060,C01EB12,C01EB12,C01EB12 - Tedisamil,C01EB12 - Tedisamil
1061,C01EB13,C01EB13,C01EB13 - Acadesina,C01EB13 - Acadesina
1062,C01EB15,C01EB15,C01EB15 - Trimetazidina,C01EB15 - Trimetazidina
1063,C01EX,C01EX,C01EX - Combinaciones de otros productos para el corazón,C01EX - Combinaciones de otros productos para el corazón
1064,C02,C02,C02 - ANTIHIPERTENSIVOS,C02 - ANTIHIPERTENSIVOS
1065,C02A,C02A,C02A - AGENTES ANTIADRENÉRGICOS DE ACCIÓN CENTRAL,C02A - AGENTES ANTIADRENÉRGICOS DE ACCIÓN CENTRAL
1066,C02AA,C02AA,C02AA - Alcaloides de la rauwolfia,C02AA - Alcaloides de la rauwolfia
1067,C02AA01,C02AA01,C02AA01 - Rescinamina,C02AA01 - Rescinamina
1068,C02AA02,C02AA02,C02AA02 - Reserpina,C02AA02 - Reserpina
1069,C02AA03,C02AA03,"C02AA03 - Alcaloides de la rauwolfia, combinaciones de","C02AA03 - Alcaloides de la rauwolfia, combinaciones de"
1070,C02AA04,C02AA04,"C02AA04 - Alcaloides de la rauwolfia, raíz entera de","C02AA04 - Alcaloides de la rauwolfia, raíz entera de"
1071,C02AA05,C02AA05,C02AA05 - Deserpidina,C02AA05 - Deserpidina
1072,C02AA06,C02AA06,C02AA06 - Metoserpidina,C02AA06 - Metoserpidina
1073,C02AA07,C02AA07,C02AA07 - Bietaserpina,C02AA07 - Bietaserpina
1074,C02AA52,C02AA52,"C02AA52 - Reserpina, combinaciones con","C02AA52 - Reserpina, combinaciones con"
1075,C02AA53,C02AA53,"C02AA53 - Combinaciones de alcaloides de la rauwolfia, combinaciones con","C02AA53 - Combinaciones de alcaloides de la rauwolfia, combinaciones con"
1076,C02AA57,C02AA57,"C02AA57 - Bietaserpina, combinaciones con","C02AA57 - Bietaserpina, combinaciones con"
1077,C02AB,C02AB,C02AB - Metildopa,C02AB - Metildopa
1078,C02AB01,C02AB01,C02AB01 - Metildopa (levógira),C02AB01 - Metildopa (levógira)
1079,C02AB02,C02AB02,C02AB02 - Metildopa (racémica),C02AB02 - Metildopa (racémica)
1080,C02AC,C02AC,C02AC - Agonistas del receptor de imidazolina,C02AC - Agonistas del receptor de imidazolina
1081,C02AC01,C02AC01,C02AC01 - Clonidina,C02AC01 - Clonidina
1082,C02AC02,C02AC02,C02AC02 - Guanfacina,C02AC02 - Guanfacina
1083,C02AC04,C02AC04,C02AC04 - Tolonidina,C02AC04 - Tolonidina
1084,C02AC05,C02AC05,C02AC05 - Moxonidina,C02AC05 - Moxonidina
1085,C02AC06,C02AC06,C02AC06 - Rilmenidina,C02AC06 - Rilmenidina
1086,C02B,C02B,C02B - AGENTES ANTIADRENÉRGICOS POR BLOQUEO GANGLIONAR,C02B - AGENTES ANTIADRENÉRGICOS POR BLOQUEO GANGLIONAR
1087,C02BA,C02BA,C02BA - Derivados del sulfonio,C02BA - Derivados del sulfonio
1088,C02BA01,C02BA01,C02BA01 - Trimetafán,C02BA01 - Trimetafán
1089,C02BB,C02BB,C02BB - Aminas secundarias y terciarias,C02BB - Aminas secundarias y terciarias
1090,C02BB01,C02BB01,C02BB01 - Mecamilamina,C02BB01 - Mecamilamina
1091,C02BC,C02BC,C02BC - Compuestos de amonio bicuaternario,C02BC - Compuestos de amonio bicuaternario
1092,C02C,C02C,C02C - AGENTES ANTIADRENÉRGICOS DE ACCIÓN PERIFÉRICA,C02C - AGENTES ANTIADRENÉRGICOS DE ACCIÓN PERIFÉRICA
1093,C02CA,C02CA,C02CA - Antagonistas de receptores alfa-adrenérgicos,C02CA - Antagonistas de receptores alfa-adrenérgicos
1094,C02CA01,C02CA01,C02CA01 - Prazosina,C02CA01 - Prazosina
1095,C02CA02,C02CA02,C02CA02 - Indoramina,C02CA02 - Indoramina
1096,C02CA03,C02CA03,C02CA03 - Trimazosina,C02CA03 - Trimazosina
1097,C02CA04,C02CA04,C02CA04 - Doxazosina,C02CA04 - Doxazosina
1098,C02CA06,C02CA06,C02CA06 - Urapidil,C02CA06 - Urapidil
1099,C02CC,C02CC,C02CC - Derivados de la guanidina,C02CC - Derivados de la guanidina
1100,C02CC01,C02CC01,C02CC01 - Betanidina,C02CC01 - Betanidina
1101,C02CC02,C02CC02,C02CC02 - Guanetidina,C02CC02 - Guanetidina
1102,C02CC03,C02CC03,C02CC03 - Guanoxano,C02CC03 - Guanoxano
1103,C02CC04,C02CC04,C02CC04 - Debrisoquina,C02CC04 - Debrisoquina
1104,C02CC05,C02CC05,C02CC05 - Guanocloro,C02CC05 - Guanocloro
1105,C02CC06,C02CC06,C02CC06 - Guanazodina,C02CC06 - Guanazodina
1106,C02CC07,C02CC07,C02CC07 - Guanoxabenzo,C02CC07 - Guanoxabenzo
1107,C02D,C02D,C02D - AGENTES QUE ACTÚAN SOBRE EL MÚSCULO LISO ARTERIOLAR,C02D - AGENTES QUE ACTÚAN SOBRE EL MÚSCULO LISO ARTERIOLAR
1108,C02DA,C02DA,C02DA - Derivados tiazídicos,C02DA - Derivados tiazídicos
1109,C02DA01,C02DA01,C02DA01 - Diazóxido,C02DA01 - Diazóxido
1110,C02DB,C02DB,C02DB - Derivados de la hidrazinoftalazina,C02DB - Derivados de la hidrazinoftalazina
1111,C02DB01,C02DB01,C02DB01 - Dihidralazina,C02DB01 - Dihidralazina
1112,C02DB02,C02DB02,C02DB02 - Hidralazina,C02DB02 - Hidralazina
1113,C02DB03,C02DB03,C02DB03 - Endralazina,C02DB03 - Endralazina
1114,C02DB04,C02DB04,C02DB04 - Cadralazina,C02DB04 - Cadralazina
1115,C02DC,C02DC,C02DC - Derivados de la pirimidina,C02DC - Derivados de la pirimidina
1116,C02DC01,C02DC01,C02DC01 - Minoxidil,C02DC01 - Minoxidil
1117,C02DD,C02DD,C02DD - Derivados del nitroferricianuro,C02DD - Derivados del nitroferricianuro
1118,C02DD01,C02DD01,C02DD01 - Nitroprusiato,C02DD01 - Nitroprusiato
1119,C02DG,C02DG,C02DG - Derivados de la guanidina,C02DG - Derivados de la guanidina
1120,C02DG01,C02DG01,C02DG01 - Pinacidil,C02DG01 - Pinacidil
1121,C02K,C02K,C02K - OTROS ANTIHIPERTENSIVOS,C02K - OTROS ANTIHIPERTENSIVOS
1122,C02KA,C02KA,"C02KA - Alcaloides, excluyendo los de la rauwolfia","C02KA - Alcaloides, excluyendo los de la rauwolfia"
1123,C02KA01,C02KA01,C02KA01 - Veratro,C02KA01 - Veratro
1124,C02KB,C02KB,C02KB - Inhibidores de la tirosina hidroxilasa,C02KB - Inhibidores de la tirosina hidroxilasa
1125,C02KB01,C02KB01,C02KB01 - Metirosina,C02KB01 - Metirosina
1126,C02KC,C02KC,C02KC - Inhibidores de la MAO,C02KC - Inhibidores de la MAO
1127,C02KC01,C02KC01,C02KC01 - Pargilina,C02KC01 - Pargilina
1128,C02KD,C02KD,C02KD - Antagonistas de la serotonina,C02KD - Antagonistas de la serotonina
1129,C02KD01,C02KD01,C02KD01 - Ketanserina,C02KD01 - Ketanserina
1130,C02L,C02L,C02L - ANTIHIPERTENSIVOS Y DIURÉTICOS EN COMBINACIÓN,C02L - ANTIHIPERTENSIVOS Y DIURÉTICOS EN COMBINACIÓN
1131,C02LA,C02LA,C02LA - Alcaloides de la rauwolfia y diuréticos en combinación,C02LA - Alcaloides de la rauwolfia y diuréticos en combinación
1132,C02LA01,C02LA01,C02LA01 - Reserpina y diuréticos,C02LA01 - Reserpina y diuréticos
1133,C02LA02,C02LA02,C02LA02 - Rescinamina y diuréticos,C02LA02 - Rescinamina y diuréticos
1134,C02LA03,C02LA03,C02LA03 - Deserpidina y diuréticos,C02LA03 - Deserpidina y diuréticos
1135,C02LA04,C02LA04,C02LA04 - Metoserpidina y diuréticos,C02LA04 - Metoserpidina y diuréticos
1136,C02LA07,C02LA07,C02LA07 - Bietaserpina y diuréticos,C02LA07 - Bietaserpina y diuréticos
1137,C02LA08,C02LA08,"C02LA08 - Rauwolfia, alcaloides de raíz entera, y diuréticos","C02LA08 - Rauwolfia, alcaloides de raíz entera, y diuréticos"
1138,C02LA09,C02LA09,C02LA09 - Sirosingopina y diuréticos,C02LA09 - Sirosingopina y diuréticos
1139,C02LA50,C02LA50,"C02LA50 - Combinación de alcaloides de la rauwolfia y diuréticos, incluyendo otras combinaciones","C02LA50 - Combinación de alcaloides de la rauwolfia y diuréticos, incluyendo otras combinaciones"
1140,C02LA51,C02LA51,"C02LA51 - Reserpina y diuréticos, combinaciones con otras farmacos","C02LA51 - Reserpina y diuréticos, combinaciones con otras farmacos"
1141,C02LA52,C02LA52,"C02LA52 - Rescinamina y diuréticos, combinaciones con otras farmacos","C02LA52 - Rescinamina y diuréticos, combinaciones con otras farmacos"
1142,C02LA71,C02LA71,"C02LA71 - Reserpina y diuréticos, combinaciones con psicolépticos","C02LA71 - Reserpina y diuréticos, combinaciones con psicolépticos"
1143,C02LB,C02LB,C02LB - Metildopa y diuréticos en combinación,C02LB - Metildopa y diuréticos en combinación
1144,C02LB01,C02LB01,C02LB01 - Metildopa (levógira) y diuréticos,C02LB01 - Metildopa (levógira) y diuréticos
1145,C02LC,C02LC,C02LC - Agonistas del receptor de imidazolina y diuréticos en combinación,C02LC - Agonistas del receptor de imidazolina y diuréticos en combinación
1146,C02LC01,C02LC01,C02LC01 - Clonidina y diuréticos,C02LC01 - Clonidina y diuréticos
1147,C02LC51,C02LC51,"C02LC51 - Clonidina y diuréticos, combinaciones con otras farmacos","C02LC51 - Clonidina y diuréticos, combinaciones con otras farmacos"
1148,C02LE,C02LE,C02LE - Antagonistas alfa- adrenérgicos y diuréticos,C02LE - Antagonistas alfa- adrenérgicos y diuréticos
1149,C02LE01,C02LE01,C02LE01 - Prazosina y diuréticos,C02LE01 - Prazosina y diuréticos
1150,C02LF,C02LF,C02LF - Derivados de la guanidina y diuréticos,C02LF - Derivados de la guanidina y diuréticos
1151,C02LF01,C02LF01,C02LF01 - Guanetidina y diuréticos,C02LF01 - Guanetidina y diuréticos
1152,C02LG,C02LG,C02LG - Derivados de la hidrazinoftalazina y diuréticos,C02LG - Derivados de la hidrazinoftalazina y diuréticos
1153,C02LG01,C02LG01,C02LG01 - Dihidralazina y diuréticos,C02LG01 - Dihidralazina y diuréticos
1154,C02LG02,C02LG02,C02LG02 - Hidralazina y diuréticos,C02LG02 - Hidralazina y diuréticos
1155,C02LG03,C02LG03,C02LG03 - Picodralazina y diuréticos,C02LG03 - Picodralazina y diuréticos
1156,C02LG51,C02LG51,"C02LG51 - Dihidralazina y diuréticos, combinaciones con otras farmacos","C02LG51 - Dihidralazina y diuréticos, combinaciones con otras farmacos"
1157,C02LG73,C02LG73,"C02LG73 - Picodralazina y diuréticos, combinaciones con psicolépticos","C02LG73 - Picodralazina y diuréticos, combinaciones con psicolépticos"
1158,C02LK,C02LK,"C02LK - Alcaloides, excluyendo los de la rauwolfia, en combinación con diuréticos","C02LK - Alcaloides, excluyendo los de la rauwolfia, en combinación con diuréticos"
1159,C02LK01,C02LK01,C02LK01 - Veratro y diuréticos,C02LK01 - Veratro y diuréticos
1160,C02LL,C02LL,C02LL - Inhibidores de la MAO y diuréticos,C02LL - Inhibidores de la MAO y diuréticos
1161,C02LL01,C02LL01,C02LL01 - Pargilina y diuréticos,C02LL01 - Pargilina y diuréticos
1162,C02LN,C02LN,C02LN - Antagonistas de serotonina y diuréticos,C02LN - Antagonistas de serotonina y diuréticos
1163,C02LX,C02LX,C02LX - Otros antihipertensivos y diuréticos,C02LX - Otros antihipertensivos y diuréticos
1164,C02LX01,C02LX01,C02LX01 - Pinacidil y diuréticos,C02LX01 - Pinacidil y diuréticos
1165,C02N,C02N,C02N - COMBINACIONES DE ANTIHIPERTENSIVOS DEL GRUPO C02 DE ATC,C02N - COMBINACIONES DE ANTIHIPERTENSIVOS DEL GRUPO C02 DE ATC
1166,C03,C03,C03 - DIURÉTICOS,C03 - DIURÉTICOS
1167,C03A,C03A,C03A - DIURÉTICOS DE TECHO BAJO: TIAZIDAS,C03A - DIURÉTICOS DE TECHO BAJO: TIAZIDAS
1168,C03AA,C03AA,"C03AA - Tiazidas, monofármacos","C03AA - Tiazidas, monofármacos"
1169,C03AA01,C03AA01,C03AA01 - Bendroflumetiazida,C03AA01 - Bendroflumetiazida
1170,C03AA02,C03AA02,C03AA02 - Hidroflumetiazida,C03AA02 - Hidroflumetiazida
1171,C03AA03,C03AA03,C03AA03 - Hidroclorotiazida,C03AA03 - Hidroclorotiazida
1172,C03AA04,C03AA04,C03AA04 - Clorotiazida,C03AA04 - Clorotiazida
1173,C03AA05,C03AA05,C03AA05 - Politiazida,C03AA05 - Politiazida
1174,C03AA06,C03AA06,C03AA06 - Triclormetiazida,C03AA06 - Triclormetiazida
1175,C03AA07,C03AA07,C03AA07 - Ciclopentiazida,C03AA07 - Ciclopentiazida
1176,C03AA08,C03AA08,C03AA08 - Meticlotiazida,C03AA08 - Meticlotiazida
1177,C03AA09,C03AA09,C03AA09 - Ciclotiazida,C03AA09 - Ciclotiazida
1178,C03AA13,C03AA13,C03AA13 - Mebutizida,C03AA13 - Mebutizida
1179,C03AB,C03AB,C03AB - Tiazidas y potasio en combinación,C03AB - Tiazidas y potasio en combinación
1180,C03AB01,C03AB01,C03AB01 - Bendroflumetiazida y potasio,C03AB01 - Bendroflumetiazida y potasio
1181,C03AB02,C03AB02,C03AB02 - Hidroflumetiazida y potasio,C03AB02 - Hidroflumetiazida y potasio
1182,C03AB03,C03AB03,C03AB03 - Hidroclorotiazida y potasio,C03AB03 - Hidroclorotiazida y potasio
1183,C03AB04,C03AB04,C03AB04 - Clorotiazida y potasio,C03AB04 - Clorotiazida y potasio
1184,C03AB05,C03AB05,C03AB05 - Politiazida y potasio,C03AB05 - Politiazida y potasio
1185,C03AB06,C03AB06,C03AB06 - Triclormetiazida y potasio,C03AB06 - Triclormetiazida y potasio
1186,C03AB07,C03AB07,C03AB07 - Ciclopentiazida y potasio,C03AB07 - Ciclopentiazida y potasio
1187,C03AB08,C03AB08,C03AB08 - Meticlotiazida y potasio,C03AB08 - Meticlotiazida y potasio
1188,C03AB09,C03AB09,C03AB09 - Ciclotiazida y potasio,C03AB09 - Ciclotiazida y potasio
1189,C03AH,C03AH,"C03AH - Tiazidas, combinaciones con psicolépticos y/o analgésicos","C03AH - Tiazidas, combinaciones con psicolépticos y/o analgésicos"
1190,C03AH01,C03AH01,"C03AH01 - Clorotiazida, combinaciones con","C03AH01 - Clorotiazida, combinaciones con"
1191,C03AH02,C03AH02,"C03AH02 - Hidroflumetiazida, combinaciones con","C03AH02 - Hidroflumetiazida, combinaciones con"
1192,C03AX,C03AX,"C03AX - Tiazidas, combinaciones con otros fármacos","C03AX - Tiazidas, combinaciones con otros fármacos"
1193,C03AX01,C03AX01,"C03AX01 - Hidroclorotiazida, combinaciones con","C03AX01 - Hidroclorotiazida, combinaciones con"
1194,C03B,C03B,"C03B - DIURÉTICOS DE TECHO BAJO, EXCLUYENDO TIAZIDAS","C03B - DIURÉTICOS DE TECHO BAJO, EXCLUYENDO TIAZIDAS"
1195,C03BA,C03BA,"C03BA - Sulfonamidas, monofármacos","C03BA - Sulfonamidas, monofármacos"
1196,C03BA02,C03BA02,C03BA02 - Quinetazona,C03BA02 - Quinetazona
1197,C03BA03,C03BA03,C03BA03 - Clopamida,C03BA03 - Clopamida
1198,C03BA04,C03BA04,C03BA04 - Clortalidona,C03BA04 - Clortalidona
1199,C03BA05,C03BA05,C03BA05 - Mefrusida,C03BA05 - Mefrusida
1200,C03BA07,C03BA07,C03BA07 - Clofenamida,C03BA07 - Clofenamida
1201,C03BA08,C03BA08,C03BA08 - Metolazona,C03BA08 - Metolazona
1202,C03BA09,C03BA09,C03BA09 - Meticrano,C03BA09 - Meticrano
1203,C03BA10,C03BA10,C03BA10 - Xipamida,C03BA10 - Xipamida
1204,C03BA11,C03BA11,C03BA11 - Indapamida,C03BA11 - Indapamida
1205,C03BA12,C03BA12,C03BA12 - Clorexolona,C03BA12 - Clorexolona
1206,C03BA13,C03BA13,C03BA13 - Fenquizona,C03BA13 - Fenquizona
1207,S01LA,S01LA,S01LA - Agentes Antineovascularización,S01LA - Agentes Antineovascularización
1208,C03BB,C03BB,"C03BB - Sulfonamidas y potasio, en combinación","C03BB - Sulfonamidas y potasio, en combinación"
1209,C03BB02,C03BB02,C03BB02 - Quinetazona y potasio,C03BB02 - Quinetazona y potasio
1210,C03BB03,C03BB03,C03BB03 - Clopamida y potasio,C03BB03 - Clopamida y potasio
1211,C03BB04,C03BB04,C03BB04 - Clortalidona y potasio,C03BB04 - Clortalidona y potasio
1212,C03BB05,C03BB05,C03BB05 - Mefrusida y potasio,C03BB05 - Mefrusida y potasio
1213,C03BB07,C03BB07,C03BB07 - Clofenamida y potasio,C03BB07 - Clofenamida y potasio
1214,C03BC,C03BC,C03BC - Diuréticos mercuriales,C03BC - Diuréticos mercuriales
1215,C03BC01,C03BC01,C03BC01 - Mersalilo,C03BC01 - Mersalilo
1216,C03BD,C03BD,C03BD - Derivados de la xantina,C03BD - Derivados de la xantina
1217,C03BD01,C03BD01,C03BD01 - Teobromina,C03BD01 - Teobromina
1218,C03BK,C03BK,C03BK - Sulfonamidas combinadas con otros fármacos,C03BK - Sulfonamidas combinadas con otros fármacos
1219,C03BX,C03BX,C03BX - Otros diuréticos de techo bajo,C03BX - Otros diuréticos de techo bajo
1220,C03BX03,C03BX03,C03BX03 - Cicletanina,C03BX03 - Cicletanina
1221,C03C,C03C,C03C - DIURÉTICOS DE TECHO ALTO,C03C - DIURÉTICOS DE TECHO ALTO
1222,C03CA,C03CA,"C03CA - Sulfonamidas, monofármacos","C03CA - Sulfonamidas, monofármacos"
1223,C03CA01,C03CA01,C03CA01 - Furosemida,C03CA01 - Furosemida
1224,C03CA02,C03CA02,C03CA02 - Bumetanida,C03CA02 - Bumetanida
1225,C03CA03,C03CA03,C03CA03 - Piretanida,C03CA03 - Piretanida
1226,C03CA04,C03CA04,C03CA04 - Torasemida,C03CA04 - Torasemida
1227,C03CB,C03CB,"C03CB - Sulfonamidas y potasio, en combinación","C03CB - Sulfonamidas y potasio, en combinación"
1228,C03CB01,C03CB01,C03CB01 - Furosemida y potasio,C03CB01 - Furosemida y potasio
1229,C03CB02,C03CB02,C03CB02 - Bumetanida y potasio,C03CB02 - Bumetanida y potasio
1230,C03CC,C03CC,C03CC - Derivados del ácido ariloxiacético,C03CC - Derivados del ácido ariloxiacético
1231,C03CC01,C03CC01,C03CC01 - Ácido etacrínico,C03CC01 - Ácido etacrínico
1232,C03CC02,C03CC02,C03CC02 - Ácido tienílico,C03CC02 - Ácido tienílico
1233,C03CD,C03CD,C03CD - Derivados de la pirazolona,C03CD - Derivados de la pirazolona
1234,C03CD01,C03CD01,C03CD01 - Muzolimina,C03CD01 - Muzolimina
1235,C03CX,C03CX,C03CX - Otros diuréticos de techo alto,C03CX - Otros diuréticos de techo alto
1236,C03CX01,C03CX01,C03CX01 - Etozolina,C03CX01 - Etozolina
1237,C03D,C03D,C03D - Antagonistas de la aldosterona y otros agentes ahorradores de potasio,C03D - Antagonistas de la aldosterona y otros agentes ahorradores de potasio
1238,C03DA,C03DA,C03DA - Antagonistas de la aldosterona,C03DA - Antagonistas de la aldosterona
1239,C03DA01,C03DA01,C03DA01 - Espironolactona,C03DA01 - Espironolactona
1240,C03DA02,C03DA02,C03DA02 - Canrenoato de potasio,C03DA02 - Canrenoato de potasio
1241,C03DA03,C03DA03,C03DA03 - Canrenona,C03DA03 - Canrenona
1242,C03DB,C03DB,C03DB - Otros agentes ahorradores de potasio,C03DB - Otros agentes ahorradores de potasio
1243,C03DB01,C03DB01,C03DB01 - Amilorida,C03DB01 - Amilorida
1244,C03DB02,C03DB02,C03DB02 - Triamtereno,C03DB02 - Triamtereno
1245,C03E,C03E,C03E - DIURÉTICOS Y AGENTES AHORRADORES DE POTASIO EN COMBINACIÓN,C03E - DIURÉTICOS Y AGENTES AHORRADORES DE POTASIO EN COMBINACIÓN
1246,C03EA,C03EA,C03EA - Diuréticos de techo bajo y agentes ahorradores de potasio,C03EA - Diuréticos de techo bajo y agentes ahorradores de potasio
1247,C03EA01,C03EA01,C03EA01 - Hidroclorotiazida y agentes ahorradores de potasio,C03EA01 - Hidroclorotiazida y agentes ahorradores de potasio
1248,C03EA02,C03EA02,C03EA02 - Triclormetiazida y agentes ahorradores de potasio,C03EA02 - Triclormetiazida y agentes ahorradores de potasio
1249,C03EA03,C03EA03,C03EA03 - Epitizida y agentes ahorradores de potasio,C03EA03 - Epitizida y agentes ahorradores de potasio
1250,C03EA04,C03EA04,C03EA04 - Altizida y agentes ahorradores de potasio,C03EA04 - Altizida y agentes ahorradores de potasio
1251,C03EA05,C03EA05,C03EA05 - Mebutizida y agentes ahorradores de potasio,C03EA05 - Mebutizida y agentes ahorradores de potasio
1252,C03EA06,C03EA06,C03EA06 - Clortalidona y agentes ahorradores de potasio,C03EA06 - Clortalidona y agentes ahorradores de potasio
1253,C03EA07,C03EA07,C03EA07 - Ciclopentiazida y agentes ahorradores de potasio,C03EA07 - Ciclopentiazida y agentes ahorradores de potasio
1254,C03EA12,C03EA12,C03EA12 - Metolazona y agentes ahorradores de potasio,C03EA12 - Metolazona y agentes ahorradores de potasio
1255,C03EA13,C03EA13,C03EA13 - Bendroflumetiazida y agentes ahorradores de potasio,C03EA13 - Bendroflumetiazida y agentes ahorradores de potasio
1256,C03EA14,C03EA14,C03EA14 - Butizida y agentes ahorradores de potasio,C03EA14 - Butizida y agentes ahorradores de potasio
1257,C03EB,C03EB,C03EB - Diuréticos de techo alto y agentes ahorradores de potasio,C03EB - Diuréticos de techo alto y agentes ahorradores de potasio
1258,C03EB01,C03EB01,C03EB01 - Furosemida y agentes ahorradores de potasio,C03EB01 - Furosemida y agentes ahorradores de potasio
1259,C03EB02,C03EB02,C03EB02 - Bumetanida y agentes ahorradores de potasio,C03EB02 - Bumetanida y agentes ahorradores de potasio
1260,C04,C04,C04 - VASODILATADORES PERIFÉRICOS,C04 - VASODILATADORES PERIFÉRICOS
1261,C04A,C04A,C04A - VASODILATADORES PERIFÉRICOS,C04A - VASODILATADORES PERIFÉRICOS
1262,C04AA,C04AA,C04AA - Derivados del 2-amino-1-feniletanol,C04AA - Derivados del 2-amino-1-feniletanol
1263,C04AA01,C04AA01,C04AA01 - Isoxsuprina,C04AA01 - Isoxsuprina
1264,C04AA02,C04AA02,C04AA02 - Bufenina,C04AA02 - Bufenina
1265,C04AA31,C04AA31,C04AA31 - Bametán,C04AA31 - Bametán
1266,C04AB,C04AB,C04AB - Derivados de la imizadolina,C04AB - Derivados de la imizadolina
1267,C04AB01,C04AB01,C04AB01 - Fentolamina,C04AB01 - Fentolamina
1268,C04AB02,C04AB02,C04AB02 - Tolazolina,C04AB02 - Tolazolina
1269,C04AC,C04AC,C04AC - Ácido nicotínico y derivados,C04AC - Ácido nicotínico y derivados
1270,C04AC01,C04AC01,C04AC01 - Ácido nicotínico,C04AC01 - Ácido nicotínico
1271,C04AC02,C04AC02,"C04AC02 - Nicotinilo, alcohol (piridilcarbinol)","C04AC02 - Nicotinilo, alcohol (piridilcarbinol)"
1272,C04AC03,C04AC03,C04AC03 - Nicotinato de inositol,C04AC03 - Nicotinato de inositol
1273,C04AC07,C04AC07,C04AC07 - Ciclonicato,C04AC07 - Ciclonicato
1274,C04AD,C04AD,C04AD - Derivados de la purina,C04AD - Derivados de la purina
1275,C04AD01,C04AD01,C04AD01 - Pentifilina,C04AD01 - Pentifilina
1276,C04AD02,C04AD02,C04AD02 - Nicotinato de xantinol,C04AD02 - Nicotinato de xantinol
1277,C04AD03,C04AD03,C04AD03 - Pentoxifilina,C04AD03 - Pentoxifilina
1278,C04AD04,C04AD04,C04AD04 - Etofilina,C04AD04 - Etofilina
1279,C04AE,C04AE,C04AE - Alcaloides del ergot,C04AE - Alcaloides del ergot
1280,C04AE01,C04AE01,C04AE01 - Ergoloides mesilatos,C04AE01 - Ergoloides mesilatos
1281,C04AE02,C04AE02,C04AE02 - Nicergolina,C04AE02 - Nicergolina
1282,C04AE04,C04AE04,C04AE04 - Dihidroergocristina,C04AE04 - Dihidroergocristina
1283,C04AE51,C04AE51,"C04AE51 - Ergoloides mesilatos, combinaciones con","C04AE51 - Ergoloides mesilatos, combinaciones con"
1284,C04AE54,C04AE54,"C04AE54 - Dihidroergocristina, combinaciones con","C04AE54 - Dihidroergocristina, combinaciones con"
1285,C04AF,C04AF,C04AF - Enzimas,C04AF - Enzimas
1286,C04AF01,C04AF01,C04AF01 - Kalidinogenasa,C04AF01 - Kalidinogenasa
1287,C04AX,C04AX,C04AX - Otros vasodilatadores periféricos,C04AX - Otros vasodilatadores periféricos
1288,C04AX01,C04AX01,C04AX01 - Ciclandelato,C04AX01 - Ciclandelato
1289,C04AX02,C04AX02,C04AX02 - Fenoxibenzamina,C04AX02 - Fenoxibenzamina
1290,C04AX07,C04AX07,C04AX07 - Vincamina,C04AX07 - Vincamina
1291,C04AX10,C04AX10,C04AX10 - Moxisilita,C04AX10 - Moxisilita
1292,C04AX11,C04AX11,C04AX11 - Benciclano,C04AX11 - Benciclano
1293,C04AX13,C04AX13,C04AX13 - Piribedil,C04AX13 - Piribedil
1294,C04AX17,C04AX17,C04AX17 - Vinburnina,C04AX17 - Vinburnina
1295,C04AX19,C04AX19,C04AX19 - Sulcotidil,C04AX19 - Sulcotidil
1296,C04AX20,C04AX20,C04AX20 - Buflomedil,C04AX20 - Buflomedil
1297,C04AX21,C04AX21,C04AX21 - Naftidrofurilo,C04AX21 - Naftidrofurilo
1298,C04AX23,C04AX23,C04AX23 - Butalamina,C04AX23 - Butalamina
1299,C04AX24,C04AX24,C04AX24 - Visnadina,C04AX24 - Visnadina
1300,C04AX26,C04AX26,C04AX26 - Cetiedil,C04AX26 - Cetiedil
1301,C04AX27,C04AX27,C04AX27 - Cinepazida,C04AX27 - Cinepazida
1302,C04AX28,C04AX28,C04AX28 - Ifenprodil,C04AX28 - Ifenprodil
1303,C04AX30,C04AX30,C04AX30 - Azapetina,C04AX30 - Azapetina
1304,C05,C05,C05 - VASOPROTECTORES,C05 - VASOPROTECTORES
1305,C05A,C05A,C05A - AGENTES DE USO TÓPICO PARA EL TRATAMIENTO DE HEMORROIDES Y FISURAS ANALES,C05A - AGENTES DE USO TÓPICO PARA EL TRATAMIENTO DE HEMORROIDES Y FISURAS ANALES
1306,C05AA,C05AA,C05AA - Corticosteroides,C05AA - Corticosteroides
1307,C05AA01,C05AA01,C05AA01 - Hidrocortisona,C05AA01 - Hidrocortisona
1308,C05AA04,C05AA04,C05AA04 - Prednisolona,C05AA04 - Prednisolona
1309,C05AA05,C05AA05,C05AA05 - Betametasona,C05AA05 - Betametasona
1310,C05AA06,C05AA06,C05AA06 - Fluorometolona,C05AA06 - Fluorometolona
1311,C05AA08,C05AA08,C05AA08 - Fluocortolona,C05AA08 - Fluocortolona
1312,C05AA09,C05AA09,C05AA09 - Dexametasona,C05AA09 - Dexametasona
1313,C05AA10,C05AA10,"C05AA10 - Fluocinolona, acetónido de","C05AA10 - Fluocinolona, acetónido de"
1314,C05AA11,C05AA11,C05AA11 - Fluocinónida,C05AA11 - Fluocinónida
1315,C05AB,C05AB,C05AB - Antibióticos,C05AB - Antibióticos
1316,C05AD,C05AD,C05AD - Anestésicos locales,C05AD - Anestésicos locales
1317,C05AD01,C05AD01,C05AD01 - Lidocaína,C05AD01 - Lidocaína
1318,C05AD02,C05AD02,C05AD02 - Tetracaína,C05AD02 - Tetracaína
1319,C05AD03,C05AD03,C05AD03 - Benzocaína,C05AD03 - Benzocaína
1320,C05AD04,C05AD04,C05AD04 - Cincocaína,C05AD04 - Cincocaína
1321,C05AD05,C05AD05,C05AD05 - Procaína,C05AD05 - Procaína
1322,C05AD06,C05AD06,C05AD06 - Oxetacaína,C05AD06 - Oxetacaína
1323,C05AD07,C05AD07,C05AD07 - Pramocaína,C05AD07 - Pramocaína
1324,C05AX,C05AX,C05AX - Otros agentes de uso tópico para el tratamiento de hemorroides y fisuras anales,C05AX - Otros agentes de uso tópico para el tratamiento de hemorroides y fisuras anales
1325,C05AX01,C05AX01,"C05AX01 - Aluminio, preparados de","C05AX01 - Aluminio, preparados de"
1326,C05AX02,C05AX02,"C05AX02 - Bismuto, preparados de, combinaciones con","C05AX02 - Bismuto, preparados de, combinaciones con"
1327,C05AX03,C05AX03,"C05AX03 - Otras preparaciones, combinaciones","C05AX03 - Otras preparaciones, combinaciones"
1328,C05AX04,C05AX04,"C05AX04 - Zinc, preparados con","C05AX04 - Zinc, preparados con"
1329,C05AX05,C05AX05,C05AX05 - Tribenósido,C05AX05 - Tribenósido
1330,C05B,C05B,C05B - TERAPIA ANTIVARICOSA,C05B - TERAPIA ANTIVARICOSA
1331,C05BA,C05BA,C05BA - Heparinas o heparinoides para uso tópico,C05BA - Heparinas o heparinoides para uso tópico
1332,C05BA01,C05BA01,C05BA01 - Heparinoides orgánicos,C05BA01 - Heparinoides orgánicos
1333,C05BA02,C05BA02,C05BA02 - Apolato de sodio,C05BA02 - Apolato de sodio
1334,C05BA03,C05BA03,C05BA03 - Heparina,C05BA03 - Heparina
1335,C05BA04,C05BA04,C05BA04 - Pentosán polisulfato de sodio,C05BA04 - Pentosán polisulfato de sodio
1336,C05BA51,C05BA51,"C05BA51 - Heparinoides, combinaciones con","C05BA51 - Heparinoides, combinaciones con"
1337,C05BA53,C05BA53,"C05BA53 - Heparina, combinaciones con","C05BA53 - Heparina, combinaciones con"
1338,C05BB,C05BB,C05BB - Agentes esclerosantes para inyección local,C05BB - Agentes esclerosantes para inyección local
1339,C05BB01,C05BB01,"C05BB01 - Monoetanolamina, oleato de","C05BB01 - Monoetanolamina, oleato de"
1340,C05BB02,C05BB02,C05BB02 - Polidocanol,C05BB02 - Polidocanol
1341,C05BB03,C05BB03,C05BB03 - Azúcar invertido,C05BB03 - Azúcar invertido
1342,C05BB04,C05BB04,C05BB04 - Tetradecilsulfato de sodio,C05BB04 - Tetradecilsulfato de sodio
1343,C05BB05,C05BB05,C05BB05 - Fenol,C05BB05 - Fenol
1344,C05BB56,C05BB56,"C05BB56 - Glucosa, combinaciones","C05BB56 - Glucosa, combinaciones"
1345,C05BX,C05BX,C05BX - Otros agentes esclerosantes,C05BX - Otros agentes esclerosantes
1346,C05BX01,C05BX01,C05BX01 - Dobesilato de calcio,C05BX01 - Dobesilato de calcio
1347,C05BX51,C05BX51,"C05BX51 - Dobesilato de calcio, combinaciones con","C05BX51 - Dobesilato de calcio, combinaciones con"
1348,C05C,C05C,C05C - AGENTES ESTABILIZADORES DE CAPILARES,C05C - AGENTES ESTABILIZADORES DE CAPILARES
1349,C05CA,C05CA,C05CA - Bioflavonoides,C05CA - Bioflavonoides
1350,C05CA01,C05CA01,C05CA01 - Rutósido,C05CA01 - Rutósido
1351,C05CA02,C05CA02,C05CA02 - Monoxerutina,C05CA02 - Monoxerutina
1352,C05CA03,C05CA03,C05CA03 - Diosmina,C05CA03 - Diosmina
1353,C05CA04,C05CA04,C05CA04 - Troxerutina,C05CA04 - Troxerutina
1354,C05CA05,C05CA05,C05CA05 - Hidrosmina,C05CA05 - Hidrosmina
1355,C05CA51,C05CA51,"C05CA51 - Rutósido, combinaciones con","C05CA51 - Rutósido, combinaciones con"
1356,C05CA53,C05CA53,"C05CA53 - Diosmina, combinaciones con","C05CA53 - Diosmina, combinaciones con"
1357,C05CA54,C05CA54,"C05CA54 - Troxerutina, combinaciones con","C05CA54 - Troxerutina, combinaciones con"
1358,C05CX,C05CX,C05CX - Otros agentes estabilizadores de capilares,C05CX - Otros agentes estabilizadores de capilares
1359,C05CX01,C05CX01,C05CX01 - Tribenósido,C05CX01 - Tribenósido
1360,C07,C07,C07 - AGENTES BETA-BLOQUEANTES,C07 - AGENTES BETA-BLOQUEANTES
1361,C07A,C07A,C07A - AGENTES BETA-BLOQUEANTES,C07A - AGENTES BETA-BLOQUEANTES
1362,C07AA,C07AA,C07AA - Agentes beta- bloqueantes no selectivos,C07AA - Agentes beta- bloqueantes no selectivos
1363,C07AA01,C07AA01,C07AA01 - Alprenolol,C07AA01 - Alprenolol
1364,C07AA02,C07AA02,C07AA02 - Oxprenolol,C07AA02 - Oxprenolol
1365,C07AA03,C07AA03,C07AA03 - Pindolol,C07AA03 - Pindolol
1366,C07AA05,C07AA05,C07AA05 - Propranolol,C07AA05 - Propranolol
1367,C07AA06,C07AA06,C07AA06 - Timolol,C07AA06 - Timolol
1368,C07AA07,C07AA07,C07AA07 - Sotalol,C07AA07 - Sotalol
1369,C07AA12,C07AA12,C07AA12 - Nadolol,C07AA12 - Nadolol
1370,C07AA14,C07AA14,C07AA14 - Mepindolol,C07AA14 - Mepindolol
1371,C07AA15,C07AA15,C07AA15 - Carteolol,C07AA15 - Carteolol
1372,C07AA16,C07AA16,C07AA16 - Tertatolol,C07AA16 - Tertatolol
1373,C07AA17,C07AA17,C07AA17 - Bopindolol,C07AA17 - Bopindolol
1374,C07AA19,C07AA19,C07AA19 - Bupranolol,C07AA19 - Bupranolol
1375,C07AA23,C07AA23,C07AA23 - Penbutolol,C07AA23 - Penbutolol
1376,C07AA27,C07AA27,C07AA27 - Cloranolol,C07AA27 - Cloranolol
1377,C07AA57,C07AA57,"C07AA57 - Sotalol, envases combinados","C07AA57 - Sotalol, envases combinados"
1378,C07AB,C07AB,C07AB - Agentes beta- bloqueantes selectivos,C07AB - Agentes beta- bloqueantes selectivos
1379,C07AB01,C07AB01,C07AB01 - Practolol,C07AB01 - Practolol
1380,C07AB02,C07AB02,C07AB02 - Metoprolol,C07AB02 - Metoprolol
1381,C07AB03,C07AB03,C07AB03 - Atenolol,C07AB03 - Atenolol
1382,C07AB04,C07AB04,C07AB04 - Acebutolol,C07AB04 - Acebutolol
1383,C07AB05,C07AB05,C07AB05 - Betaxolol,C07AB05 - Betaxolol
1384,C07AB06,C07AB06,C07AB06 - Bevantolol,C07AB06 - Bevantolol
1385,C07AB07,C07AB07,C07AB07 - Bisoprolol,C07AB07 - Bisoprolol
1386,C07AB08,C07AB08,C07AB08 - Celiprolol,C07AB08 - Celiprolol
1387,C07AB09,C07AB09,C07AB09 - Esmolol,C07AB09 - Esmolol
1388,C07AB10,C07AB10,C07AB10 - Epanolol,C07AB10 - Epanolol
1389,C07AB11,C07AB11,C07AB11 - Esatenolol,C07AB11 - Esatenolol
1390,C07AB12,C07AB12,C07AB12 - Nebivolol,C07AB12 - Nebivolol
1391,C07AB13,C07AB13,C07AB13 - Talinolol,C07AB13 - Talinolol
1392,C07AB52,C07AB52,"C07AB52 - Metoprolol, envases combinados","C07AB52 - Metoprolol, envases combinados"
1393,C07AG,C07AG,C07AG - Agentes bloqueantes alfa y beta,C07AG - Agentes bloqueantes alfa y beta
1394,C07AG01,C07AG01,C07AG01 - Labetalol,C07AG01 - Labetalol
1395,C07AG02,C07AG02,C07AG02 - Carvedilol,C07AG02 - Carvedilol
1396,C07B,C07B,C07B - AGENTES BETA-BLOQUEANTES Y TIAZIDAS,C07B - AGENTES BETA-BLOQUEANTES Y TIAZIDAS
1397,C07BA,C07BA,C07BA - Agentes beta-bloqueantes no selectivos y tiazidas,C07BA - Agentes beta-bloqueantes no selectivos y tiazidas
1398,C07BA02,C07BA02,C07BA02 - Oxprenolol y tiazidas,C07BA02 - Oxprenolol y tiazidas
1399,C07BA05,C07BA05,C07BA05 - Propranolol y tiazidas,C07BA05 - Propranolol y tiazidas
1400,C07BA06,C07BA06,C07BA06 - Timolol y tiazidas,C07BA06 - Timolol y tiazidas
1401,C07BA07,C07BA07,C07BA07 - Sotalol y tiazidas,C07BA07 - Sotalol y tiazidas
1402,C07BA12,C07BA12,C07BA12 - Nadolol y tiazidas,C07BA12 - Nadolol y tiazidas
1403,C07BA68,C07BA68,"C07BA68 - Metipranolol y tiazidas, combinaciones con","C07BA68 - Metipranolol y tiazidas, combinaciones con"
1404,C07BB,C07BB,C07BB - Agentes beta-bloqueantes selectivos y tiazidas,C07BB - Agentes beta-bloqueantes selectivos y tiazidas
1405,C07BB02,C07BB02,C07BB02 - Metoprolol y tiazidas,C07BB02 - Metoprolol y tiazidas
1406,C07BB03,C07BB03,C07BB03 - Atenolol y tiazidas,C07BB03 - Atenolol y tiazidas
1407,C07BB04,C07BB04,C07BB04 - Acebutolol y tiazidas,C07BB04 - Acebutolol y tiazidas
1408,C07BB06,C07BB06,C07BB06 - Bevantolol y tiazidas,C07BB06 - Bevantolol y tiazidas
1409,C07BB07,C07BB07,C07BB07 - Bisoprolol y tiazidas,C07BB07 - Bisoprolol y tiazidas
1410,C07BB52,C07BB52,"C07BB52 - Metoprolol y tiazidas, combinaciones con","C07BB52 - Metoprolol y tiazidas, combinaciones con"
1411,C07BG,C07BG,C07BG - Agentes bloqueantes alfa y beta y tiazidas,C07BG - Agentes bloqueantes alfa y beta y tiazidas
1412,C07BG01,C07BG01,C07BG01 - Labetalol y tiazidas,C07BG01 - Labetalol y tiazidas
1413,C07C,C07C,C07C - AGENTES BETA-BLOQUEANTES Y OTROS DIURÉTICOS,C07C - AGENTES BETA-BLOQUEANTES Y OTROS DIURÉTICOS
1414,C07CA,C07CA,C07CA - Agentes beta- bloqueantes no selectivos y otros diuréticos,C07CA - Agentes beta- bloqueantes no selectivos y otros diuréticos
1415,C07CA02,C07CA02,C07CA02 - Oxprenolol y otros diuréticos,C07CA02 - Oxprenolol y otros diuréticos
1416,C07CA03,C07CA03,C07CA03 - Pindolol y otros diuréticos,C07CA03 - Pindolol y otros diuréticos
1417,C07CA17,C07CA17,C07CA17 - Bopindolol y otros diuréticos,C07CA17 - Bopindolol y otros diuréticos
1418,C07CA23,C07CA23,C07CA23 - Penbutolol y otros diuréticos,C07CA23 - Penbutolol y otros diuréticos
1419,C07CB,C07CB,C07CB - Agentes beta-bloqueantes selectivos y otros diuréticos,C07CB - Agentes beta-bloqueantes selectivos y otros diuréticos
1420,C07CB02,C07CB02,C07CB02 - Metoprolol y otros diuréticos,C07CB02 - Metoprolol y otros diuréticos
1421,C07CB03,C07CB03,C07CB03 - Atenolol y otros diuréticos,C07CB03 - Atenolol y otros diuréticos
1422,C07CB53,C07CB53,"C07CB53 - Atenolol y otros diuréticos, combinaciones con","C07CB53 - Atenolol y otros diuréticos, combinaciones con"
1423,C07CG,C07CG,C07CG - Agentes bloqueantes alfa y beta y otros diuréticos,C07CG - Agentes bloqueantes alfa y beta y otros diuréticos
1424,C07CG01,C07CG01,C07CG01 - Labetalol y otros diuréticos,C07CG01 - Labetalol y otros diuréticos
1425,C07D,C07D,"C07D - AGENTES BETA-BLOQUEANTES, TIAZIDAS Y OTROS DIURÉTICOS","C07D - AGENTES BETA-BLOQUEANTES, TIAZIDAS Y OTROS DIURÉTICOS"
1426,C07DA,C07DA,"C07DA - Agentes beta-bloqueantes no selectivos, tiazidas y otros diuréticos","C07DA - Agentes beta-bloqueantes no selectivos, tiazidas y otros diuréticos"
1427,C07DA06,C07DA06,"C07DA06 - Timolol, tiazidas y otros diuréticos","C07DA06 - Timolol, tiazidas y otros diuréticos"
1428,C07DB,C07DB,"C07DB - Agentes beta-bloqueantes selectivos, tiazidas y otros diuréticos","C07DB - Agentes beta-bloqueantes selectivos, tiazidas y otros diuréticos"
1429,C07DB01,C07DB01,"C07DB01 - Atenolol, tiazidas y otros diuréticos","C07DB01 - Atenolol, tiazidas y otros diuréticos"
1430,C07E,C07E,C07E - AGENTES BETA-BLOQUEANTES Y VASODILATADORES,C07E - AGENTES BETA-BLOQUEANTES Y VASODILATADORES
1431,C07EA,C07EA,C07EA - Agentes beta bloqueantes no selectivos y vasodilatadores,C07EA - Agentes beta bloqueantes no selectivos y vasodilatadores
1432,C07EB,C07EB,C07EB - Agentes beta bloqueantes selectivos y vasodilatadores,C07EB - Agentes beta bloqueantes selectivos y vasodilatadores
1433,C07F,C07F,"C07F - AGENTES BETA-BLOQUEANTES, OTRAS COMBINACIONES","C07F - AGENTES BETA-BLOQUEANTES, OTRAS COMBINACIONES"
1435,C07FX01,C07FX01,C07FX01 - Propranolol y otras combinaciones,C07FX01 - Propranolol y otras combinaciones
1436,C07FB,C07FB,C07FB - Agentes beta-bloqueantes selectivos y bloqueantes de canales de calcio,C07FB - Agentes beta-bloqueantes selectivos y bloqueantes de canales de calcio
1437,C07FB02,C07FB02,C07FB02 - Metoprolol y felodipino,C07FB02 - Metoprolol y felodipino
1438,C07FB03,C07FB03,C07FB03 - Atenolol y nifedipino,C07FB03 - Atenolol y nifedipino
1439,C08,C08,C08 - BLOQUEANTES DE CANALES DE CALCIO,C08 - BLOQUEANTES DE CANALES DE CALCIO
1440,C08C,C08C,C08C - BLOQUEANTES SELECTIVOS DE CANALES DE CALCIO CON EFECTOS PRINCIPALMENTE VASCULARES,C08C - BLOQUEANTES SELECTIVOS DE CANALES DE CALCIO CON EFECTOS PRINCIPALMENTE VASCULARES
1441,C08CA,C08CA,C08CA - Derivados de la dihidropiridina,C08CA - Derivados de la dihidropiridina
1442,C08CA01,C08CA01,C08CA01 - Amlodipino,C08CA01 - Amlodipino
1443,C08CA02,C08CA02,C08CA02 - Felodipino,C08CA02 - Felodipino
1444,C08CA03,C08CA03,C08CA03 - Isradipino,C08CA03 - Isradipino
1445,C08CA04,C08CA04,C08CA04 - Nicardipino,C08CA04 - Nicardipino
1446,C08CA05,C08CA05,C08CA05 - Nifedipino,C08CA05 - Nifedipino
1447,C08CA06,C08CA06,C08CA06 - Nimodipino,C08CA06 - Nimodipino
1448,C08CA07,C08CA07,C08CA07 - Nisoldipino,C08CA07 - Nisoldipino
1449,C08CA08,C08CA08,C08CA08 - Nitrendipino,C08CA08 - Nitrendipino
1450,C08CA09,C08CA09,C08CA09 - Lacidipino,C08CA09 - Lacidipino
1451,C08CA10,C08CA10,C08CA10 - Nilvadipino,C08CA10 - Nilvadipino
1452,C08CA11,C08CA11,C08CA11 - Manidipino,C08CA11 - Manidipino
1453,C08CA12,C08CA12,C08CA12 - Barnidipino,C08CA12 - Barnidipino
1454,C08CA13,C08CA13,C08CA13 - Lercanidipino,C08CA13 - Lercanidipino
1455,C08CA14,C08CA14,C08CA14 - Cilnidipino,C08CA14 - Cilnidipino
1456,C08CA55,C08CA55,"C08CA55 - Nifedipino, combinaciones con","C08CA55 - Nifedipino, combinaciones con"
1457,C08CX,C08CX,C08CX - Otros bloqueantes selectivos de los canales de calcio con efectos principalmente vasculares,C08CX - Otros bloqueantes selectivos de los canales de calcio con efectos principalmente vasculares
1458,C08CX01,C08CX01,C08CX01 - Mibefradil,C08CX01 - Mibefradil
1459,C08D,C08D,C08D - BLOQUEANTES SELECTIVOS DE CANALES DE CALCIO CON EFECTOS CARDÍACOS DIRECTOS,C08D - BLOQUEANTES SELECTIVOS DE CANALES DE CALCIO CON EFECTOS CARDÍACOS DIRECTOS
1460,C08DA,C08DA,C08DA - Derivados de la fenilalquilamina,C08DA - Derivados de la fenilalquilamina
1461,C08DA01,C08DA01,C08DA01 - Verapamilo,C08DA01 - Verapamilo
1462,C08DA02,C08DA02,C08DA02 - Galopamilo,C08DA02 - Galopamilo
1463,C08DA51,C08DA51,"C08DA51 - Verapamilo, combinaciones con","C08DA51 - Verapamilo, combinaciones con"
1464,C08DB,C08DB,C08DB - Derivados de la benzotiazepina,C08DB - Derivados de la benzotiazepina
1465,C08DB01,C08DB01,C08DB01 - Diltiazem,C08DB01 - Diltiazem
1466,C08E,C08E,C08E - BLOQUEANTES NO SELECTIVOS DE CANALES DE CALCIO,C08E - BLOQUEANTES NO SELECTIVOS DE CANALES DE CALCIO
1467,C08EA,C08EA,C08EA - Derivados de la fenilalquilamina,C08EA - Derivados de la fenilalquilamina
1468,C08EA01,C08EA01,C08EA01 - Fendilina,C08EA01 - Fendilina
1469,C08EA02,C08EA02,C08EA02 - Bepridil,C08EA02 - Bepridil
1470,C08EX,C08EX,C08EX - Otros bloqueantes no selectivos de canales de calcio,C08EX - Otros bloqueantes no selectivos de canales de calcio
1471,C08EX01,C08EX01,C08EX01 - Lidoflazina,C08EX01 - Lidoflazina
1472,C08EX02,C08EX02,C08EX02 - Perhexilina,C08EX02 - Perhexilina
1473,C08G,C08G,C08G - BLOQUEANTES DE CANALES DE CALCIO Y DIURÉTICOS,C08G - BLOQUEANTES DE CANALES DE CALCIO Y DIURÉTICOS
1474,C08GA,C08GA,C08GA - Bloqueantes de canales de calcio y diuréticos,C08GA - Bloqueantes de canales de calcio y diuréticos
1475,C08GA01,C08GA01,C08GA01 - Nifedipino y diuréticos,C08GA01 - Nifedipino y diuréticos
1476,C09,C09,C09 - AGENTES QUE ACTÚAN SOBRE EL SISTEMA RENINA-ANGIOTENSINA,C09 - AGENTES QUE ACTÚAN SOBRE EL SISTEMA RENINA-ANGIOTENSINA
1477,C09A,C09A,"C09A - INHIBIDORES DE LA ECA, MONOFÁRMACOS","C09A - INHIBIDORES DE LA ECA, MONOFÁRMACOS"
1478,C09AA,C09AA,"C09AA - Inhibidores de la ECA, monofármacos","C09AA - Inhibidores de la ECA, monofármacos"
1479,C09AA01,C09AA01,C09AA01 - Captopril,C09AA01 - Captopril
1480,C09AA02,C09AA02,C09AA02 - Enalapril,C09AA02 - Enalapril
1481,C09AA03,C09AA03,C09AA03 - Lisinopril,C09AA03 - Lisinopril
1482,C09AA04,C09AA04,C09AA04 - Perindopril,C09AA04 - Perindopril
1483,C09AA05,C09AA05,C09AA05 - Ramipril,C09AA05 - Ramipril
1484,C09AA06,C09AA06,C09AA06 - Quinapril,C09AA06 - Quinapril
1485,C09AA07,C09AA07,C09AA07 - Benazepril,C09AA07 - Benazepril
1486,C09AA08,C09AA08,C09AA08 - Cilazapril,C09AA08 - Cilazapril
1487,C09AA09,C09AA09,C09AA09 - Fosinopril,C09AA09 - Fosinopril
1488,C09AA10,C09AA10,C09AA10 - Trandolapril,C09AA10 - Trandolapril
1489,C09AA11,C09AA11,C09AA11 - Espirapril,C09AA11 - Espirapril
1490,C09AA12,C09AA12,C09AA12 - Delapril,C09AA12 - Delapril
1491,C09AA13,C09AA13,C09AA13 - Moexipril,C09AA13 - Moexipril
1492,C09AA14,C09AA14,C09AA14 - Temocapril,C09AA14 - Temocapril
1493,C09AA15,C09AA15,C09AA15 - Zofenopril,C09AA15 - Zofenopril
1494,C09AA16,C09AA16,C09AA16 - Imidapril,C09AA16 - Imidapril
1495,C09B,C09B,"C09B - INHIBIDORES DE LA ECA, COMBINACIONES","C09B - INHIBIDORES DE LA ECA, COMBINACIONES"
1496,C09BA,C09BA,C09BA - Inhibidores de la ECA y diuréticos,C09BA - Inhibidores de la ECA y diuréticos
1497,C09BA01,C09BA01,C09BA01 - Captopril y diuréticos,C09BA01 - Captopril y diuréticos
1498,C09BA02,C09BA02,C09BA02 - Enalapril y diuréticos,C09BA02 - Enalapril y diuréticos
1499,C09BA03,C09BA03,C09BA03 - Lisinopril y diuréticos,C09BA03 - Lisinopril y diuréticos
1500,C09BA04,C09BA04,C09BA04 - Perindopril y diuréticos,C09BA04 - Perindopril y diuréticos
1501,C09BA05,C09BA05,C09BA05 - Ramipril y diuréticos,C09BA05 - Ramipril y diuréticos
1502,C09BA06,C09BA06,C09BA06 - Quinapril y diuréticos,C09BA06 - Quinapril y diuréticos
1503,C09BA07,C09BA07,C09BA07 - Benazepril y diuréticos,C09BA07 - Benazepril y diuréticos
1504,C09BA08,C09BA08,C09BA08 - Cilazapril y diuréticos,C09BA08 - Cilazapril y diuréticos
1505,C09BA09,C09BA09,C09BA09 - Fosinopril y diuréticos,C09BA09 - Fosinopril y diuréticos
1506,C09BA12,C09BA12,C09BA12 - Delapril y diuréticos,C09BA12 - Delapril y diuréticos
1507,C09BA13,C09BA13,C09BA13 - Moexipril y diuréticos,C09BA13 - Moexipril y diuréticos
1508,C09BB,C09BB,C09BB - Inhibidores de la ECA y bloqueantes de canales de calcio,C09BB - Inhibidores de la ECA y bloqueantes de canales de calcio
1509,C09BB05,C09BB05,C09BB05 - Ramipril y felodipino,C09BB05 - Ramipril y felodipino
1510,C09BB10,C09BB10,C09BB10 - Trandolapril y verapamilo,C09BB10 - Trandolapril y verapamilo
1511,C09C,C09C,"C09C - ANTAGONISTAS DE LOS RECEPTORES DE ANGIOTENSINA II, MONOTERAPIA","C09C - ANTAGONISTAS DE LOS RECEPTORES DE ANGIOTENSINA II, MONOTERAPIA"
1512,C09CA,C09CA,"C09CA - Antagonistas de los receptores de angiotensina II, monoterapia","C09CA - Antagonistas de los receptores de angiotensina II, monoterapia"
1513,C09CA01,C09CA01,C09CA01 - Losartán,C09CA01 - Losartán
1514,C09CA02,C09CA02,C09CA02 - Eprosartán,C09CA02 - Eprosartán
1515,C09CA03,C09CA03,C09CA03 - Valsartán,C09CA03 - Valsartán
1516,C09CA04,C09CA04,C09CA04 - Irbesartán,C09CA04 - Irbesartán
1517,C09CA05,C09CA05,C09CA05 - Tasosartán,C09CA05 - Tasosartán
1518,C09CA06,C09CA06,C09CA06 - Candesartán,C09CA06 - Candesartán
1519,C09CA07,C09CA07,C09CA07 - Telmisartán,C09CA07 - Telmisartán
1520,C09D,C09D,"C09D - ANTAGONISTAS DE LOS RECEPTORES DE ANGIOTENSINA II, COMBINACIONES","C09D - ANTAGONISTAS DE LOS RECEPTORES DE ANGIOTENSINA II, COMBINACIONES"
1521,C09DA,C09DA,C09DA - Antagonistas de los receptores de angiotensina II y diuréticos,C09DA - Antagonistas de los receptores de angiotensina II y diuréticos
1522,C09DA01,C09DA01,C09DA01 - Losartán y diuréticos,C09DA01 - Losartán y diuréticos
1523,C09DA03,C09DA03,C09DA03 - Valsartán y diuréticos,C09DA03 - Valsartán y diuréticos
1524,C09DA04,C09DA04,C09DA04 - Irbesartan y diuréticos,C09DA04 - Irbesartan y diuréticos
1525,C09DA06,C09DA06,C09DA06 - Candesartán y diuréticos,C09DA06 - Candesartán y diuréticos
1526,C09X,C09X,C09X - OTROS AGENTES QUE ACTÚAN SOBRE EL SISTEMA RENINA-ANGIOTENSINA,C09X - OTROS AGENTES QUE ACTÚAN SOBRE EL SISTEMA RENINA-ANGIOTENSINA
1527,C09XA,C09XA,C09XA - Inhibidores de la renina,C09XA - Inhibidores de la renina
1528,C09XA01,C09XA01,C09XA01 - Remikireno,C09XA01 - Remikireno
1529,C10,C10,C10 - AGENTES MODIFICADORES DE LOS LÍPIDOS,C10 - AGENTES MODIFICADORES DE LOS LÍPIDOS
1530,C10A,C10A,"C10A - AGENTES MODIFICADORES DE LOS LÍPIDOS, MONOFÁRMACOS","C10A - AGENTES MODIFICADORES DE LOS LÍPIDOS, MONOFÁRMACOS"
1531,C10AA,C10AA,C10AA - Inhibidores de la HMG CoA reductasa,C10AA - Inhibidores de la HMG CoA reductasa
1532,C10AA01,C10AA01,C10AA01 - Simvastatina,C10AA01 - Simvastatina
1533,C10AA02,C10AA02,C10AA02 - Lovastatina,C10AA02 - Lovastatina
1534,C10AA03,C10AA03,C10AA03 - Pravastatina,C10AA03 - Pravastatina
1535,C10AA04,C10AA04,C10AA04 - Fluvastatina,C10AA04 - Fluvastatina
1536,C10AA05,C10AA05,C10AA05 - Atorvastatina,C10AA05 - Atorvastatina
1537,C10AA06,C10AA06,C10AA06 - Cerivastatina,C10AA06 - Cerivastatina
1538,C10AB,C10AB,C10AB - Fibratos,C10AB - Fibratos
1539,C10AB01,C10AB01,C10AB01 - Clofibrato,C10AB01 - Clofibrato
1540,C10AB02,C10AB02,C10AB02 - Bezafibrato,C10AB02 - Bezafibrato
1541,C10AB03,C10AB03,C10AB03 - Clofibrato aluminio,C10AB03 - Clofibrato aluminio
1542,C10AB04,C10AB04,C10AB04 - Gemfibrozilo,C10AB04 - Gemfibrozilo
1543,C10AB05,C10AB05,C10AB05 - Fenofibrato,C10AB05 - Fenofibrato
1544,C10AB06,C10AB06,C10AB06 - Sinfibrato,C10AB06 - Sinfibrato
1545,C10AB07,C10AB07,C10AB07 - Ronifibrato,C10AB07 - Ronifibrato
1546,C10AB08,C10AB08,C10AB08 - Ciprofibrato,C10AB08 - Ciprofibrato
1547,C10AB09,C10AB09,C10AB09 - Etofibrato,C10AB09 - Etofibrato
1548,C10AB10,C10AB10,C10AB10 - Clofibrida,C10AB10 - Clofibrida
1549,C10AC,C10AC,C10AC - Secuestradores de ácidos biliares,C10AC - Secuestradores de ácidos biliares
1550,C10AC01,C10AC01,C10AC01 - Colestiramina,C10AC01 - Colestiramina
1551,C10AC02,C10AC02,C10AC02 - Colestipol,C10AC02 - Colestipol
1552,C10AC03,C10AC03,C10AC03 - Colextrán,C10AC03 - Colextrán
1553,C10AD,C10AD,C10AD - Ácido nicotínico y derivados,C10AD - Ácido nicotínico y derivados
1554,C10AD01,C10AD01,C10AD01 - Niceritrol,C10AD01 - Niceritrol
1555,C10AD02,C10AD02,C10AD02 - Ácido nicotínico,C10AD02 - Ácido nicotínico
1556,C10AD03,C10AD03,C10AD03 - Nicofuranosa,C10AD03 - Nicofuranosa
1557,C10AD04,C10AD04,C10AD04 - Nicotinato de aluminio,C10AD04 - Nicotinato de aluminio
1558,C10AD05,C10AD05,C10AD05 - Nicotinil alcohol (piridilcarbinol),C10AD05 - Nicotinil alcohol (piridilcarbinol)
1559,C10AD06,C10AD06,C10AD06 - Acipimox,C10AD06 - Acipimox
1560,C10AX,C10AX,C10AX - Otros agentes modificadores de los lípidos,C10AX - Otros agentes modificadores de los lípidos
1561,C10AX01,C10AX01,C10AX01 - Dextrotiroxina,C10AX01 - Dextrotiroxina
1562,C10AX02,C10AX02,C10AX02 - Probucol,C10AX02 - Probucol
1563,C10AX03,C10AX03,C10AX03 - Tiadenol,C10AX03 - Tiadenol
1564,C10AX04,C10AX04,C10AX04 - Benfluorex,C10AX04 - Benfluorex
1565,C10AX05,C10AX05,C10AX05 - Meglutol,C10AX05 - Meglutol
1566,C10AX06,C10AX06,"C10AX06 - Triglicéridos omega-3, incluidos otros ésteres y ácidos","C10AX06 - Triglicéridos omega-3, incluidos otros ésteres y ácidos"
1567,C10AX07,C10AX07,C10AX07 - Magnesio piridoxal 5-fosfato glutamato,C10AX07 - Magnesio piridoxal 5-fosfato glutamato
1568,C10AX08,C10AX08,C10AX08 - Policosanol,C10AX08 - Policosanol
1569,D,D,D - DERMATOLÓGICOS,D - DERMATOLÓGICOS
1570,D01,D01,D01 - ANTIFÚNGICOS PARA USO DERMATOLÓGICO,D01 - ANTIFÚNGICOS PARA USO DERMATOLÓGICO
1571,D01A,D01A,D01A - ANTIFÚNGICOS PARA USO TÓPICO,D01A - ANTIFÚNGICOS PARA USO TÓPICO
1572,D01AA,D01AA,D01AA - Antibióticos,D01AA - Antibióticos
1573,D01AA01,D01AA01,D01AA01 - Nistatina,D01AA01 - Nistatina
1574,D01AA02,D01AA02,D01AA02 - Natamicina,D01AA02 - Natamicina
1575,D01AA03,D01AA03,D01AA03 - Hachimicina,D01AA03 - Hachimicina
1576,D01AA04,D01AA04,D01AA04 - Pecilocina,D01AA04 - Pecilocina
1577,D01AA06,D01AA06,D01AA06 - Mepartricina,D01AA06 - Mepartricina
1578,D01AA07,D01AA07,D01AA07 - Pirrolnitrina,D01AA07 - Pirrolnitrina
1579,D01AA08,D01AA08,D01AA08 - Griseofulvina,D01AA08 - Griseofulvina
1580,D01AA20,D01AA20,D01AA20 - Combinaciones,D01AA20 - Combinaciones
1581,D01AC,D01AC,D01AC - Derivados imidazólicos y triazólicos,D01AC - Derivados imidazólicos y triazólicos
1582,D01AC01,D01AC01,D01AC01 - Clotrimazol,D01AC01 - Clotrimazol
1583,D01AC02,D01AC02,D01AC02 - Miconazol,D01AC02 - Miconazol
1584,D01AC03,D01AC03,D01AC03 - Econazol,D01AC03 - Econazol
1585,D01AC04,D01AC04,D01AC04 - Clomidazol,D01AC04 - Clomidazol
1586,D01AC05,D01AC05,D01AC05 - Isoconazol,D01AC05 - Isoconazol
1587,D01AC06,D01AC06,D01AC06 - Tiabendazol,D01AC06 - Tiabendazol
1588,D01AC07,D01AC07,D01AC07 - Tioconazol,D01AC07 - Tioconazol
1589,D01AC08,D01AC08,D01AC08 - Ketoconazol,D01AC08 - Ketoconazol
1590,D01AC09,D01AC09,D01AC09 - Sulconazol,D01AC09 - Sulconazol
1591,D01AC10,D01AC10,D01AC10 - Bifonazol,D01AC10 - Bifonazol
1592,D01AC11,D01AC11,D01AC11 - Oxiconazol,D01AC11 - Oxiconazol
1593,D01AC12,D01AC12,D01AC12 - Fenticonazol,D01AC12 - Fenticonazol
1594,D01AC13,D01AC13,D01AC13 - Omoconazol,D01AC13 - Omoconazol
1595,D01AC14,D01AC14,D01AC14 - Sertaconazol,D01AC14 - Sertaconazol
1596,D01AC15,D01AC15,D01AC15 - Fluconazol,D01AC15 - Fluconazol
1597,D01AC16,D01AC16,D01AC16 - Flutrimazol,D01AC16 - Flutrimazol
1598,D01AC20,D01AC20,D01AC20 - Combinaciones,D01AC20 - Combinaciones
1599,D01AC52,D01AC52,"D01AC52 - Miconazol, combinaciones con","D01AC52 - Miconazol, combinaciones con"
1600,D01AC60,D01AC60,"D01AC60 - Bifonazol, combinaciones con","D01AC60 - Bifonazol, combinaciones con"
1601,D01AE,D01AE,D01AE - Otros preparados antifúngicos para uso tópico,D01AE - Otros preparados antifúngicos para uso tópico
1602,D01AE01,D01AE01,D01AE01 - Bromoclorosalicilanilida,D01AE01 - Bromoclorosalicilanilida
1603,D01AE02,D01AE02,D01AE02 - Metilrosanilina,D01AE02 - Metilrosanilina
1604,D01AE03,D01AE03,D01AE03 - Tribromometacresol,D01AE03 - Tribromometacresol
1605,D01AE04,D01AE04,D01AE04 - Ácido undecilénico,D01AE04 - Ácido undecilénico
1606,D01AE05,D01AE05,D01AE05 - Polinoxilina,D01AE05 - Polinoxilina
1607,D01AE06,D01AE06,D01AE06 - 2-(4-clorfenoxi)-etanol,D01AE06 - 2-(4-clorfenoxi)-etanol
1608,D01AE07,D01AE07,D01AE07 - Clorfenesina,D01AE07 - Clorfenesina
1609,D01AE08,D01AE08,D01AE08 - Ticlatona,D01AE08 - Ticlatona
1610,D01AE09,D01AE09,D01AE09 - Sulbentina,D01AE09 - Sulbentina
1611,D01AE10,D01AE10,D01AE10 - Hidroxibenzoato de etilo,D01AE10 - Hidroxibenzoato de etilo
1612,D01AE11,D01AE11,D01AE11 - Haloprogina,D01AE11 - Haloprogina
1613,D01AE12,D01AE12,D01AE12 - Ácido salicílico,D01AE12 - Ácido salicílico
1614,D01AE13,D01AE13,D01AE13 - Sulfuro de selenio,D01AE13 - Sulfuro de selenio
1615,D01AE14,D01AE14,D01AE14 - Ciclopirox,D01AE14 - Ciclopirox
1616,D01AE15,D01AE15,D01AE15 - Terbinafina,D01AE15 - Terbinafina
1617,D01AE16,D01AE16,D01AE16 - Amorolfina,D01AE16 - Amorolfina
1618,D01AE17,D01AE17,D01AE17 - Dimazol,D01AE17 - Dimazol
1619,D01AE18,D01AE18,D01AE18 - Tolnaftato,D01AE18 - Tolnaftato
1620,D01AE19,D01AE19,D01AE19 - Tolciclato,D01AE19 - Tolciclato
1621,D01AE20,D01AE20,D01AE20 - Combinaciones,D01AE20 - Combinaciones
1622,D01AE21,D01AE21,D01AE21 - Flucitosina,D01AE21 - Flucitosina
1623,D01AE22,D01AE22,D01AE22 - Naftifina,D01AE22 - Naftifina
1624,D01B,D01B,D01B - ANTIFÚNGICOS PARA USO SISTÉMICO,D01B - ANTIFÚNGICOS PARA USO SISTÉMICO
1625,D01BA,D01BA,D01BA - Antifúngicos para uso sistémico,D01BA - Antifúngicos para uso sistémico
1626,D01BA01,D01BA01,D01BA01 - Griseofulvina,D01BA01 - Griseofulvina
1627,D01BA02,D01BA02,D01BA02 - Terbinafina,D01BA02 - Terbinafina
1628,D02,D02,D02 - EMOLIENTES Y PROTECTORES,D02 - EMOLIENTES Y PROTECTORES
1629,D02A,D02A,D02A - EMOLIENTES Y PROTECTORES,D02A - EMOLIENTES Y PROTECTORES
1630,D02AA,D02AA,D02AA - Productos con siliconas,D02AA - Productos con siliconas
1631,D02AB,D02AB,D02AB - Productos con zinc,D02AB - Productos con zinc
1632,D02AC,D02AC,D02AC - Parafina blanda y productos con grasa,D02AC - Parafina blanda y productos con grasa
1633,D02AD,D02AD,D02AD - Emplastos líquidos,D02AD - Emplastos líquidos
1634,D02AE,D02AE,D02AE - Productos con urea,D02AE - Productos con urea
1635,D02AE01,D02AE01,D02AE01 - Urea,D02AE01 - Urea
1636,D02AE51,D02AE51,"D02AE51 - Urea, combinaciones con","D02AE51 - Urea, combinaciones con"
1637,D02AF,D02AF,D02AF - Preparados con ácido salicílico,D02AF - Preparados con ácido salicílico
1638,D02AX,D02AX,D02AX - Otros emolientes y protectores,D02AX - Otros emolientes y protectores
1639,D02B,D02B,D02B - PROTECTORES CONTRA LA RADIACIÓN UV,D02B - PROTECTORES CONTRA LA RADIACIÓN UV
1640,D02BA,D02BA,D02BA - Protectores contra la radiación UV para uso tópico,D02BA - Protectores contra la radiación UV para uso tópico
1641,D02BA01,D02BA01,D02BA01 - Ácido aminobenzoico,D02BA01 - Ácido aminobenzoico
1642,D02BA02,D02BA02,D02BA02 - Octilmetoxicinamato,D02BA02 - Octilmetoxicinamato
1643,D02BB,D02BB,D02BB - Protectores contra la radiación UV para uso sistémico,D02BB - Protectores contra la radiación UV para uso sistémico
1644,D02BB01,D02BB01,D02BB01 - Betacaroteno,D02BB01 - Betacaroteno
1645,D03,D03,D03 - PREPARADOS PARA EL TRATAMIENTO DE HERIDAS Y ÚLCERAS,D03 - PREPARADOS PARA EL TRATAMIENTO DE HERIDAS Y ÚLCERAS
1646,D03A,D03A,D03A - CICATRIZANTES,D03A - CICATRIZANTES
1647,D03AA,D03AA,D03AA - Ungüentos con aceite de hígado de bacalao,D03AA - Ungüentos con aceite de hígado de bacalao
1648,D03AX,D03AX,D03AX - Otros cicatrizantes,D03AX - Otros cicatrizantes
1649,D03AX01,D03AX01,D03AX01 - Iodo cadexómero,D03AX01 - Iodo cadexómero
1650,D03AX02,D03AX02,D03AX02 - Dextranómero,D03AX02 - Dextranómero
1651,D03AX03,D03AX03,D03AX03 - Dexpantenol,D03AX03 - Dexpantenol
1652,D03AX04,D03AX04,D03AX04 - Pantotenato de calcio,D03AX04 - Pantotenato de calcio
1653,D03AX05,D03AX05,D03AX05 - Ácido hialurónico,D03AX05 - Ácido hialurónico
1654,D03AX06,D03AX06,D03AX06 - Becaplermina,D03AX06 - Becaplermina
1655,D03AX07,D03AX07,D03AX07 - Trinitrato de glicerilo,D03AX07 - Trinitrato de glicerilo
1656,D03AX08,D03AX08,D03AX08 - Dinitrato de isosorbida,D03AX08 - Dinitrato de isosorbida
1657,D03AX09,D03AX09,D03AX09 - Crilanómero,D03AX09 - Crilanómero
1658,D03B,D03B,D03B - ENZIMAS,D03B - ENZIMAS
1659,D03BA,D03BA,D03BA - Enzimas proteolíticas,D03BA - Enzimas proteolíticas
1660,D03BA01,D03BA01,D03BA01 - Tripsina,D03BA01 - Tripsina
1661,D03BA02,D03BA02,D03BA02 - Colagenasa,D03BA02 - Colagenasa
1662,D03BA52,D03BA52,"D03BA52 - Colagenasa, combinaciones con","D03BA52 - Colagenasa, combinaciones con"
1663,D04,D04,"D04 - ANTIPRURIGINOSOS, INCLUYENDO ANTIHISTAMÍNICOS, ANESTÉSICOS, ETC.","D04 - ANTIPRURIGINOSOS, INCLUYENDO ANTIHISTAMÍNICOS, ANESTÉSICOS, ETC."
1664,D04A,D04A,"D04A - ANTIPRURIGINOSOS, INCLUYENDO ANTIHISTAMÍNÍCOS, ANESTÉSICOS, ETC.","D04A - ANTIPRURIGINOSOS, INCLUYENDO ANTIHISTAMÍNÍCOS, ANESTÉSICOS, ETC."
1665,D04AA,D04AA,D04AA - Antihistamínicos para uso tópico,D04AA - Antihistamínicos para uso tópico
1666,D04AA01,D04AA01,D04AA01 - Tonzilamina,D04AA01 - Tonzilamina
1667,D04AA02,D04AA02,D04AA02 - Mepiramina,D04AA02 - Mepiramina
1668,D04AA03,D04AA03,D04AA03 - Tenalidina,D04AA03 - Tenalidina
1669,D04AA04,D04AA04,D04AA04 - Tripelenamina,D04AA04 - Tripelenamina
1670,D04AA09,D04AA09,D04AA09 - Cloropiramina,D04AA09 - Cloropiramina
1671,D04AA10,D04AA10,D04AA10 - Prometazina,D04AA10 - Prometazina
1672,D04AA12,D04AA12,D04AA12 - Tolpropamina,D04AA12 - Tolpropamina
1673,D04AA13,D04AA13,D04AA13 - Dimetindeno,D04AA13 - Dimetindeno
1674,D04AA14,D04AA14,D04AA14 - Clemastina,D04AA14 - Clemastina
1675,D04AA15,D04AA15,D04AA15 - Bamipina,D04AA15 - Bamipina
1676,D04AA22,D04AA22,D04AA22 - Isotipendilo,D04AA22 - Isotipendilo
1677,D04AA32,D04AA32,D04AA32 - Difenhidramina,D04AA32 - Difenhidramina
1678,D04AA33,D04AA33,"D04AA33 - Difenhidramina, metilbromuro de","D04AA33 - Difenhidramina, metilbromuro de"
1679,D04AA34,D04AA34,D04AA34 - Clorfenoxamina,D04AA34 - Clorfenoxamina
1680,D04AB,D04AB,D04AB - Anestésicos para uso tópico,D04AB - Anestésicos para uso tópico
1681,D04AB01,D04AB01,D04AB01 - Lidocaína,D04AB01 - Lidocaína
1682,D04AB02,D04AB02,D04AB02 - Cincocaína,D04AB02 - Cincocaína
1683,D04AB03,D04AB03,D04AB03 - Oxibuprocaína,D04AB03 - Oxibuprocaína
1684,D04AB04,D04AB04,D04AB04 - Benzocaína,D04AB04 - Benzocaína
1685,D04AB05,D04AB05,D04AB05 - Quinisocaína,D04AB05 - Quinisocaína
1686,D04AB06,D04AB06,D04AB06 - Tetracaína,D04AB06 - Tetracaína
1687,D04AB07,D04AB07,D04AB07 - Pramocaína,D04AB07 - Pramocaína
1688,D04AX,D04AX,D04AX - Otros antipruriginosos,D04AX - Otros antipruriginosos
1689,D05,D05,D05 - ANTIPSORIÁSICOS,D05 - ANTIPSORIÁSICOS
1690,D05A,D05A,D05A - ANTIPSORIÁSICOS PARA USO TÓPICO,D05A - ANTIPSORIÁSICOS PARA USO TÓPICO
1691,D05AA,D05AA,D05AA - Alquitranes,D05AA - Alquitranes
1692,D05AC,D05AC,D05AC - Derivados del antraceno,D05AC - Derivados del antraceno
1693,D05AC01,D05AC01,D05AC01 - Ditranol,D05AC01 - Ditranol
1694,D05AC51,D05AC51,"D05AC51 - Ditranol, combinaciones con","D05AC51 - Ditranol, combinaciones con"
1695,D05AD,D05AD,D05AD - Psoralenos para uso tópico,D05AD - Psoralenos para uso tópico
1696,D05AD01,D05AD01,D05AD01 - Trioxisaleno,D05AD01 - Trioxisaleno
1697,D05AD02,D05AD02,D05AD02 - Metoxsaleno,D05AD02 - Metoxsaleno
1698,D05AX,D05AX,D05AX - Otros antipsoriásicos para uso tópico,D05AX - Otros antipsoriásicos para uso tópico
1699,D05AX01,D05AX01,D05AX01 - Ácido fumárico,D05AX01 - Ácido fumárico
1700,D05AX02,D05AX02,D05AX02 - Calcipotriol,D05AX02 - Calcipotriol
1701,D05AX03,D05AX03,D05AX03 - Calcitriol,D05AX03 - Calcitriol
1702,D05AX04,D05AX04,D05AX04 - Tacalcitol,D05AX04 - Tacalcitol
1703,D05AX05,D05AX05,D05AX05 - Tazaroteno,D05AX05 - Tazaroteno
1704,D05B,D05B,D05B - ANTIPSORIÁSICOS PARA USO SISTÉMICO,D05B - ANTIPSORIÁSICOS PARA USO SISTÉMICO
1705,D05BA,D05BA,D05BA - Psoralenos para uso sistémico,D05BA - Psoralenos para uso sistémico
1706,D05BA01,D05BA01,D05BA01 - Trioxisaleno,D05BA01 - Trioxisaleno
1707,D05BA02,D05BA02,D05BA02 - Metoxsaleno,D05BA02 - Metoxsaleno
1708,D05BA03,D05BA03,D05BA03 - Bergapteno,D05BA03 - Bergapteno
1709,D05BB,D05BB,D05BB - Retinoides para el tratamiento de la psoriasis,D05BB - Retinoides para el tratamiento de la psoriasis
1710,D05BB01,D05BB01,D05BB01 - Etretinato,D05BB01 - Etretinato
1711,D05BB02,D05BB02,D05BB02 - Acitretina,D05BB02 - Acitretina
1712,D05BX,D05BX,D05BX - Otros antipsoriásicos para uso sistémico,D05BX - Otros antipsoriásicos para uso sistémico
1713,D05BX51,D05BX51,"D05BX51 - Ácido fumárico, derivados del, combinaciones","D05BX51 - Ácido fumárico, derivados del, combinaciones"
1714,D06,D06,D06 - ANTIBIÓTICOS Y QUIMIOTERÁPICOS PARA USO DERMATOLÓGICO,D06 - ANTIBIÓTICOS Y QUIMIOTERÁPICOS PARA USO DERMATOLÓGICO
1715,D06A,D06A,D06A - ANTIBIÓTICOS PARA USO TÓPICO,D06A - ANTIBIÓTICOS PARA USO TÓPICO
1716,D06AA,D06AA,D06AA - Tetraciclina y derivados,D06AA - Tetraciclina y derivados
1717,D06AA01,D06AA01,D06AA01 - Demeclociclina,D06AA01 - Demeclociclina
1718,D06AA02,D06AA02,D06AA02 - Clortetraciclina,D06AA02 - Clortetraciclina
1719,D06AA03,D06AA03,D06AA03 - Oxitetraciclina,D06AA03 - Oxitetraciclina
1720,D06AA04,D06AA04,D06AA04 - Tetraciclina,D06AA04 - Tetraciclina
1721,D06AX,D06AX,D06AX - Otros antibióticos para uso tópico,D06AX - Otros antibióticos para uso tópico
1722,D06AX01,D06AX01,D06AX01 - Ácido fusídico,D06AX01 - Ácido fusídico
1723,D06AX02,D06AX02,D06AX02 - Cloranfenicol,D06AX02 - Cloranfenicol
1724,D06AX04,D06AX04,D06AX04 - Neomicina,D06AX04 - Neomicina
1725,D06AX05,D06AX05,D06AX05 - Bacitracina,D06AX05 - Bacitracina
1726,D06AX07,D06AX07,D06AX07 - Gentamicina,D06AX07 - Gentamicina
1727,D06AX08,D06AX08,D06AX08 - Tirotricina,D06AX08 - Tirotricina
1728,D06AX09,D06AX09,D06AX09 - Mupirocina,D06AX09 - Mupirocina
1729,D06AX10,D06AX10,D06AX10 - Virginiamicina,D06AX10 - Virginiamicina
1730,D06AX11,D06AX11,D06AX11 - Rifaximina,D06AX11 - Rifaximina
1731,D06AX12,D06AX12,D06AX12 - Amikacina,D06AX12 - Amikacina
1732,D06B,D06B,D06B - QUIMIOTERÁPICOS PARA USO TÓPICO,D06B - QUIMIOTERÁPICOS PARA USO TÓPICO
1733,D06BA,D06BA,D06BA - Sulfonamidas,D06BA - Sulfonamidas
1734,D06BA01,D06BA01,D06BA01 - Sulfadiazina argéntica,D06BA01 - Sulfadiazina argéntica
1735,D06BA02,D06BA02,D06BA02 - Sulfatiazol,D06BA02 - Sulfatiazol
1736,D06BA03,D06BA03,D06BA03 - Mafenida,D06BA03 - Mafenida
1737,D06BA04,D06BA04,D06BA04 - Sulfametizol,D06BA04 - Sulfametizol
1738,D06BA51,D06BA51,"D06BA51 - Sulfadiazina de plata, combinaciones con","D06BA51 - Sulfadiazina de plata, combinaciones con"
1739,D06BB,D06BB,D06BB - Antivirales,D06BB - Antivirales
1740,D06BB01,D06BB01,D06BB01 - Idoxuridina,D06BB01 - Idoxuridina
1741,D06BB02,D06BB02,D06BB02 - Tromantadina,D06BB02 - Tromantadina
1742,D06BB03,D06BB03,D06BB03 - Aciclovir,D06BB03 - Aciclovir
1743,D06BB04,D06BB04,D06BB04 - Podofilotoxina,D06BB04 - Podofilotoxina
1744,D06BB05,D06BB05,D06BB05 - Inosina,D06BB05 - Inosina
1745,D06BB06,D06BB06,D06BB06 - Penciclovir,D06BB06 - Penciclovir
1746,D06BB07,D06BB07,D06BB07 - Lisozima,D06BB07 - Lisozima
1747,D06BB08,D06BB08,D06BB08 - Ibacitabina,D06BB08 - Ibacitabina
1748,D06BB09,D06BB09,D06BB09 - Edoxudina,D06BB09 - Edoxudina
1749,D06BB10,D06BB10,D06BB10 - Imiquimod,D06BB10 - Imiquimod
1750,D06BX,D06BX,D06BX - Otros quimioterápicos,D06BX - Otros quimioterápicos
1751,D06BX01,D06BX01,D06BX01 - Metronidazol,D06BX01 - Metronidazol
1752,D06C,D06C,D06C - COMBINACIONES DE ANTIBIÓTICOS Y QUIMIOTERÁPICOS,D06C - COMBINACIONES DE ANTIBIÓTICOS Y QUIMIOTERÁPICOS
1753,D07,D07,D07 - PREPARADOS DERMATOLÓGICOS CON CORTICOSTEROIDES,D07 - PREPARADOS DERMATOLÓGICOS CON CORTICOSTEROIDES
1754,D07A,D07A,"D07A - CORTICOSTEROIDES, MONOFÁRMACOS","D07A - CORTICOSTEROIDES, MONOFÁRMACOS"
1755,D07AA,D07AA,D07AA - Corticosteroides de baja potencia (grupo I),D07AA - Corticosteroides de baja potencia (grupo I)
1756,D07AA01,D07AA01,D07AA01 - Metilprednisolona,D07AA01 - Metilprednisolona
1757,D07AA02,D07AA02,D07AA02 - Hidrocortisona,D07AA02 - Hidrocortisona
1758,D07AA03,D07AA03,D07AA03 - Prednisolona,D07AA03 - Prednisolona
1759,D07AB,D07AB,D07AB - Corticosteroides moderadamente potentes (grupo II),D07AB - Corticosteroides moderadamente potentes (grupo II)
1760,D07AB01,D07AB01,D07AB01 - Clobetasona,D07AB01 - Clobetasona
1761,D07AB02,D07AB02,"D07AB02 - Hidrocortisona, butirato de","D07AB02 - Hidrocortisona, butirato de"
1762,D07AB03,D07AB03,D07AB03 - Flumetasona,D07AB03 - Flumetasona
1763,D07AB04,D07AB04,D07AB04 - Fluocortina,D07AB04 - Fluocortina
1764,D07AB05,D07AB05,D07AB05 - Fluperolona,D07AB05 - Fluperolona
1765,D07AB06,D07AB06,D07AB06 - Fluorometolona,D07AB06 - Fluorometolona
1766,D07AB07,D07AB07,D07AB07 - Fluprednideno,D07AB07 - Fluprednideno
1767,D07AB08,D07AB08,D07AB08 - Desonida,D07AB08 - Desonida
1768,D07AB09,D07AB09,D07AB09 - Triamcinolona,D07AB09 - Triamcinolona
1769,D07AB10,D07AB10,D07AB10 - Alclometasona,D07AB10 - Alclometasona
1770,D07AB11,D07AB11,"D07AB11 - Hidrocortisona, buteprato de","D07AB11 - Hidrocortisona, buteprato de"
1771,D07AB19,D07AB19,D07AB19 - Dexametasona,D07AB19 - Dexametasona
1772,D07AB21,D07AB21,D07AB21 - Clocortolona,D07AB21 - Clocortolona
1773,D07AB30,D07AB30,D07AB30 - Combinaciones de corticosteroides,D07AB30 - Combinaciones de corticosteroides
1774,D07AC,D07AC,D07AC - Corticosteroides potentes (grupo III),D07AC - Corticosteroides potentes (grupo III)
1775,D07AC01,D07AC01,D07AC01 - Betametasona,D07AC01 - Betametasona
1776,D07AC02,D07AC02,D07AC02 - Fluclorolona,D07AC02 - Fluclorolona
1777,D07AC03,D07AC03,D07AC03 - Desoximetasona,D07AC03 - Desoximetasona
1778,D07AC04,D07AC04,"D07AC04 - Fluocinolona, acetónido de","D07AC04 - Fluocinolona, acetónido de"
1779,D07AC05,D07AC05,D07AC05 - Fluocortolona,D07AC05 - Fluocortolona
1780,D07AC06,D07AC06,D07AC06 - Diflucortolona,D07AC06 - Diflucortolona
1781,D07AC07,D07AC07,D07AC07 - Fludroxicortida,D07AC07 - Fludroxicortida
1782,D07AC08,D07AC08,D07AC08 - Fluocinónida,D07AC08 - Fluocinónida
1783,D07AC09,D07AC09,D07AC09 - Budesonida,D07AC09 - Budesonida
1784,D07AC10,D07AC10,D07AC10 - Diflorasona,D07AC10 - Diflorasona
1785,D07AC11,D07AC11,D07AC11 - Amcinónida,D07AC11 - Amcinónida
1786,D07AC12,D07AC12,D07AC12 - Halometasona,D07AC12 - Halometasona
1787,D07AC13,D07AC13,D07AC13 - Mometasona,D07AC13 - Mometasona
1788,D07AC14,D07AC14,"D07AC14 - Metilprednisolona, aceponato de","D07AC14 - Metilprednisolona, aceponato de"
1789,D07AC15,D07AC15,D07AC15 - Beclometasona,D07AC15 - Beclometasona
1790,D07AC16,D07AC16,"D07AC16 - Hidrocortisona, aceponato de","D07AC16 - Hidrocortisona, aceponato de"
1791,D07AC17,D07AC17,D07AC17 - Fluticasona,D07AC17 - Fluticasona
1792,D07AC18,D07AC18,D07AC18 - Prednicarbato,D07AC18 - Prednicarbato
1793,D07AC19,D07AC19,D07AC19 - Difluprednato,D07AC19 - Difluprednato
1794,D07AC21,D07AC21,D07AC21 - Ulobetasol,D07AC21 - Ulobetasol
1795,D07AD,D07AD,D07AD - Corticosteroides muy potentes (grupo IV),D07AD - Corticosteroides muy potentes (grupo IV)
1796,D07AD01,D07AD01,D07AD01 - Clobetasol,D07AD01 - Clobetasol
1797,D07AD02,D07AD02,D07AD02 - Halcinonida,D07AD02 - Halcinonida
1798,D07B,D07B,D07B - CORTICOSTEROIDES EN COMBINACIÓN CON ANTISÉPTICOS,D07B - CORTICOSTEROIDES EN COMBINACIÓN CON ANTISÉPTICOS
1799,D07BA,D07BA,D07BA - Corticosteroides de baja potencia en combinación con antisépticos,D07BA - Corticosteroides de baja potencia en combinación con antisépticos
1800,D07BA01,D07BA01,D07BA01 - Prednisolona con antisépticos,D07BA01 - Prednisolona con antisépticos
1801,D07BA04,D07BA04,D07BA04 - Hidrocortisona con antisépticos,D07BA04 - Hidrocortisona con antisépticos
1802,D07BB,D07BB,D07BB - Corticosteroides moderadamente potentes en combinación con antisépticos,D07BB - Corticosteroides moderadamente potentes en combinación con antisépticos
1803,D07BB01,D07BB01,D07BB01 - Flumetasona con antisépticos,D07BB01 - Flumetasona con antisépticos
1804,D07BB02,D07BB02,D07BB02 - Desonida con antisépticos,D07BB02 - Desonida con antisépticos
1805,D07BB03,D07BB03,D07BB03 - Triamcinolona con antisépticos,D07BB03 - Triamcinolona con antisépticos
1806,D07BB04,D07BB04,"D07BB04 - Hidrocortisona, butirato de, con antisépticos","D07BB04 - Hidrocortisona, butirato de, con antisépticos"
1807,D07BC,D07BC,D07BC - Corticosteroides potentes en combinación con antisépticos,D07BC - Corticosteroides potentes en combinación con antisépticos
1808,D07BC01,D07BC01,D07BC01 - Betametasona con antisépticos,D07BC01 - Betametasona con antisépticos
1809,D07BC02,D07BC02,"D07BC02 - Fluocinolona, acetónido de, con antisépticos","D07BC02 - Fluocinolona, acetónido de, con antisépticos"
1810,D07BC03,D07BC03,D07BC03 - Fluocortolona con antisépticos,D07BC03 - Fluocortolona con antisépticos
1811,D07BC04,D07BC04,D07BC04 - Diflucortolona con antisépticos,D07BC04 - Diflucortolona con antisépticos
1812,D07BD,D07BD,D07BD - Corticosteroides muy potentes en combinación con antisépticos,D07BD - Corticosteroides muy potentes en combinación con antisépticos
1813,D07C,D07C,D07C - CORTICOSTEROIDES EN COMBINACIÓN CON ANTIBIÓTICOS,D07C - CORTICOSTEROIDES EN COMBINACIÓN CON ANTIBIÓTICOS
1814,D07CA,D07CA,D07CA - Corticosteroides de baja potencia en combinación con antibióticos,D07CA - Corticosteroides de baja potencia en combinación con antibióticos
1815,D07CA01,D07CA01,D07CA01 - Hidrocortisona con antibióticos,D07CA01 - Hidrocortisona con antibióticos
1816,D07CA02,D07CA02,D07CA02 - Metilprednisolona con antibióticos,D07CA02 - Metilprednisolona con antibióticos
1817,D07CA03,D07CA03,D07CA03 - Prednisolona con antibióticos,D07CA03 - Prednisolona con antibióticos
1818,D07CB,D07CB,D07CB - Corticosteroides moderadamente potentes en combinación con antibióticos,D07CB - Corticosteroides moderadamente potentes en combinación con antibióticos
1819,D07CB01,D07CB01,D07CB01 - Triamcinolona con antibióticos,D07CB01 - Triamcinolona con antibióticos
1820,D07CB02,D07CB02,D07CB02 - Fluprednideno con antibióticos,D07CB02 - Fluprednideno con antibióticos
1821,D07CB03,D07CB03,D07CB03 - Fluorometolona con antibióticos,D07CB03 - Fluorometolona con antibióticos
1822,D07CB04,D07CB04,D07CB04 - Dexametasona con antibióticos,D07CB04 - Dexametasona con antibióticos
1823,D07CB05,D07CB05,D07CB05 - Flumetasona con antibióticos,D07CB05 - Flumetasona con antibióticos
1824,D07CC,D07CC,D07CC - Corticosteroides potentes en combinación con antibióticos,D07CC - Corticosteroides potentes en combinación con antibióticos
1825,D07CC01,D07CC01,D07CC01 - Betametasona con antibióticos,D07CC01 - Betametasona con antibióticos
1826,D07CC02,D07CC02,D07CC02 - Fluocinolona con antibióticos,D07CC02 - Fluocinolona con antibióticos
1827,D07CC03,D07CC03,D07CC03 - Fludroxicortida con antibióticos,D07CC03 - Fludroxicortida con antibióticos
1828,D07CC04,D07CC04,D07CC04 - Beclometasona con antibióticos,D07CC04 - Beclometasona con antibióticos
1829,D07CC05,D07CC05,D07CC05 - Fluocinónida con antibióticos,D07CC05 - Fluocinónida con antibióticos
1830,D07CC06,D07CC06,D07CC06 - Fluocortolona con antibióticos,D07CC06 - Fluocortolona con antibióticos
1831,D07CD,D07CD,D07CD - Corticosteroides muy potentes en combinación con antibióticos,D07CD - Corticosteroides muy potentes en combinación con antibióticos
1832,D07CD01,D07CD01,D07CD01 - Clobetasol con antibióticos,D07CD01 - Clobetasol con antibióticos
1833,D07X,D07X,"D07X - CORTICOSTEROIDES, OTRAS COMBINACIONES","D07X - CORTICOSTEROIDES, OTRAS COMBINACIONES"
1834,D07XA,D07XA,"D07XA - Corticosteroides de baja potencia, otras combinaciones","D07XA - Corticosteroides de baja potencia, otras combinaciones"
1835,D07XA01,D07XA01,D07XA01 - Hidrocortisona,D07XA01 - Hidrocortisona
1836,D07XA02,D07XA02,D07XA02 - Prednisolona,D07XA02 - Prednisolona
1837,D07XB,D07XB,"D07XB - Corticosteroides moderadamente potentes, otras combinaciones","D07XB - Corticosteroides moderadamente potentes, otras combinaciones"
1838,D07XB01,D07XB01,D07XB01 - Flumetasona,D07XB01 - Flumetasona
1839,D07XB02,D07XB02,D07XB02 - Triamcinolona,D07XB02 - Triamcinolona
1840,D07XB03,D07XB03,D07XB03 - Fluprednideno,D07XB03 - Fluprednideno
1841,D07XB04,D07XB04,D07XB04 - Fluorometolona,D07XB04 - Fluorometolona
1842,D07XB05,D07XB05,D07XB05 - Dexametasona,D07XB05 - Dexametasona
1843,D07XB30,D07XB30,D07XB30 - Combinaciones de corticosteroides,D07XB30 - Combinaciones de corticosteroides
1844,D07XC,D07XC,"D07XC - Corticosteroides potentes, otras combinaciones","D07XC - Corticosteroides potentes, otras combinaciones"
1845,D07XC01,D07XC01,D07XC01 - Betametasona,D07XC01 - Betametasona
1846,D07XC02,D07XC02,D07XC02 - Desoximetasona,D07XC02 - Desoximetasona
1847,D07XC03,D07XC03,D07XC03 - Mometasona,D07XC03 - Mometasona
1848,D07XC04,D07XC04,D07XC04 - Diflucortolona,D07XC04 - Diflucortolona
1849,D07XD,D07XD,"D07XD - Corticosteroides muy potentes, otras combinaciones","D07XD - Corticosteroides muy potentes, otras combinaciones"
1850,D08,D08,D08 - ANTISÉPTICOS Y DESINFECTANTES,D08 - ANTISÉPTICOS Y DESINFECTANTES
1851,D08A,D08A,D08A - ANTISÉPTICOS Y DESINFECTANTES,D08A - ANTISÉPTICOS Y DESINFECTANTES
1852,D08AA,D08AA,D08AA - Derivados de la acridina,D08AA - Derivados de la acridina
1853,D08AA01,D08AA01,"D08AA01 - Etacridina, lactato","D08AA01 - Etacridina, lactato"
1854,D08AA02,D08AA02,D08AA02 - Aminoacridina,D08AA02 - Aminoacridina
1855,D08AA03,D08AA03,"D08AA03 - Acriflavinio, cloruro","D08AA03 - Acriflavinio, cloruro"
1856,D08AB,D08AB,D08AB - Agentes con aluminio,D08AB - Agentes con aluminio
1857,D08AC,D08AC,D08AC - Biguanidas y amidinas,D08AC - Biguanidas y amidinas
1858,D08AC01,D08AC01,D08AC01 - Dibrompropamidina,D08AC01 - Dibrompropamidina
1859,D08AC02,D08AC02,D08AC02 - Clorhexidina,D08AC02 - Clorhexidina
1860,D08AC03,D08AC03,D08AC03 - Propamidina,D08AC03 - Propamidina
1861,D08AC04,D08AC04,D08AC04 - Hexamidina,D08AC04 - Hexamidina
1862,D08AC05,D08AC05,D08AC05 - Polihexanida,D08AC05 - Polihexanida
1863,D08AC52,D08AC52,"D08AC52 - Clorhexidina, combinaciones con","D08AC52 - Clorhexidina, combinaciones con"
1864,D08AD,D08AD,D08AD - Productos con ácido bórico,D08AD - Productos con ácido bórico
1865,D08AE,D08AE,D08AE - Fenol y derivados,D08AE - Fenol y derivados
1866,D08AE01,D08AE01,D08AE01 - Hexaclorofeno,D08AE01 - Hexaclorofeno
1867,D08AE02,D08AE02,D08AE02 - Policresuleno,D08AE02 - Policresuleno
1868,D08AE03,D08AE03,D08AE03 - Fenol,D08AE03 - Fenol
1869,D08AE04,D08AE04,D08AE04 - Triclosán,D08AE04 - Triclosán
1870,D08AE05,D08AE05,D08AE05 - Cloroxilenol,D08AE05 - Cloroxilenol
1871,D08AE06,D08AE06,D08AE06 - Bifenilol,D08AE06 - Bifenilol
1872,D08AF,D08AF,D08AF - Derivados del nitrofurano,D08AF - Derivados del nitrofurano
1873,D08AF01,D08AF01,D08AF01 - Nitrofural,D08AF01 - Nitrofural
1874,D08AG,D08AG,D08AG - Productos con iodo,D08AG - Productos con iodo
1875,D08AG01,D08AG01,D08AG01 - Iodo/octilfenoxipoliglicoleter,D08AG01 - Iodo/octilfenoxipoliglicoleter
1876,D08AG02,D08AG02,D08AG02 - Povidona iodada,D08AG02 - Povidona iodada
1877,D08AG03,D08AG03,D08AG03 - Yodo,D08AG03 - Yodo
1878,D08AG04,D08AG04,D08AG04 - Diiodohidroxipropano,D08AG04 - Diiodohidroxipropano
1879,D08AH,D08AH,D08AH - Derivados de la quinolina,D08AH - Derivados de la quinolina
1880,D08AH01,D08AH01,"D08AH01 - Decualinio, cloruro","D08AH01 - Decualinio, cloruro"
1881,D08AH02,D08AH02,D08AH02 - Clorquinaldol,D08AH02 - Clorquinaldol
1882,D08AH03,D08AH03,D08AH03 - Oxiquinolina,D08AH03 - Oxiquinolina
1883,D08AH30,D08AH30,D08AH30 - Clioquinol,D08AH30 - Clioquinol
1884,D08AJ,D08AJ,D08AJ - Compuestos de amonio cuaternario,D08AJ - Compuestos de amonio cuaternario
1885,D08AJ01,D08AJ01,"D08AJ01 - Benzalconio, cloruro de","D08AJ01 - Benzalconio, cloruro de"
1886,D08AJ02,D08AJ02,"D08AJ02 - Cetrimonio, bromuro de","D08AJ02 - Cetrimonio, bromuro de"
1887,D08AJ03,D08AJ03,"D08AJ03 - Cetilpiridinio, cloruro de","D08AJ03 - Cetilpiridinio, cloruro de"
1888,D08AJ04,D08AJ04,D08AJ04 - Cetrimida,D08AJ04 - Cetrimida
1889,D08AJ05,D08AJ05,"D08AJ05 - Benzoxonio, cloruro de","D08AJ05 - Benzoxonio, cloruro de"
1890,D08AJ06,D08AJ06,"D08AJ06 - Didecildimetilamonio, cloruro de","D08AJ06 - Didecildimetilamonio, cloruro de"
1891,D08AJ57,D08AJ57,"D08AJ57 - Octenidina, combinaciones","D08AJ57 - Octenidina, combinaciones"
1892,D08AJ58,D08AJ58,"D08AJ58 - Bencetonio, cloruro de, combinaciones con","D08AJ58 - Bencetonio, cloruro de, combinaciones con"
1893,D08AK,D08AK,D08AK - Productos mercuriales,D08AK - Productos mercuriales
1894,D08AK01,D08AK01,D08AK01 - Mercúrico amidocloruro,D08AK01 - Mercúrico amidocloruro
1895,D08AK02,D08AK02,D08AK02 - Fenilmercúrico borato,D08AK02 - Fenilmercúrico borato
1896,D08AK03,D08AK03,D08AK03 - Mercúrico cloruro,D08AK03 - Mercúrico cloruro
1897,D08AK04,D08AK04,D08AK04 - Merbromina,D08AK04 - Merbromina
1898,D08AK05,D08AK05,D08AK05 - Mercurio metálico,D08AK05 - Mercurio metálico
1899,D08AK06,D08AK06,D08AK06 - Tiomersal,D08AK06 - Tiomersal
1900,D08AK30,D08AK30,D08AK30 - Mercúrico ioduro,D08AK30 - Mercúrico ioduro
1901,D08AL,D08AL,D08AL - Compuestos de plata,D08AL - Compuestos de plata
1902,D08AL01,D08AL01,D08AL01 - Nitrato de plata,D08AL01 - Nitrato de plata
1903,D08AL30,D08AL30,D08AL30 - Plata,D08AL30 - Plata
1904,D08AX,D08AX,D08AX - Otros antisépticos y desinfectantes,D08AX - Otros antisépticos y desinfectantes
1905,D08AX01,D08AX01,D08AX01 - Peróxido de hidrógeno,D08AX01 - Peróxido de hidrógeno
1906,D08AX02,D08AX02,D08AX02 - Eosina,D08AX02 - Eosina
1907,D08AX03,D08AX03,D08AX03 - Propanol,D08AX03 - Propanol
1908,D08AX04,D08AX04,D08AX04 - Tosilcloramida sódica,D08AX04 - Tosilcloramida sódica
1909,D08AX05,D08AX05,D08AX05 - Isopropanol,D08AX05 - Isopropanol
1910,D08AX06,D08AX06,D08AX06 - Permanganato de potasio,D08AX06 - Permanganato de potasio
1911,D08AX07,D08AX07,D08AX07 - Hipoclorito de sodio,D08AX07 - Hipoclorito de sodio
1912,D08AX08,D08AX08,D08AX08 - Etanol,D08AX08 - Etanol
1913,D08AX53,D08AX53,"D08AX53 - Propanol, combinaciones con","D08AX53 - Propanol, combinaciones con"
1914,D09,D09,D09 - APÓSITOS CON MEDICAMENTOS,D09 - APÓSITOS CON MEDICAMENTOS
1915,D09A,D09A,D09A - APÓSITOS CON MEDICAMENTOS,D09A - APÓSITOS CON MEDICAMENTOS
1916,D09AA,D09AA,D09AA - Apósitos con pomada con antiinfecciosos,D09AA - Apósitos con pomada con antiinfecciosos
1917,D09AA01,D09AA01,D09AA01 - Framicetina,D09AA01 - Framicetina
1918,D09AA02,D09AA02,D09AA02 - Ácido fusídico,D09AA02 - Ácido fusídico
1919,D09AA03,D09AA03,D09AA03 - Nitrofural,D09AA03 - Nitrofural
1920,D09AA04,D09AA04,D09AA04 - Fenilmercúrico nitrato,D09AA04 - Fenilmercúrico nitrato
1921,D09AA05,D09AA05,"D09AA05 - Benzododecinio, cloruro","D09AA05 - Benzododecinio, cloruro"
1922,D09AA06,D09AA06,D09AA06 - Triclosán,D09AA06 - Triclosán
1923,D09AA07,D09AA07,"D09AA07 - Cetilpiridinio, cloruro de","D09AA07 - Cetilpiridinio, cloruro de"
1924,D09AA08,D09AA08,D09AA08 - Clorhidrato de aluminio,D09AA08 - Clorhidrato de aluminio
1925,D09AA09,D09AA09,D09AA09 - Povidona iodada,D09AA09 - Povidona iodada
1926,D09AA10,D09AA10,D09AA10 - Clioquinol,D09AA10 - Clioquinol
1927,D09AA11,D09AA11,"D09AA11 - Benzalconio, cloruro de","D09AA11 - Benzalconio, cloruro de"
1928,D09AA12,D09AA12,D09AA12 - Clorhexidina,D09AA12 - Clorhexidina
1929,D09AB,D09AB,D09AB - Vendajes con zinc,D09AB - Vendajes con zinc
1930,D09AB01,D09AB01,"D09AB01 - Zinc, vendajes con, sin suplementos","D09AB01 - Zinc, vendajes con, sin suplementos"
1931,D09AB02,D09AB02,"D09AB02 - Zinc, vendajes con, con suplementos","D09AB02 - Zinc, vendajes con, con suplementos"
1932,D09AX,D09AX,D09AX - Apósitos con parafina blanda,D09AX - Apósitos con parafina blanda
1933,D10,D10,D10 - PREPARADOS ANTI-ACNÉ,D10 - PREPARADOS ANTI-ACNÉ
1934,D10A,D10A,D10A - PREPARADOS ANTI-ACNÉ PARA USO TÓPICO,D10A - PREPARADOS ANTI-ACNÉ PARA USO TÓPICO
1935,D10AA,D10AA,D10AA - Combinaciones con corticosteroides para el tratamiento del acné,D10AA - Combinaciones con corticosteroides para el tratamiento del acné
1936,D10AA01,D10AA01,D10AA01 - Fluorometolona,D10AA01 - Fluorometolona
1937,D10AA02,D10AA02,D10AA02 - Metilprednisolona,D10AA02 - Metilprednisolona
1938,D10AA03,D10AA03,D10AA03 - Dexametasona,D10AA03 - Dexametasona
1939,D10AB,D10AB,D10AB - Preparados que contienen azufre,D10AB - Preparados que contienen azufre
1940,D10AB01,D10AB01,D10AB01 - Bitionol,D10AB01 - Bitionol
1941,D10AB02,D10AB02,D10AB02 - Azufre,D10AB02 - Azufre
1942,D10AB03,D10AB03,D10AB03 - Tioxolona,D10AB03 - Tioxolona
1943,D10AB05,D10AB05,D10AB05 - Mesulfeno,D10AB05 - Mesulfeno
1944,D10AD,D10AD,D10AD - Retinoides para uso tópico en acné,D10AD - Retinoides para uso tópico en acné
1945,D10AD01,D10AD01,D10AD01 - Tretinoína,D10AD01 - Tretinoína
1946,D10AD02,D10AD02,D10AD02 - Retinol,D10AD02 - Retinol
1947,D10AD03,D10AD03,D10AD03 - Adapaleno,D10AD03 - Adapaleno
1948,D10AD04,D10AD04,D10AD04 - Isotretinoína,D10AD04 - Isotretinoína
1949,D10AD05,D10AD05,D10AD05 - Motretinida,D10AD05 - Motretinida
1950,D10AD51,D10AD51,"D10AD51 - Tretinoína, combinaciones con","D10AD51 - Tretinoína, combinaciones con"
1951,D10AD54,D10AD54,"D10AD54 - Isotretinoína, combinaciones con","D10AD54 - Isotretinoína, combinaciones con"
1952,D10AE,D10AE,D10AE - Peróxidos,D10AE - Peróxidos
1953,D10AE01,D10AE01,D10AE01 - Peróxido de benzoílo,D10AE01 - Peróxido de benzoílo
1954,D10AE51,D10AE51,"D10AE51 - Peróxido de benzoílo, combinaciones con","D10AE51 - Peróxido de benzoílo, combinaciones con"
1955,D10AF,D10AF,D10AF - Antiinfecciosos para el tratamiento del acné,D10AF - Antiinfecciosos para el tratamiento del acné
1956,D10AF01,D10AF01,D10AF01 - Clindamicina,D10AF01 - Clindamicina
1957,D10AF02,D10AF02,D10AF02 - Eritromicina,D10AF02 - Eritromicina
1958,D10AF03,D10AF03,D10AF03 - Cloranfenicol,D10AF03 - Cloranfenicol
1959,D10AF04,D10AF04,D10AF04 - Meclociclina,D10AF04 - Meclociclina
1960,D10AF52,D10AF52,"D10AF52 - Eritromicina, combinaciones con","D10AF52 - Eritromicina, combinaciones con"
1961,D10AX,D10AX,D10AX - Otros preparados anti- acné para uso tópico,D10AX - Otros preparados anti- acné para uso tópico
1962,D10AX01,D10AX01,D10AX01 - Cloruro de aluminio,D10AX01 - Cloruro de aluminio
1963,D10AX02,D10AX02,D10AX02 - Resorcinol,D10AX02 - Resorcinol
1964,D10AX03,D10AX03,D10AX03 - Ácido azelaico,D10AX03 - Ácido azelaico
1965,D10AX04,D10AX04,D10AX04 - Óxido de alumino,D10AX04 - Óxido de alumino
1966,D10AX30,D10AX30,D10AX30 - Varias combinaciones,D10AX30 - Varias combinaciones
1967,D10B,D10B,D10B - PREPARADOS ANTI-ACNÉ PARA USO SISTÉMICO,D10B - PREPARADOS ANTI-ACNÉ PARA USO SISTÉMICO
1968,D10BA,D10BA,D10BA - Retinoides para el tratamiento del acné,D10BA - Retinoides para el tratamiento del acné
1969,D10BA01,D10BA01,D10BA01 - Isotretinoína,D10BA01 - Isotretinoína
1970,D10BX,D10BX,D10BX - Otros preparados anti-acné para uso sistémico,D10BX - Otros preparados anti-acné para uso sistémico
1971,D10BX01,D10BX01,D10BX01 - Ictasol,D10BX01 - Ictasol
1972,D11,D11,D11 - OTROS PREPARADOS DERMATOLÓGICOS,D11 - OTROS PREPARADOS DERMATOLÓGICOS
1973,D11A,D11A,D11A - OTROS PREPARADOS DERMATOLÓGICOS,D11A - OTROS PREPARADOS DERMATOLÓGICOS
1974,D11AA,D11AA,D11AA - Anhidróticos,D11AA - Anhidróticos
1975,D11AC,D11AC,D11AC - Champúes medicinales,D11AC - Champúes medicinales
1976,D11AC01,D11AC01,D11AC01 - Cetrimida,D11AC01 - Cetrimida
1977,D11AC02,D11AC02,"D11AC02 - Cadmio, compuestos con","D11AC02 - Cadmio, compuestos con"
1978,D11AC03,D11AC03,"D11AC03 - Selenio, compuestos con","D11AC03 - Selenio, compuestos con"
1979,D11AC06,D11AC06,D11AC06 - Povidona iodada,D11AC06 - Povidona iodada
1980,D11AC08,D11AC08,"D11AC08 - Azufre, compuestos con","D11AC08 - Azufre, compuestos con"
1981,D11AC09,D11AC09,D11AC09 - Xenisalato,D11AC09 - Xenisalato
1982,D11AC30,D11AC30,D11AC30 - Champues Medicinales. Otros,D11AC30 - Champues Medicinales. Otros
1983,D11AE,D11AE,D11AE - Andrógenos para uso tópico,D11AE - Andrógenos para uso tópico
1984,D11AE01,D11AE01,D11AE01 - Metandienona,D11AE01 - Metandienona
1985,D11AF,D11AF,D11AF - Preparados anti-verrugas y callicidas,D11AF - Preparados anti-verrugas y callicidas
1986,D11AX,D11AX,D11AX - Otros productos dermatológicos,D11AX - Otros productos dermatológicos
1987,D11AX01,D11AX01,D11AX01 - Minoxidil,D11AX01 - Minoxidil
1988,D11AX02,D11AX02,D11AX02 - Ácido gamolénico,D11AX02 - Ácido gamolénico
1989,D11AX03,D11AX03,D11AX03 - Gluconato de calcio,D11AX03 - Gluconato de calcio
1990,D11AX04,D11AX04,D11AX04 - Succinato de litio,D11AX04 - Succinato de litio
1991,D11AX05,D11AX05,D11AX05 - Sulfato de magnesio,D11AX05 - Sulfato de magnesio
1992,D11AX06,D11AX06,D11AX06 - Mequinol,D11AX06 - Mequinol
1993,D11AX08,D11AX08,D11AX08 - Tiratricol,D11AX08 - Tiratricol
1994,D11AX09,D11AX09,D11AX09 - Oxaceprol,D11AX09 - Oxaceprol
1995,D11AX10,D11AX10,D11AX10 - Finasterida,D11AX10 - Finasterida
1996,D11AX11,D11AX11,D11AX11 - Hidroquinona,D11AX11 - Hidroquinona
1997,D11AX12,D11AX12,D11AX12 - Piritiona cincica,D11AX12 - Piritiona cincica
1998,D11AX13,D11AX13,D11AX13 - Monobenzona,D11AX13 - Monobenzona
1999,D11AX14,D11AX14,D11AX14 - Tacrolimus,D11AX14 - Tacrolimus
2000,D11AX52,D11AX52,"D11AX52 - Gamolénico ácido, combinaciones con","D11AX52 - Gamolénico ácido, combinaciones con"
2001,D11AX57,D11AX57,"D11AX57 - Colágeno, combinaciones con","D11AX57 - Colágeno, combinaciones con"
2002,G,G,G - SISTEMA GENITOURINARIO Y HORMONAS SEXUALES,G - SISTEMA GENITOURINARIO Y HORMONAS SEXUALES
2003,G01,G01,G01 - ANTIINFECCIOSOS Y ANTISÉPTICOS GINECOLÓGICOS,G01 - ANTIINFECCIOSOS Y ANTISÉPTICOS GINECOLÓGICOS
2004,G01A,G01A,G01A - ANTIINFECCIOSOS Y ANTISÉPTICOS EXCLUYENDO COMBINACIONES CON CORTICOSTEROIDES,G01A - ANTIINFECCIOSOS Y ANTISÉPTICOS EXCLUYENDO COMBINACIONES CON CORTICOSTEROIDES
2005,G01AA,G01AA,G01AA - Antibióticos,G01AA - Antibióticos
2006,G01AA01,G01AA01,G01AA01 - Nistatina,G01AA01 - Nistatina
2007,G01AA02,G01AA02,G01AA02 - Natamicina,G01AA02 - Natamicina
2008,G01AA03,G01AA03,G01AA03 - Amfotericina B,G01AA03 - Amfotericina B
2009,G01AA04,G01AA04,G01AA04 - Candicidina,G01AA04 - Candicidina
2010,G01AA05,G01AA05,G01AA05 - Cloranfenicol,G01AA05 - Cloranfenicol
2011,G01AA06,G01AA06,G01AA06 - Hachimicina,G01AA06 - Hachimicina
2012,G01AA07,G01AA07,G01AA07 - Oxitetraciclina,G01AA07 - Oxitetraciclina
2013,G01AA08,G01AA08,G01AA08 - Carfecilina,G01AA08 - Carfecilina
2014,G01AA09,G01AA09,G01AA09 - Mepartricina,G01AA09 - Mepartricina
2015,G01AA10,G01AA10,G01AA10 - Clindamicina,G01AA10 - Clindamicina
2016,G01AA11,G01AA11,G01AA11 - Pentamicina,G01AA11 - Pentamicina
2017,G01AA51,G01AA51,"G01AA51 - Nistatina, combinaciones con","G01AA51 - Nistatina, combinaciones con"
2018,G01AB,G01AB,G01AB - Compuestos de arsénico,G01AB - Compuestos de arsénico
2019,G01AB01,G01AB01,G01AB01 - Acetarsol,G01AB01 - Acetarsol
2020,G01AC,G01AC,G01AC - Derivados de la quinolina,G01AC - Derivados de la quinolina
2021,G01AC01,G01AC01,G01AC01 - Diiodohidroxiquinoleína,G01AC01 - Diiodohidroxiquinoleína
2022,G01AC02,G01AC02,G01AC02 - Clioquinol,G01AC02 - Clioquinol
2023,G01AC03,G01AC03,G01AC03 - Clorquinaldol,G01AC03 - Clorquinaldol
2024,G01AC05,G01AC05,"G01AC05 - Decualinio, cloruro","G01AC05 - Decualinio, cloruro"
2025,G01AC06,G01AC06,G01AC06 - Broxiquinolina,G01AC06 - Broxiquinolina
2026,G01AC30,G01AC30,G01AC30 - Oxiquinolina,G01AC30 - Oxiquinolina
2027,G01AD,G01AD,G01AD - Acidos orgánicos,G01AD - Acidos orgánicos
2028,G01AD01,G01AD01,G01AD01 - Ácido láctico,G01AD01 - Ácido láctico
2029,G01AD02,G01AD02,G01AD02 - Ácido acético,G01AD02 - Ácido acético
2030,G01AD03,G01AD03,G01AD03 - Ácido ascórbico,G01AD03 - Ácido ascórbico
2031,G01AE,G01AE,G01AE - Sulfonamidas,G01AE - Sulfonamidas
2032,G01AE01,G01AE01,G01AE01 - Sulfatolamida,G01AE01 - Sulfatolamida
2033,G01AE10,G01AE10,"G01AE10 - Sulfonamidas, combinaciones de","G01AE10 - Sulfonamidas, combinaciones de"
2034,G01AF,G01AF,G01AF - Derivados imidazólicos,G01AF - Derivados imidazólicos
2035,G01AF01,G01AF01,G01AF01 - Metronidazol,G01AF01 - Metronidazol
2036,G01AF02,G01AF02,G01AF02 - Clotrimazol,G01AF02 - Clotrimazol
2037,G01AF04,G01AF04,G01AF04 - Miconazol,G01AF04 - Miconazol
2038,G01AF05,G01AF05,G01AF05 - Econazol,G01AF05 - Econazol
2039,G01AF06,G01AF06,G01AF06 - Ornidazol,G01AF06 - Ornidazol
2040,G01AF07,G01AF07,G01AF07 - Isoconazol,G01AF07 - Isoconazol
2041,G01AF08,G01AF08,G01AF08 - Tioconazol,G01AF08 - Tioconazol
2042,G01AF11,G01AF11,G01AF11 - Ketoconazol,G01AF11 - Ketoconazol
2043,G01AF12,G01AF12,G01AF12 - Fenticonazol,G01AF12 - Fenticonazol
2044,G01AF13,G01AF13,G01AF13 - Azanidazol,G01AF13 - Azanidazol
2045,G01AF14,G01AF14,G01AF14 - Propenidazol,G01AF14 - Propenidazol
2046,G01AF15,G01AF15,G01AF15 - Butoconazol,G01AF15 - Butoconazol
2047,G01AF16,G01AF16,G01AF16 - Omoconazol,G01AF16 - Omoconazol
2048,G01AF17,G01AF17,G01AF17 - Oxiconazol,G01AF17 - Oxiconazol
2049,G01AF20,G01AF20,G01AF20 - Combinaciones de derivados imidazólicos,G01AF20 - Combinaciones de derivados imidazólicos
2050,G01AG,G01AG,G01AG - Derivados triazólicos,G01AG - Derivados triazólicos
2051,G01AG02,G01AG02,G01AG02 - Terconazol,G01AG02 - Terconazol
2052,G01AX,G01AX,G01AX - Otros antiinfecciosos y antisépticos,G01AX - Otros antiinfecciosos y antisépticos
2053,G01AX01,G01AX01,G01AX01 - Clodantoina,G01AX01 - Clodantoina
2054,G01AX02,G01AX02,G01AX02 - Inosina,G01AX02 - Inosina
2055,G01AX03,G01AX03,G01AX03 - Policresuleno,G01AX03 - Policresuleno
2056,G01AX05,G01AX05,G01AX05 - Nifuratel,G01AX05 - Nifuratel
2057,G01AX06,G01AX06,G01AX06 - Furazolidona,G01AX06 - Furazolidona
2058,G01AX09,G01AX09,G01AX09 - Metilrosanilina,G01AX09 - Metilrosanilina
2059,G01AX11,G01AX11,G01AX11 - Povidona iodada,G01AX11 - Povidona iodada
2060,G01AX12,G01AX12,G01AX12 - Ciclopirox,G01AX12 - Ciclopirox
2061,G01AX13,G01AX13,G01AX13 - Protiofato,G01AX13 - Protiofato
2062,G01AX14,G01AX14,"G01AX14 - Lactobacilo, fermento","G01AX14 - Lactobacilo, fermento"
2063,G01AX15,G01AX15,G01AX15 - Usnato de cobre,G01AX15 - Usnato de cobre
2064,G01AX66,G01AX66,"G01AX66 - Octenidina, combinacíones","G01AX66 - Octenidina, combinacíones"
2065,G01B,G01B,G01B - ANTIINFECCIOSOS Y ANTISÉPTICOS EN COMBINACIÓN CON CORTICOSTEROIDES,G01B - ANTIINFECCIOSOS Y ANTISÉPTICOS EN COMBINACIÓN CON CORTICOSTEROIDES
2066,G01BA,G01BA,G01BA - Antibióticos con corticosteroides,G01BA - Antibióticos con corticosteroides
2067,G01BC,G01BC,G01BC - Derivados de la quinolina con corticosteroides,G01BC - Derivados de la quinolina con corticosteroides
2068,G01BD,G01BD,G01BD - Antisépticos con corticosteroides,G01BD - Antisépticos con corticosteroides
2069,G01BE,G01BE,G01BE - Sulfonamidas con corticosteroides,G01BE - Sulfonamidas con corticosteroides
2070,G01BF,G01BF,G01BF - Derivados imidazólicos con corticosteroides,G01BF - Derivados imidazólicos con corticosteroides
2071,G02,G02,G02 - OTROS GINECOLÓGICOS,G02 - OTROS GINECOLÓGICOS
2072,G02A,G02A,G02A - Uterotonicos,G02A - Uterotonicos
2073,G02AB,G02AB,G02AB - Alcaloides del ergot,G02AB - Alcaloides del ergot
2074,G02AB01,G02AB01,G02AB01 - Metilergometrina,G02AB01 - Metilergometrina
2075,G02AB02,G02AB02,G02AB02 - Alcaloides del cornezuelo de centeno,G02AB02 - Alcaloides del cornezuelo de centeno
2076,G02AB03,G02AB03,G02AB03 - Ergometrina,G02AB03 - Ergometrina
2077,G02AC,G02AC,"G02AC - Alcaloides del ergot y oxitocina, incluyendo análogos, en combinación","G02AC - Alcaloides del ergot y oxitocina, incluyendo análogos, en combinación"
2078,G02AC01,G02AC01,G02AC01 - Metilergometrina y oxitocina,G02AC01 - Metilergometrina y oxitocina
2079,G02AD,G02AD,G02AD - Prostaglandinas,G02AD - Prostaglandinas
2080,G02AD01,G02AD01,G02AD01 - Dinoprost,G02AD01 - Dinoprost
2081,G02AD02,G02AD02,G02AD02 - Dinoprostona,G02AD02 - Dinoprostona
2082,G02AD03,G02AD03,G02AD03 - Gemeprost,G02AD03 - Gemeprost
2083,G02AD04,G02AD04,G02AD04 - Carboprost,G02AD04 - Carboprost
2084,G02AD05,G02AD05,G02AD05 - Sulprostona,G02AD05 - Sulprostona
2085,G02AX,G02AX,G02AX - Otros uterotonicos,G02AX - Otros uterotonicos
2086,G02B,G02B,G02B - ANTICONCEPTIVOS PARA USO TÓPICO,G02B - ANTICONCEPTIVOS PARA USO TÓPICO
2087,G02BA,G02BA,G02BA - Anticonceptivos intrauterinos,G02BA - Anticonceptivos intrauterinos
2088,G02BA01,G02BA01,G02BA01 - DIU de plástico,G02BA01 - DIU de plástico
2089,G02BA02,G02BA02,G02BA02 - DIU de plástico con cobre,G02BA02 - DIU de plástico con cobre
2090,G02BA03,G02BA03,G02BA03 - DIU de plástico con progestágeno,G02BA03 - DIU de plástico con progestágeno
2091,G02BB,G02BB,G02BB - Anticonceptivos intravaginales,G02BB - Anticonceptivos intravaginales
2092,G02BB01,G02BB01,G02BB01 - Anillo vaginal con progestágeno y estrógeno,G02BB01 - Anillo vaginal con progestágeno y estrógeno
2093,G02C,G02C,G02C - OTROS PRODUCTOS GINECOLÓGICOS,G02C - OTROS PRODUCTOS GINECOLÓGICOS
2094,G02CA,G02CA,G02CA - Simpaticomiméticos que inhiben el trabajo de parto,G02CA - Simpaticomiméticos que inhiben el trabajo de parto
2095,G02CA01,G02CA01,G02CA01 - Ritodrina,G02CA01 - Ritodrina
2096,G02CA02,G02CA02,G02CA02 - Bufenina,G02CA02 - Bufenina
2097,G02CA03,G02CA03,G02CA03 - Fenoterol,G02CA03 - Fenoterol
2098,G02CB,G02CB,G02CB - Inhibidores de la prolactina,G02CB - Inhibidores de la prolactina
2099,G02CB01,G02CB01,G02CB01 - Bromocriptina,G02CB01 - Bromocriptina
2100,G02CB02,G02CB02,G02CB02 - Lisurida,G02CB02 - Lisurida
2101,G02CB03,G02CB03,G02CB03 - Cabergolina,G02CB03 - Cabergolina
2102,G02CB04,G02CB04,G02CB04 - Quinagolida,G02CB04 - Quinagolida
2103,G02CB05,G02CB05,G02CB05 - Metergolina,G02CB05 - Metergolina
2104,G02CC,G02CC,G02CC - Productos antiinflamatorios para administración vaginal,G02CC - Productos antiinflamatorios para administración vaginal
2105,G02CC01,G02CC01,G02CC01 - Ibuprofeno,G02CC01 - Ibuprofeno
2106,G02CC02,G02CC02,G02CC02 - Naproxeno,G02CC02 - Naproxeno
2107,G02CC03,G02CC03,G02CC03 - Bencidamina,G02CC03 - Bencidamina
2108,G02CC04,G02CC04,G02CC04 - Flunoxaprofeno,G02CC04 - Flunoxaprofeno
2109,G02CX,G02CX,G02CX - Otros productos ginecológicos,G02CX - Otros productos ginecológicos
2110,G02CX01,G02CX01,G02CX01 - Atosiban,G02CX01 - Atosiban
2111,G03,G03,G03 - HORMONAS SEXUALES Y MODULADORES DEL SISTEMA GENITAL,G03 - HORMONAS SEXUALES Y MODULADORES DEL SISTEMA GENITAL
2112,G03A,G03A,G03A - ANTICONCEPTIVOS HORMONALES PARA USO SISTÉMICO,G03A - ANTICONCEPTIVOS HORMONALES PARA USO SISTÉMICO
2113,G03AA,G03AA,"G03AA - Progestágenos y estrógenos, preparados de dosis fijas","G03AA - Progestágenos y estrógenos, preparados de dosis fijas"
2114,G03AA01,G03AA01,G03AA01 - Etinodiol y estrógeno,G03AA01 - Etinodiol y estrógeno
2115,G03AA02,G03AA02,G03AA02 - Quingestanol y estrógeno,G03AA02 - Quingestanol y estrógeno
2116,G03AA03,G03AA03,G03AA03 - Linestrenol y estrógeno,G03AA03 - Linestrenol y estrógeno
2117,G03AA04,G03AA04,G03AA04 - Megestrol y estrógeno,G03AA04 - Megestrol y estrógeno
2118,G03AA05,G03AA05,G03AA05 - Noretisterona y estrógeno,G03AA05 - Noretisterona y estrógeno
2119,G03AA06,G03AA06,G03AA06 - Norgestrel y estrógeno,G03AA06 - Norgestrel y estrógeno
2120,G03AA07,G03AA07,G03AA07 - Levonorgestrel y estrógeno,G03AA07 - Levonorgestrel y estrógeno
2121,G03AA08,G03AA08,G03AA08 - Medroxiprogesterona y estrógeno,G03AA08 - Medroxiprogesterona y estrógeno
2122,G03AA09,G03AA09,G03AA09 - Desogestrel y estrógeno,G03AA09 - Desogestrel y estrógeno
2123,G03AA10,G03AA10,G03AA10 - Gestodeno y estrógeno,G03AA10 - Gestodeno y estrógeno
2124,G03AA11,G03AA11,G03AA11 - Norgestimato y estrógeno,G03AA11 - Norgestimato y estrógeno
2125,G03AA12,G03AA12,G03AA12 - Drospirenona y estrógeno,G03AA12 - Drospirenona y estrógeno
2126,G03AB,G03AB,"G03AB - Progestágenos y estrógenos, preparados secuenciales","G03AB - Progestágenos y estrógenos, preparados secuenciales"
2127,G03AB01,G03AB01,G03AB01 - Megestrol y estrógeno,G03AB01 - Megestrol y estrógeno
2128,G03AB02,G03AB02,G03AB02 - Linestrenol y estrógeno,G03AB02 - Linestrenol y estrógeno
2129,G03AB03,G03AB03,G03AB03 - Levonorgestrel y estrógeno,G03AB03 - Levonorgestrel y estrógeno
2130,G03AB04,G03AB04,G03AB04 - Noretisterona y estrógeno,G03AB04 - Noretisterona y estrógeno
2131,G03AB05,G03AB05,G03AB05 - Desogestrel y estrógeno,G03AB05 - Desogestrel y estrógeno
2132,G03AB06,G03AB06,G03AB06 - Gestodeno y estrógeno,G03AB06 - Gestodeno y estrógeno
2133,G03AB07,G03AB07,G03AB07 - Clormadinona y etinilestradiol,G03AB07 - Clormadinona y etinilestradiol
2134,G03AC,G03AC,G03AC - Progestágenos,G03AC - Progestágenos
2135,G03AC01,G03AC01,G03AC01 - Noretisterona,G03AC01 - Noretisterona
2136,G03AC02,G03AC02,G03AC02 - Linestrenol,G03AC02 - Linestrenol
2137,G03AC03,G03AC03,G03AC03 - Levonorgestrel,G03AC03 - Levonorgestrel
2138,G03AC04,G03AC04,G03AC04 - Quingestanol,G03AC04 - Quingestanol
2139,G03AC05,G03AC05,G03AC05 - Megestrol,G03AC05 - Megestrol
2140,G03AC06,G03AC06,G03AC06 - Medroxiprogesterona,G03AC06 - Medroxiprogesterona
2141,G03AC07,G03AC07,G03AC07 - Norgestrienona,G03AC07 - Norgestrienona
2142,G03AC08,G03AC08,G03AC08 - Etonogestrel,G03AC08 - Etonogestrel
2143,G03AC09,G03AC09,G03AC09 - Desogestrel,G03AC09 - Desogestrel
2144,G03B,G03B,G03B - ANDRÓGENOS,G03B - ANDRÓGENOS
2145,G03BA,G03BA,G03BA - Derivados del (4) 3-oxoandrosteno,G03BA - Derivados del (4) 3-oxoandrosteno
2146,G03BA01,G03BA01,G03BA01 - Fluoximesterona,G03BA01 - Fluoximesterona
2147,G03BA02,G03BA02,G03BA02 - Metiltestosterona,G03BA02 - Metiltestosterona
2148,G03BA03,G03BA03,G03BA03 - Testosterona,G03BA03 - Testosterona
2149,G03BB,G03BB,G03BB - Derivados de la (3) 5-androstanona,G03BB - Derivados de la (3) 5-androstanona
2150,G03BB01,G03BB01,G03BB01 - Mesterolona,G03BB01 - Mesterolona
2151,G03BB02,G03BB02,G03BB02 - Androstanolona,G03BB02 - Androstanolona
2152,G03C,G03C,G03C - ESTRÓGÉNOS,G03C - ESTRÓGÉNOS
2153,G03CA,G03CA,"G03CA - Estrógenos naturales y semisintéticos, monofármacos","G03CA - Estrógenos naturales y semisintéticos, monofármacos"
2154,G03CA01,G03CA01,G03CA01 - Etinilestradiol,G03CA01 - Etinilestradiol
2155,G03CA03,G03CA03,G03CA03 - Estradiol,G03CA03 - Estradiol
2156,G03CA04,G03CA04,G03CA04 - Estriol,G03CA04 - Estriol
2157,G03CA06,G03CA06,G03CA06 - Clorotrianiseno,G03CA06 - Clorotrianiseno
2158,G03CA07,G03CA07,G03CA07 - Estrona,G03CA07 - Estrona
2159,G03CA09,G03CA09,G03CA09 - Promestrieno,G03CA09 - Promestrieno
2160,G03CA53,G03CA53,"G03CA53 - Estradiol, combinaciones con","G03CA53 - Estradiol, combinaciones con"
2161,G03CA57,G03CA57,G03CA57 - Estrógenos conjugados,G03CA57 - Estrógenos conjugados
2162,G03CB,G03CB,"G03CB - Estrógenos sintéticos, monofármacos","G03CB - Estrógenos sintéticos, monofármacos"
2163,G03CB01,G03CB01,G03CB01 - Dienestrol,G03CB01 - Dienestrol
2164,G03CB02,G03CB02,G03CB02 - Dietilestilbestrol,G03CB02 - Dietilestilbestrol
2165,G03CB03,G03CB03,G03CB03 - Metalenestrilo,G03CB03 - Metalenestrilo
2166,G03CB04,G03CB04,G03CB04 - Moxestrol,G03CB04 - Moxestrol
2167,G03CC,G03CC,"G03CC - Estrógenos, combinaciones con otros fármacos","G03CC - Estrógenos, combinaciones con otros fármacos"
2168,G03CC02,G03CC02,G03CC02 - Dienestrol,G03CC02 - Dienestrol
2169,G03CC03,G03CC03,G03CC03 - Metalenestrilo,G03CC03 - Metalenestrilo
2170,G03CC04,G03CC04,G03CC04 - Estrona,G03CC04 - Estrona
2171,G03CC05,G03CC05,G03CC05 - Dietilestilbestrol,G03CC05 - Dietilestilbestrol
2172,G03D,G03D,G03D - PROGESTÁGENOS,G03D - PROGESTÁGENOS
2173,G03DA,G03DA,G03DA - Derivados del (4) pregneno,G03DA - Derivados del (4) pregneno
2174,G03DA01,G03DA01,G03DA01 - Gestonorona,G03DA01 - Gestonorona
2175,G03DA02,G03DA02,G03DA02 - Medroxiprogesterona,G03DA02 - Medroxiprogesterona
2176,G03DA03,G03DA03,G03DA03 - Hidroxiprogesterona,G03DA03 - Hidroxiprogesterona
2177,G03DA04,G03DA04,G03DA04 - Progesterona,G03DA04 - Progesterona
2178,G03DB,G03DB,G03DB - Derivados del pregnadieno,G03DB - Derivados del pregnadieno
2179,G03DB01,G03DB01,G03DB01 - Dihidrogesterona,G03DB01 - Dihidrogesterona
2180,G03DB02,G03DB02,G03DB02 - Megestrol,G03DB02 - Megestrol
2181,G03DB03,G03DB03,G03DB03 - Medrogestona,G03DB03 - Medrogestona
2182,G03DB04,G03DB04,G03DB04 - Nomegestrol,G03DB04 - Nomegestrol
2183,G03DB05,G03DB05,G03DB05 - Demegestona,G03DB05 - Demegestona
2184,G03DB06,G03DB06,G03DB06 - Clormadinona,G03DB06 - Clormadinona
2185,G03DB07,G03DB07,G03DB07 - Promegestona,G03DB07 - Promegestona
2186,G03DC,G03DC,G03DC - Derivados del estreno,G03DC - Derivados del estreno
2187,G03DC01,G03DC01,G03DC01 - Alilestrenol,G03DC01 - Alilestrenol
2188,G03DC02,G03DC02,G03DC02 - Noretisterona,G03DC02 - Noretisterona
2189,G03DC03,G03DC03,G03DC03 - Linestrerol,G03DC03 - Linestrerol
2190,G03DC04,G03DC04,G03DC04 - Etisterona,G03DC04 - Etisterona
2191,G03DC05,G03DC05,G03DC05 - Tibolona,G03DC05 - Tibolona
2192,G03DC06,G03DC06,G03DC06 - Etinodiol,G03DC06 - Etinodiol
2193,G03DC31,G03DC31,G03DC31 - Metilestrenolona,G03DC31 - Metilestrenolona
2194,G03E,G03E,G03E - ANDRÓGENOS Y HORMONAS SEXUALES FEMENINAS EN COMBINACIÓN,G03E - ANDRÓGENOS Y HORMONAS SEXUALES FEMENINAS EN COMBINACIÓN
2195,G03EA,G03EA,G03EA - Andrógenos y estrógenos,G03EA - Andrógenos y estrógenos
2196,G03EA01,G03EA01,G03EA01 - Metiltestosterona y estrógeno,G03EA01 - Metiltestosterona y estrógeno
2197,G03EA02,G03EA02,G03EA02 - Testosterona y estrógeno,G03EA02 - Testosterona y estrógeno
2198,G03EA03,G03EA03,G03EA03 - Prasterona y estrógeno,G03EA03 - Prasterona y estrógeno
2199,G03EB,G03EB,"G03EB - Andrógenos, progestágenos y estrógenos en combinación","G03EB - Andrógenos, progestágenos y estrógenos en combinación"
2200,G03EK,G03EK,G03EK - Andrógenos y hormonas sexuales femeninas en combinación con otros fármacos,G03EK - Andrógenos y hormonas sexuales femeninas en combinación con otros fármacos
2201,G03EK01,G03EK01,G03EK01 - Metiltestosterona,G03EK01 - Metiltestosterona
2202,G03F,G03F,G03F - PROGESTÁGENOS Y ESTRÓGENOS EN COMBINACIÓN,G03F - PROGESTÁGENOS Y ESTRÓGENOS EN COMBINACIÓN
2203,G03FA,G03FA,"G03FA - Progestágenos y estrógenos, combinaciones","G03FA - Progestágenos y estrógenos, combinaciones"
2204,G03FA01,G03FA01,G03FA01 - Noretisterona y estrógeno,G03FA01 - Noretisterona y estrógeno
2205,G03FA02,G03FA02,G03FA02 - Hidroxiprogesterona y estrógeno,G03FA02 - Hidroxiprogesterona y estrógeno
2206,G03FA03,G03FA03,G03FA03 - Etisterona y estrógeno,G03FA03 - Etisterona y estrógeno
2207,G03FA04,G03FA04,G03FA04 - Progesterona y estrógeno,G03FA04 - Progesterona y estrógeno
2208,G03FA05,G03FA05,G03FA05 - Metilnortestosterona y estrógeno,G03FA05 - Metilnortestosterona y estrógeno
2209,G03FA06,G03FA06,G03FA06 - Etinodiol y estrógeno,G03FA06 - Etinodiol y estrógeno
2210,G03FA07,G03FA07,G03FA07 - Linestrenol y estrógeno,G03FA07 - Linestrenol y estrógeno
2211,G03FA08,G03FA08,G03FA08 - Megestrol y estrógeno,G03FA08 - Megestrol y estrógeno
2212,G03FA09,G03FA09,G03FA09 - Noretinodrel y estrógeno,G03FA09 - Noretinodrel y estrógeno
2213,G03FA10,G03FA10,G03FA10 - Norgestrel y estrógeno,G03FA10 - Norgestrel y estrógeno
2214,G03FA11,G03FA11,G03FA11 - Levonorgestrel y estrógeno,G03FA11 - Levonorgestrel y estrógeno
2215,G03FA12,G03FA12,G03FA12 - Medroxiprogesterona y estrógeno,G03FA12 - Medroxiprogesterona y estrógeno
2216,G03FA13,G03FA13,G03FA13 - Norgestimato y estrógeno,G03FA13 - Norgestimato y estrógeno
2217,G03FA14,G03FA14,G03FA14 - Didrogesterona y estrógeno,G03FA14 - Didrogesterona y estrógeno
2218,G03FA15,G03FA15,G03FA15 - Dienogest y estrógeno,G03FA15 - Dienogest y estrógeno
2219,G03FB,G03FB,"G03FB - Progestágenos y estrógenos, preparados secuenciales","G03FB - Progestágenos y estrógenos, preparados secuenciales"
2220,G03FB01,G03FB01,G03FB01 - Norgestrel y estrógeno,G03FB01 - Norgestrel y estrógeno
2221,G03FB02,G03FB02,G03FB02 - Linestrenol y estrógeno,G03FB02 - Linestrenol y estrógeno
2222,G03FB03,G03FB03,G03FB03 - Clormadinona y estrógeno,G03FB03 - Clormadinona y estrógeno
2223,G03FB04,G03FB04,G03FB04 - Megestrol y estrógeno,G03FB04 - Megestrol y estrógeno
2224,G03FB05,G03FB05,G03FB05 - Noretisterona y estrógeno,G03FB05 - Noretisterona y estrógeno
2225,G03FB06,G03FB06,G03FB06 - Medroxiprogesterona y estrógeno,G03FB06 - Medroxiprogesterona y estrógeno
2226,G03FB07,G03FB07,G03FB07 - Medrogestona y estrógeno,G03FB07 - Medrogestona y estrógeno
2227,G03FB08,G03FB08,G03FB08 - Didrogesterona y estrógeno,G03FB08 - Didrogesterona y estrógeno
2228,G03FB09,G03FB09,G03FB09 - Levonorgestrel y estrógeno,G03FB09 - Levonorgestrel y estrógeno
2229,G03FB10,G03FB10,G03FB10 - Desogestrel y estrógeno,G03FB10 - Desogestrel y estrógeno
2230,G03FB11,G03FB11,G03FB11 - Trimegestona y estrógeno,G03FB11 - Trimegestona y estrógeno
2231,G03G,G03G,G03G - GONADOTROFINAS Y OTROS ESTIMULANTES DE LA OVULACIÓN,G03G - GONADOTROFINAS Y OTROS ESTIMULANTES DE LA OVULACIÓN
2232,G03GA,G03GA,G03GA - Gonadotrofinas,G03GA - Gonadotrofinas
2233,G03GA01,G03GA01,G03GA01 - Gonadotrofina coriónica,G03GA01 - Gonadotrofina coriónica
2234,G03GA02,G03GA02,G03GA02 - Gonadotrofina humana de menopáusicas,G03GA02 - Gonadotrofina humana de menopáusicas
2235,G03GA03,G03GA03,G03GA03 - Gonadotrofina sérica,G03GA03 - Gonadotrofina sérica
2236,G03GA04,G03GA04,G03GA04 - Urofolitropina,G03GA04 - Urofolitropina
2237,G03GA05,G03GA05,G03GA05 - Folitropina alfa,G03GA05 - Folitropina alfa
2238,G03GA06,G03GA06,G03GA06 - Folitropina beta,G03GA06 - Folitropina beta
2239,G03GA07,G03GA07,G03GA07 - Lutropina alfa,G03GA07 - Lutropina alfa
2240,G03GB,G03GB,G03GB - Estimulantes sintéticos de la ovulación,G03GB - Estimulantes sintéticos de la ovulación
2241,G03GB01,G03GB01,G03GB01 - Ciclofenilo,G03GB01 - Ciclofenilo
2242,G03GB02,G03GB02,G03GB02 - Clomifeno,G03GB02 - Clomifeno
2243,G03GB03,G03GB03,G03GB03 - Epimestrol,G03GB03 - Epimestrol
2244,G03H,G03H,G03H - ANTIANDRÓGENOS,G03H - ANTIANDRÓGENOS
2245,G03HA,G03HA,"G03HA - Antiandrógenos, monofármacos","G03HA - Antiandrógenos, monofármacos"
2246,G03HA01,G03HA01,G03HA01 - Ciproterona,G03HA01 - Ciproterona
2247,G03HB,G03HB,G03HB - Antiandrógenos y estrógenos,G03HB - Antiandrógenos y estrógenos
2248,G03HB01,G03HB01,G03HB01 - Ciproterona y estrógeno,G03HB01 - Ciproterona y estrógeno
2249,G03X,G03X,G03X - OTRAS HORMONAS SEXUALES Y MODULADORES DEL SISTEMA GENITAL,G03X - OTRAS HORMONAS SEXUALES Y MODULADORES DEL SISTEMA GENITAL
2250,G03XA,G03XA,G03XA - Antigonadotrofinas y agentes similares,G03XA - Antigonadotrofinas y agentes similares
2251,G03XA01,G03XA01,G03XA01 - Danazol,G03XA01 - Danazol
2252,G03XA02,G03XA02,G03XA02 - Gestrinona,G03XA02 - Gestrinona
2253,G03XB,G03XB,G03XB - Moduladores del receptor de progesterona,G03XB - Moduladores del receptor de progesterona
2254,G03XB01,G03XB01,G03XB01 - Mifepristona,G03XB01 - Mifepristona
2255,G03XC,G03XC,G03XC - Moduladores selectivos del receptor de estrógeno,G03XC - Moduladores selectivos del receptor de estrógeno
2256,G03XC01,G03XC01,G03XC01 - Raloxifeno,G03XC01 - Raloxifeno
2257,G04,G04,G04 - PRODUCTOS DE USO UROLÓGICO,G04 - PRODUCTOS DE USO UROLÓGICO
2258,G04B,G04B,"G04B - OTROS PRODUCTOS DE USO UROLÓGICO, INCLUYENDO ANTIESPASMÓDICOS","G04B - OTROS PRODUCTOS DE USO UROLÓGICO, INCLUYENDO ANTIESPASMÓDICOS"
2259,G04BA,G04BA,G04BA - Acidificantes,G04BA - Acidificantes
2260,G04BA01,G04BA01,G04BA01 - Cloruro de amonio,G04BA01 - Cloruro de amonio
2261,G04BA03,G04BA03,G04BA03 - Cloruro de calcio,G04BA03 - Cloruro de calcio
2262,G04BC,G04BC,G04BC - Solventes de concreciones urinarias,G04BC - Solventes de concreciones urinarias
2263,G04BD,G04BD,G04BD - Antiespasmódicos urinarios,G04BD - Antiespasmódicos urinarios
2264,G04BD01,G04BD01,"G04BD01 - Emepronio, bromuro de","G04BD01 - Emepronio, bromuro de"
2265,G04BD02,G04BD02,G04BD02 - Flavoxato,G04BD02 - Flavoxato
2266,G04BD03,G04BD03,G04BD03 - Meladrazina,G04BD03 - Meladrazina
2267,G04BD04,G04BD04,G04BD04 - Oxibutinina,G04BD04 - Oxibutinina
2268,G04BD05,G04BD05,G04BD05 - Terodilina,G04BD05 - Terodilina
2269,G04BD06,G04BD06,G04BD06 - Propiverina,G04BD06 - Propiverina
2270,G04BD07,G04BD07,G04BD07 - Tolterodina,G04BD07 - Tolterodina
2271,G04BE,G04BE,G04BE - Fármacos usados en disfunción eréctil,G04BE - Fármacos usados en disfunción eréctil
2272,G04BE01,G04BE01,G04BE01 - Alprostadil,G04BE01 - Alprostadil
2273,G04BE02,G04BE02,G04BE02 - Papaverina,G04BE02 - Papaverina
2274,G04BE03,G04BE03,G04BE03 - Sildenafilo,G04BE03 - Sildenafilo
2275,G04BE04,G04BE04,G04BE04 - Yohimbina,G04BE04 - Yohimbina
2276,G04BE05,G04BE05,G04BE05 - Fentolamina,G04BE05 - Fentolamina
2277,G04BE06,G04BE06,G04BE06 - Moxisilita,G04BE06 - Moxisilita
2278,G04BE30,G04BE30,G04BE30 - Combinaciones,G04BE30 - Combinaciones
2279,G04BE52,G04BE52,"G04BE52 - Papaverina, combinaciones con","G04BE52 - Papaverina, combinaciones con"
2280,G04BX,G04BX,G04BX - Otros productos urológicos,G04BX - Otros productos urológicos
2281,G04BX01,G04BX01,G04BX01 - Hidróxido de magnesio,G04BX01 - Hidróxido de magnesio
2282,G04BX03,G04BX03,G04BX03 - Ácido acetohidroxámico,G04BX03 - Ácido acetohidroxámico
2283,G04BX06,G04BX06,G04BX06 - Fenazopiridina,G04BX06 - Fenazopiridina
2284,G04BX10,G04BX10,G04BX10 - Succinimida,G04BX10 - Succinimida
2285,G04BX11,G04BX11,G04BX11 - Colágeno,G04BX11 - Colágeno
2286,G04BX12,G04BX12,G04BX12 - Salicilato de fenilo,G04BX12 - Salicilato de fenilo
2287,G04BX13,G04BX13,G04BX13 - Dimetil sulfóxido,G04BX13 - Dimetil sulfóxido
2288,G04C,G04C,G04C - FÁRMACOS USADOS EN LA HIPERTROFIA PROSTÁTICA BENIGNA,G04C - FÁRMACOS USADOS EN LA HIPERTROFIA PROSTÁTICA BENIGNA
2289,G04CA,G04CA,G04CA - Antagonistas de los receptores alfa adrenérgicos,G04CA - Antagonistas de los receptores alfa adrenérgicos
2290,G04CA01,G04CA01,G04CA01 - Alfuzosina,G04CA01 - Alfuzosina
2291,G04CA02,G04CA02,G04CA02 - Tamsulosina,G04CA02 - Tamsulosina
2292,G04CA03,G04CA03,G04CA03 - Terazosina,G04CA03 - Terazosina
2293,G04CB,G04CB,G04CB - Inhibidores de la testosterona 5-alfa reductasa,G04CB - Inhibidores de la testosterona 5-alfa reductasa
2294,G04CB01,G04CB01,G04CB01 - Finasterida,G04CB01 - Finasterida
2295,G04CX,G04CX,G04CX - Otros fármacos usados en la hipertrofia prostática benigna,G04CX - Otros fármacos usados en la hipertrofia prostática benigna
2296,G04CX01,G04CX01,G04CX01 - Prunus africanae cortex,G04CX01 - Prunus africanae cortex
2297,G04CX02,G04CX02,G04CX02 - Sabalis serrulatae fructus,G04CX02 - Sabalis serrulatae fructus
2298,G04CX03,G04CX03,G04CX03 - Mepartricina,G04CX03 - Mepartricina
2299,H,H,"H - PREPARADOS HORMONALES SISTÉMICOS, EXCLUYENDO HORMONAS SEXUALES E INSULINAS","H - PREPARADOS HORMONALES SISTÉMICOS, EXCLUYENDO HORMONAS SEXUALES E INSULINAS"
2300,H01,H01,H01 - HORMONAS HIPOFISARIAS E HIPOTALÁMICAS Y SUS ANÁLOGOS,H01 - HORMONAS HIPOFISARIAS E HIPOTALÁMICAS Y SUS ANÁLOGOS
2301,H01A,H01A,H01A - HORMONAS DEL LÓBULO ANTERIOR DE LA HIPÓFISIS Y SUS ANÁLOGOS,H01A - HORMONAS DEL LÓBULO ANTERIOR DE LA HIPÓFISIS Y SUS ANÁLOGOS
2302,H01AA,H01AA,H01AA - ACTH,H01AA - ACTH
2303,H01AA01,H01AA01,H01AA01 - Corticotropina,H01AA01 - Corticotropina
2304,H01AA02,H01AA02,H01AA02 - Tetracosáctida,H01AA02 - Tetracosáctida
2305,H01AB,H01AB,H01AB - Tirotropina,H01AB - Tirotropina
2306,H01AB01,H01AB01,H01AB01 - Tirotropina alfa,H01AB01 - Tirotropina alfa
2307,H01AC,H01AC,H01AC - Somatropina y agonistas de la somatropina,H01AC - Somatropina y agonistas de la somatropina
2308,H01AC01,H01AC01,H01AC01 - Somatropina,H01AC01 - Somatropina
2309,H01AC02,H01AC02,H01AC02 - Somatrem,H01AC02 - Somatrem
2310,H01AC03,H01AC03,H01AC03 - Mecasermina,H01AC03 - Mecasermina
2311,H01AC04,H01AC04,H01AC04 - Sermorelina,H01AC04 - Sermorelina
2312,H01B,H01B,H01B - HORMONAS DEL LÓBULO POSTERIOR DE LA HIPÓFISIS,H01B - HORMONAS DEL LÓBULO POSTERIOR DE LA HIPÓFISIS
2313,H01BA,H01BA,H01BA - Vasopresina y análogos,H01BA - Vasopresina y análogos
2314,H01BA01,H01BA01,H01BA01 - Vasopresina (argipresina),H01BA01 - Vasopresina (argipresina)
2315,H01BA02,H01BA02,H01BA02 - Desmopresina,H01BA02 - Desmopresina
2316,H01BA03,H01BA03,H01BA03 - Lipresina,H01BA03 - Lipresina
2317,H01BA04,H01BA04,H01BA04 - Terlipresina,H01BA04 - Terlipresina
2318,H01BA05,H01BA05,H01BA05 - Ornipresina,H01BA05 - Ornipresina
2319,H01BA06,H01BA06,H01BA06 - Argipresina,H01BA06 - Argipresina
2320,H01BB,H01BB,H01BB - Oxitocina y análogos,H01BB - Oxitocina y análogos
2321,H01BB01,H01BB01,H01BB01 - Demoxitocina,H01BB01 - Demoxitocina
2322,H01BB02,H01BB02,H01BB02 - Oxitocina,H01BB02 - Oxitocina
2323,H01BB03,H01BB03,H01BB03 - Carbetocina,H01BB03 - Carbetocina
2324,H01C,H01C,H01C - HORMONAS HIPOTALÁMICAS,H01C - HORMONAS HIPOTALÁMICAS
2325,H01CA,H01CA,H01CA - Hormonas liberadoras de gonadotrofinas,H01CA - Hormonas liberadoras de gonadotrofinas
2326,H01CA01,H01CA01,H01CA01 - Gonadorelina,H01CA01 - Gonadorelina
2327,H01CA02,H01CA02,H01CA02 - Nafarelina,H01CA02 - Nafarelina
2328,H01CA03,H01CA03,H01CA03 - Histrelina,H01CA03 - Histrelina
2329,H01CB,H01CB,H01CB - Somatostatina y sus análogos,H01CB - Somatostatina y sus análogos
2330,H01CB01,H01CB01,H01CB01 - Somatostatina,H01CB01 - Somatostatina
2331,H01CB02,H01CB02,H01CB02 - Octreotida,H01CB02 - Octreotida
2332,H01CB03,H01CB03,H01CB03 - Lanreotida,H01CB03 - Lanreotida
2333,H01CC,H01CC,H01CC - Hormonas liberadoras de antigonadotrofinas,H01CC - Hormonas liberadoras de antigonadotrofinas
2334,H01CC01,H01CC01,H01CC01 - Ganirelix,H01CC01 - Ganirelix
2335,H01CC02,H01CC02,H01CC02 - Cetrorelix,H01CC02 - Cetrorelix
2336,H02,H02,H02 - CORTICOSTEROIDES PARA USO SISTÉMICO,H02 - CORTICOSTEROIDES PARA USO SISTÉMICO
2337,H02A,H02A,"H02A - CORTICOSTEROIDES PARA USO SISTÉMICO, MONOFÁRMACOS","H02A - CORTICOSTEROIDES PARA USO SISTÉMICO, MONOFÁRMACOS"
2338,H02AA,H02AA,H02AA - Mineralocorticoides,H02AA - Mineralocorticoides
2339,H02AA01,H02AA01,H02AA01 - Aldosterona,H02AA01 - Aldosterona
2340,H02AA02,H02AA02,H02AA02 - Fludrocortisona,H02AA02 - Fludrocortisona
2341,H02AA03,H02AA03,H02AA03 - Desoxicortona,H02AA03 - Desoxicortona
2342,H02AB,H02AB,H02AB - Glucocorticoides,H02AB - Glucocorticoides
2343,H02AB01,H02AB01,H02AB01 - Betametasona,H02AB01 - Betametasona
2344,H02AB02,H02AB02,H02AB02 - Dexametasona,H02AB02 - Dexametasona
2345,H02AB03,H02AB03,H02AB03 - Fluocortolona,H02AB03 - Fluocortolona
2346,H02AB04,H02AB04,H02AB04 - Metilprednisolona,H02AB04 - Metilprednisolona
2347,H02AB05,H02AB05,H02AB05 - Parametasona,H02AB05 - Parametasona
2348,H02AB06,H02AB06,H02AB06 - Prednisolona,H02AB06 - Prednisolona
2349,H02AB07,H02AB07,H02AB07 - Prednisona,H02AB07 - Prednisona
2350,H02AB08,H02AB08,H02AB08 - Triamcinolona,H02AB08 - Triamcinolona
2351,H02AB09,H02AB09,H02AB09 - Hidrocortisona,H02AB09 - Hidrocortisona
2352,H02AB10,H02AB10,H02AB10 - Cortisona,H02AB10 - Cortisona
2353,H02AB11,H02AB11,H02AB11 - Prednilideno,H02AB11 - Prednilideno
2354,H02AB12,H02AB12,H02AB12 - Rimexolona,H02AB12 - Rimexolona
2355,H02AB13,H02AB13,H02AB13 - Deflazacort,H02AB13 - Deflazacort
2356,H02AB14,H02AB14,H02AB14 - Cloprednol,H02AB14 - Cloprednol
2357,H02AB15,H02AB15,H02AB15 - Meprednisona,H02AB15 - Meprednisona
2358,H02AB16,H02AB16,H02AB16 - Budesonida,H02AB16 - Budesonida
2359,H02AB17,H02AB17,H02AB17 - Cortivazol,H02AB17 - Cortivazol
2360,H02B,H02B,"H02B - CORTICOSTEROIDES PARA USO SISTÉMICO, COMBINACIONES","H02B - CORTICOSTEROIDES PARA USO SISTÉMICO, COMBINACIONES"
2361,H02BX,H02BX,"H02BX - Corticosteroides para uso sistémico, combinaciones","H02BX - Corticosteroides para uso sistémico, combinaciones"
2362,H02BX01,H02BX01,"H02BX01 - Metilprednisolona, combinaciones con","H02BX01 - Metilprednisolona, combinaciones con"
2363,H02C,H02C,H02C - PREPARADOS CONTRA LAS HORMONAS ADRENALES,H02C - PREPARADOS CONTRA LAS HORMONAS ADRENALES
2364,H02CA,H02CA,H02CA - Anticorticosteroides,H02CA - Anticorticosteroides
2365,H02CA01,H02CA01,H02CA01 - Trilostano,H02CA01 - Trilostano
2366,H03,H03,H03 - TERAPIA TIROIDEA,H03 - TERAPIA TIROIDEA
2367,H03A,H03A,H03A - PREPARADOS DE HORMONA TIROIDEA,H03A - PREPARADOS DE HORMONA TIROIDEA
2368,H03AA,H03AA,H03AA - Hormonas tiroideas,H03AA - Hormonas tiroideas
2369,H03AA01,H03AA01,H03AA01 - Levotiroxina sódica,H03AA01 - Levotiroxina sódica
2370,H03AA02,H03AA02,H03AA02 - Liotironina sódica,H03AA02 - Liotironina sódica
2371,H03AA03,H03AA03,"H03AA03 - Levotiroxina y liotironina, combinaciones de","H03AA03 - Levotiroxina y liotironina, combinaciones de"
2372,H03AA04,H03AA04,H03AA04 - Tiratricol,H03AA04 - Tiratricol
2373,H03AA05,H03AA05,"H03AA05 - Glándula tiroides, preparados de","H03AA05 - Glándula tiroides, preparados de"
2374,H03B,H03B,H03B - PREPARADOS ANTITIROIDEOS,H03B - PREPARADOS ANTITIROIDEOS
2375,H03BA,H03BA,H03BA - Tiouracilos,H03BA - Tiouracilos
2376,H03BA01,H03BA01,H03BA01 - Metiltiouracilo,H03BA01 - Metiltiouracilo
2377,H03BA02,H03BA02,H03BA02 - Propiltiouracilo,H03BA02 - Propiltiouracilo
2378,H03BA03,H03BA03,H03BA03 - Benciltiouracilo,H03BA03 - Benciltiouracilo
2379,H03BB,H03BB,H03BB - Derivados imidazólicos que contienen azufre,H03BB - Derivados imidazólicos que contienen azufre
2380,H03BB01,H03BB01,H03BB01 - Carbimazol,H03BB01 - Carbimazol
2381,H03BB02,H03BB02,H03BB02 - Tiamazol,H03BB02 - Tiamazol
2382,H03BB52,H03BB52,"H03BB52 - Tiamazol, combinaciones con","H03BB52 - Tiamazol, combinaciones con"
2383,H03BC,H03BC,H03BC - Percloratos,H03BC - Percloratos
2384,H03BC01,H03BC01,H03BC01 - Perclorato de potasio,H03BC01 - Perclorato de potasio
2385,H03BX,H03BX,H03BX - Otros preparados antitiroideos,H03BX - Otros preparados antitiroideos
2386,H03BX01,H03BX01,H03BX01 - Diioodotirosina,H03BX01 - Diioodotirosina
2387,H03BX02,H03BX02,H03BX02 - Dibromotirosina,H03BX02 - Dibromotirosina
2388,H03C,H03C,H03C - TERAPIA CON IODO,H03C - TERAPIA CON IODO
2389,H03CA,H03CA,H03CA - Terapia con iodo,H03CA - Terapia con iodo
2390,H04,H04,H04 - HORMONAS PANCREÁTICAS,H04 - HORMONAS PANCREÁTICAS
2391,H04A,H04A,H04A - HORMONAS GLUCOGENOLÍTICAS,H04A - HORMONAS GLUCOGENOLÍTICAS
2392,H04AA,H04AA,H04AA - Hormonas glucogenolíticas,H04AA - Hormonas glucogenolíticas
2393,H04AA01,H04AA01,H04AA01 - Glucagon,H04AA01 - Glucagon
2394,H05,H05,H05 - HOMEOSTASIS DEL CALCIO,H05 - HOMEOSTASIS DEL CALCIO
2395,H05A,H05A,H05A - HORMONAS PARATIROIDEAS Y ANÁLOGOS,H05A - HORMONAS PARATIROIDEAS Y ANÁLOGOS
2396,H05AA,H05AA,H05AA - Hormonas paratiroideas y análogos,H05AA - Hormonas paratiroideas y análogos
2397,H05AA01,H05AA01,"H05AA01 - Paratiroideas, extracto de glándula","H05AA01 - Paratiroideas, extracto de glándula"
2398,H05B,H05B,H05B - AGENTES ANTIPARATIROIDEOS,H05B - AGENTES ANTIPARATIROIDEOS
2399,H05BA,H05BA,H05BA - Preparados con calcitonina,H05BA - Preparados con calcitonina
2400,H05BA01,H05BA01,"H05BA01 - Calcitonina (de salmón, sintética)","H05BA01 - Calcitonina (de salmón, sintética)"
2401,H05BA02,H05BA02,"H05BA02 - Calcitonina (porcina, natural)","H05BA02 - Calcitonina (porcina, natural)"
2402,H05BA03,H05BA03,"H05BA03 - Calcitonina (humana, sintética)","H05BA03 - Calcitonina (humana, sintética)"
2403,H05BA04,H05BA04,H05BA04 - Elcatonina,H05BA04 - Elcatonina
2404,J,J,J - ANTIINFECCIOSOS PARA USO SISTÉMICO,J - ANTIINFECCIOSOS PARA USO SISTÉMICO
2405,J01,J01,J01 - ANTIBACTERIANOS PARA USO SISTÉMICO,J01 - ANTIBACTERIANOS PARA USO SISTÉMICO
2406,J01A,J01A,J01A - TETRACICLINAS,J01A - TETRACICLINAS
2407,J01AA,J01AA,J01AA - Tetraciclinas,J01AA - Tetraciclinas
2408,J01AA01,J01AA01,J01AA01 - Demeclociclina,J01AA01 - Demeclociclina
2409,J01AA02,J01AA02,J01AA02 - Doxiciclina,J01AA02 - Doxiciclina
2410,J01AA03,J01AA03,J01AA03 - Clortetraciclina,J01AA03 - Clortetraciclina
2411,J01AA04,J01AA04,J01AA04 - Limeciclina,J01AA04 - Limeciclina
2412,J01AA05,J01AA05,J01AA05 - Metaciclina,J01AA05 - Metaciclina
2413,J01AA06,J01AA06,J01AA06 - Oxitetraciclina,J01AA06 - Oxitetraciclina
2414,J01AA07,J01AA07,J01AA07 - Tetraciclina,J01AA07 - Tetraciclina
2415,J01AA08,J01AA08,J01AA08 - Minociclina,J01AA08 - Minociclina
2416,J01AA09,J01AA09,J01AA09 - Rolitetraciclina,J01AA09 - Rolitetraciclina
2417,J01AA10,J01AA10,J01AA10 - Penimepiciclina,J01AA10 - Penimepiciclina
2418,J01AA11,J01AA11,J01AA11 - Clomociclina,J01AA11 - Clomociclina
2419,J01AA20,J01AA20,"J01AA20 - Tetraciclinas, combinaciones de","J01AA20 - Tetraciclinas, combinaciones de"
2420,J01AA56,J01AA56,"J01AA56 - Oxitetraciclina, combinaciones con","J01AA56 - Oxitetraciclina, combinaciones con"
2421,J01B,J01B,J01B - ANFENICOLES,J01B - ANFENICOLES
2422,J01BA,J01BA,J01BA - Anfenicoles,J01BA - Anfenicoles
2423,J01BA01,J01BA01,J01BA01 - Cloranfenicol,J01BA01 - Cloranfenicol
2424,J01BA02,J01BA02,J01BA02 - Tianfenicol,J01BA02 - Tianfenicol
2425,J01BA52,J01BA52,"J01BA52 - Tianfenicol, combinaciones con","J01BA52 - Tianfenicol, combinaciones con"
2426,J01C,J01C,"J01C - ANTIBACTERIANOS BETALACTÁMICOS, PENICILINAS","J01C - ANTIBACTERIANOS BETALACTÁMICOS, PENICILINAS"
2427,J01CA,J01CA,J01CA - Penicilinas con espectro ampliado,J01CA - Penicilinas con espectro ampliado
2428,J01CA01,J01CA01,J01CA01 - Ampicilina,J01CA01 - Ampicilina
2429,J01CA02,J01CA02,J01CA02 - Pivampicilina,J01CA02 - Pivampicilina
2430,J01CA03,J01CA03,J01CA03 - Carbenicilina,J01CA03 - Carbenicilina
2431,J01CA04,J01CA04,J01CA04 - Amoxicilina,J01CA04 - Amoxicilina
2432,J01CA05,J01CA05,J01CA05 - Carindacilina,J01CA05 - Carindacilina
2433,J01CA06,J01CA06,J01CA06 - Bacampicilina,J01CA06 - Bacampicilina
2434,J01CA07,J01CA07,J01CA07 - Epicilina,J01CA07 - Epicilina
2435,J01CA08,J01CA08,J01CA08 - Pivmecilinam,J01CA08 - Pivmecilinam
2436,J01CA09,J01CA09,J01CA09 - Azlocilina,J01CA09 - Azlocilina
2437,J01CA10,J01CA10,J01CA10 - Mezlocilina,J01CA10 - Mezlocilina
2438,J01CA11,J01CA11,J01CA11 - Mecilinam,J01CA11 - Mecilinam
2439,J01CA12,J01CA12,J01CA12 - Piperacilina,J01CA12 - Piperacilina
2440,J01CA13,J01CA13,J01CA13 - Ticarcilina,J01CA13 - Ticarcilina
2441,J01CA14,J01CA14,J01CA14 - Metampicilina,J01CA14 - Metampicilina
2442,J01CA15,J01CA15,J01CA15 - Talampicilina,J01CA15 - Talampicilina
2443,J01CA16,J01CA16,J01CA16 - Sulbenicilina,J01CA16 - Sulbenicilina
2444,J01CA17,J01CA17,J01CA17 - Temocilina,J01CA17 - Temocilina
2445,J01CA18,J01CA18,J01CA18 - Hetacilina,J01CA18 - Hetacilina
2446,J01CA20,J01CA20,J01CA20 - Combinaciones,J01CA20 - Combinaciones
2447,J01CA51,J01CA51,"J01CA51 - Ampicilina, combinaciones con","J01CA51 - Ampicilina, combinaciones con"
2448,J01CE,J01CE,J01CE - Penicilinas sensibles a la betalactamasa,J01CE - Penicilinas sensibles a la betalactamasa
2449,J01CE01,J01CE01,J01CE01 - Bencilpenicilina,J01CE01 - Bencilpenicilina
2450,J01CE02,J01CE02,J01CE02 - Fenoximetilpenicilina,J01CE02 - Fenoximetilpenicilina
2451,J01CE03,J01CE03,J01CE03 - Propicilina,J01CE03 - Propicilina
2452,J01CE04,J01CE04,J01CE04 - Azidocilina,J01CE04 - Azidocilina
2453,J01CE05,J01CE05,J01CE05 - Feneticilina,J01CE05 - Feneticilina
2454,J01CE06,J01CE06,J01CE06 - Penamecilina,J01CE06 - Penamecilina
2455,J01CE07,J01CE07,J01CE07 - Clometocilina,J01CE07 - Clometocilina
2456,J01CE08,J01CE08,J01CE08 - Benzatina bencilpenicilina,J01CE08 - Benzatina bencilpenicilina
2457,J01CE09,J01CE09,J01CE09 - Penicilina procaína,J01CE09 - Penicilina procaína
2458,J01CE10,J01CE10,J01CE10 - Fenoximetilpenicilina benzatina,J01CE10 - Fenoximetilpenicilina benzatina
2459,J01CE30,J01CE30,J01CE30 - Combinaciones,J01CE30 - Combinaciones
2460,J01CF,J01CF,J01CF - Penicilinas resistentes a la betalactamasa,J01CF - Penicilinas resistentes a la betalactamasa
2461,J01CF01,J01CF01,J01CF01 - Dicloxacilina,J01CF01 - Dicloxacilina
2462,J01CF02,J01CF02,J01CF02 - Cloxacilina,J01CF02 - Cloxacilina
2463,J01CF03,J01CF03,J01CF03 - Meticilina,J01CF03 - Meticilina
2464,J01CF04,J01CF04,J01CF04 - Oxacilina,J01CF04 - Oxacilina
2465,J01CF05,J01CF05,J01CF05 - Flucloxacilina,J01CF05 - Flucloxacilina
2466,J01CG,J01CG,J01CG - Inhibidores de la betalactamasa,J01CG - Inhibidores de la betalactamasa
2467,J01CG01,J01CG01,J01CG01 - Sulbactam,J01CG01 - Sulbactam
2468,J01CG02,J01CG02,J01CG02 - Tazobactam,J01CG02 - Tazobactam
2469,J01CR,J01CR,"J01CR - Combinaciones de penicilinas, incluyendo inhibidores de la betalactamasa","J01CR - Combinaciones de penicilinas, incluyendo inhibidores de la betalactamasa"
2470,J01CR01,J01CR01,J01CR01 - Ampicilina e inhibidores de la betalactamasa,J01CR01 - Ampicilina e inhibidores de la betalactamasa
2471,J01CR02,J01CR02,J01CR02 - Amoxicilina e inhibidores de la betalactamasa,J01CR02 - Amoxicilina e inhibidores de la betalactamasa
2472,J01CR03,J01CR03,J01CR03 - Ticarcilina e inhibidores de la betalactamasa,J01CR03 - Ticarcilina e inhibidores de la betalactamasa
2473,J01CR04,J01CR04,J01CR04 - Sultamicilina,J01CR04 - Sultamicilina
2474,J01CR05,J01CR05,J01CR05 - Piperacilina e inhibidores de la betalactamasa,J01CR05 - Piperacilina e inhibidores de la betalactamasa
2475,J01CR50,J01CR50,J01CR50 - Combinaciones de penicilinas,J01CR50 - Combinaciones de penicilinas
2476,J01D,J01D,J01D - OTROS ANTIBACTERIANOS BETALACTÁMICOS,J01D - OTROS ANTIBACTERIANOS BETALACTÁMICOS
2477,G04BD11,G04BD11,G04BD11 - Fesoterodina,G04BD11 - Fesoterodina
2478,L04AA24,L04AA24,L04AA24 - Abatacept,L04AA24 - Abatacept
2479,N03AF03,N03AF03,N03AF03 - Rufinamida,N03AF03 - Rufinamida
2480,A10BD04,A10BD04,A10BD04 - Glimepirida y rosiglitazona,A10BD04 - Glimepirida y rosiglitazona
2481,A10BD05,A10BD05,A10BD05 - Metformina y pioglitazona,A10BD05 - Metformina y pioglitazona
2482,A10AF01,A10AF01,A10AF01 - Insulina (humana),A10AF01 - Insulina (humana)
2483,J05AF11,J05AF11,J05AF11 - Telbivudina,J05AF11 - Telbivudina
2484,D06AX13,D06AX13,D06AX13 - Retapamulina,D06AX13 - Retapamulina
2485,N05AX13,N05AX13,N05AX13 - Paliperidona,N05AX13 - Paliperidona
2486,B03XA03,B03XA03,B03XA03 - Metoxi propilenglicol epoetina beta,B03XA03 - Metoxi propilenglicol epoetina beta
2487,J05AX09,J05AX09,J05AX09 - Maraviroc,J05AX09 - Maraviroc
2488,L01BB07,L01BB07,L01BB07 - Nelarabina,L01BB07 - Nelarabina
2489,J07BM02,J07BM02,"J07BM02 - Papilomavirus (tipos humanos 16, 18)","J07BM02 - Papilomavirus (tipos humanos 16, 18)"
2490,J01XX09,J01XX09,J01XX09 - Daptomicina,J01XX09 - Daptomicina
2491,C09XA02,C09XA02,C09XA02 - Aliskireno,C09XA02 - Aliskireno
2492,A10BH02,A10BH02,A10BH02 - Vildagliptina,A10BH02 - Vildagliptina
2493,J02AC04,J02AC04,J02AC04 - Posaconazol,J02AC04 - Posaconazol
2494,L01XC08,L01XC08,L01XC08 - Panitumumab,L01XC08 - Panitumumab
2495,L01XE08,L01XE08,L01XE08 - Nilotinib,L01XE08 - Nilotinib
2496,J05AR06,J05AR06,"J05AR06 - Emtricitabina, tenofovir disoproxilo y efavirenz","J05AR06 - Emtricitabina, tenofovir disoproxilo y efavirenz"
2497,J05AX08,J05AX08,J05AX08 - Raltegravir,J05AX08 - Raltegravir
2498,C02KX03,C02KX03,C02KX03 - Sitaxentán,C02KX03 - Sitaxentán
2499,R01AD12,R01AD12,"R01AD12 - Fluticasona, furoato de","R01AD12 - Fluticasona, furoato de"
2500,J05AR,J05AR,J05AR - Combinación de antivirales para el tratamiento de infecciones por VIH,J05AR - Combinación de antivirales para el tratamiento de infecciones por VIH
2501,J05AR03,J05AR03,J05AR03 - Tenofovir disoproxilo y emtricitabina,J05AR03 - Tenofovir disoproxilo y emtricitabina
2502,J05AR01,J05AR01,J05AR01 - Zidovudina y lamivudina,J05AR01 - Zidovudina y lamivudina
2503,L01XE01,L01XE01,L01XE01 - Imatinib,L01XE01 - Imatinib
2504,J07BH02,J07BH02,"J07BH02 - Rotavirus pentavalente, vivo, modificado","J07BH02 - Rotavirus pentavalente, vivo, modificado"
2505,J01AA12,J01AA12,J01AA12 - Tigeciclina,J01AA12 - Tigeciclina
2506,L01XE03,L01XE03,L01XE03 - Erlotinib,L01XE03 - Erlotinib
2507,J05AR02,J05AR02,J05AR02 - Lamivudina y abacavir,J05AR02 - Lamivudina y abacavir
2508,S01LA01,S01LA01,S01LA01 - Verteporfina,S01LA01 - Verteporfina
2509,S01L,S01L,S01L - AGENTES CONTRA TRASTORNOS VASCULARES OCULARES,S01L - AGENTES CONTRA TRASTORNOS VASCULARES OCULARES
2510,A10AF,A10AF,A10AF - Insulinas y análogos para inhalación,A10AF - Insulinas y análogos para inhalación
2511,C02KX02,C02KX02,C02KX02 - Ambrisentán,C02KX02 - Ambrisentán
2512,J07BK02,J07BK02,"J07BK02 - Zóster, virus vivo atenuado","J07BK02 - Zóster, virus vivo atenuado"
2513,V03AB35,V03AB35,V03AB35 - Sugammadex,V03AB35 - Sugammadex
2515,J01DH04,J01DH04,J01DH04 - Doripenem,J01DH04 - Doripenem
2516,A16AX07,A16AX07,A16AX07 - Sapropterina,A16AX07 - Sapropterina
2517,L01XA04,L01XA04,L01XA04 - Satraplatino,L01XA04 - Satraplatino
2518,J01DF,J01DF,J01DF - Monobactámicos,J01DF - Monobactámicos
2519,J01DF01,J01DF01,J01DF01 - Aztreonam,J01DF01 - Aztreonam
2520,J01DH,J01DH,J01DH - Derivados del carbapenem,J01DH - Derivados del carbapenem
2521,J01DH02,J01DH02,J01DH02 - Meropenem,J01DH02 - Meropenem
2522,J01DH51,J01DH51,J01DH51 - Imipenem y cilastatina,J01DH51 - Imipenem y cilastatina
2523,J01E,J01E,J01E - SULFONAMIDAS Y TRIMETOPRIMA,J01E - SULFONAMIDAS Y TRIMETOPRIMA
2524,J01EA,J01EA,J01EA - Trimetoprima y derivados,J01EA - Trimetoprima y derivados
2525,J01EA01,J01EA01,J01EA01 - Trimetoprima,J01EA01 - Trimetoprima
2526,J01EA02,J01EA02,J01EA02 - Brodimoprima,J01EA02 - Brodimoprima
2527,J01EB,J01EB,J01EB - Sulfonamidas de acción corta,J01EB - Sulfonamidas de acción corta
2528,J01EB01,J01EB01,J01EB01 - Sulfasomidina,J01EB01 - Sulfasomidina
2529,J01EB02,J01EB02,J01EB02 - Sulfametizol,J01EB02 - Sulfametizol
2530,J01EB03,J01EB03,J01EB03 - Sulfadimidina,J01EB03 - Sulfadimidina
2531,J01EB04,J01EB04,J01EB04 - Sulfapiridina,J01EB04 - Sulfapiridina
2532,J01EB05,J01EB05,J01EB05 - Sulfafurazol,J01EB05 - Sulfafurazol
2533,J01EB06,J01EB06,J01EB06 - Sulfanilamida,J01EB06 - Sulfanilamida
2534,J01EB07,J01EB07,J01EB07 - Sulfatiazol,J01EB07 - Sulfatiazol
2535,J01EB08,J01EB08,J01EB08 - Sulfatiourea,J01EB08 - Sulfatiourea
2536,J01EB20,J01EB20,J01EB20 - Combinaciones,J01EB20 - Combinaciones
2537,J01EC,J01EC,J01EC - Sulfonamidas de acción intermedia,J01EC - Sulfonamidas de acción intermedia
2538,J01EC01,J01EC01,J01EC01 - Sulfametoxazol,J01EC01 - Sulfametoxazol
2539,J01EC02,J01EC02,J01EC02 - Sulfadiazina,J01EC02 - Sulfadiazina
2540,J01EC03,J01EC03,J01EC03 - Sulfamoxol,J01EC03 - Sulfamoxol
2541,J01EC20,J01EC20,J01EC20 - Combinaciones,J01EC20 - Combinaciones
2542,J01ED,J01ED,J01ED - Sulfonamidas de acción larga,J01ED - Sulfonamidas de acción larga
2543,J01ED01,J01ED01,J01ED01 - Sulfadimetoxina,J01ED01 - Sulfadimetoxina
2544,J01ED02,J01ED02,J01ED02 - Sulfaleno,J01ED02 - Sulfaleno
2545,J01ED03,J01ED03,J01ED03 - Sulfametomidina,J01ED03 - Sulfametomidina
2546,J01ED04,J01ED04,J01ED04 - Sulfametoxidiazina,J01ED04 - Sulfametoxidiazina
2547,J01ED05,J01ED05,J01ED05 - Sulfametoxipiridazina,J01ED05 - Sulfametoxipiridazina
2548,J01ED06,J01ED06,J01ED06 - Sulfaperina,J01ED06 - Sulfaperina
2549,J01ED07,J01ED07,J01ED07 - Sulfamerazina,J01ED07 - Sulfamerazina
2550,J01ED08,J01ED08,J01ED08 - Sulfafenazol,J01ED08 - Sulfafenazol
2551,J01ED09,J01ED09,J01ED09 - Sulfamazona,J01ED09 - Sulfamazona
2552,J01ED20,J01ED20,J01ED20 - Combinaciones,J01ED20 - Combinaciones
2553,J01EE,J01EE,"J01EE - Combinaciones de sulfonamidas y trimetoprima, incluyendo derivados","J01EE - Combinaciones de sulfonamidas y trimetoprima, incluyendo derivados"
2554,J01EE01,J01EE01,J01EE01 - Sulfametoxazol y trimetoprima,J01EE01 - Sulfametoxazol y trimetoprima
2555,J01EE02,J01EE02,J01EE02 - Sulfadiazina y trimetoprima,J01EE02 - Sulfadiazina y trimetoprima
2556,J01EE03,J01EE03,J01EE03 - Sulfametrol y trimetoprima,J01EE03 - Sulfametrol y trimetoprima
2557,J01EE04,J01EE04,J01EE04 - Sulfamoxol y trimetoprima,J01EE04 - Sulfamoxol y trimetoprima
2558,J01EE05,J01EE05,J01EE05 - Sulfadimidina y trimetoprima,J01EE05 - Sulfadimidina y trimetoprima
2559,J01F,J01F,"J01F - MACRÓLIDOS, LINCOSAMIDAS Y ESTREPTOGRAMINAS","J01F - MACRÓLIDOS, LINCOSAMIDAS Y ESTREPTOGRAMINAS"
2560,J01FA,J01FA,J01FA - Macrólidos,J01FA - Macrólidos
2561,J01FA01,J01FA01,J01FA01 - Eritromicina,J01FA01 - Eritromicina
2562,J01FA02,J01FA02,J01FA02 - Espiramicina,J01FA02 - Espiramicina
2563,J01FA03,J01FA03,J01FA03 - Midecamicina,J01FA03 - Midecamicina
2564,J01FA05,J01FA05,J01FA05 - Oleandomicina,J01FA05 - Oleandomicina
2565,J01FA06,J01FA06,J01FA06 - Roxitromicina,J01FA06 - Roxitromicina
2566,J01FA07,J01FA07,J01FA07 - Josamicina,J01FA07 - Josamicina
2567,J01FA08,J01FA08,J01FA08 - Troleandomicina,J01FA08 - Troleandomicina
2568,J01FA09,J01FA09,J01FA09 - Claritromicina,J01FA09 - Claritromicina
2569,J01FA10,J01FA10,J01FA10 - Azitromicina,J01FA10 - Azitromicina
2570,J01FA11,J01FA11,J01FA11 - Miocamicina,J01FA11 - Miocamicina
2571,J01FA12,J01FA12,J01FA12 - Rokitamicina,J01FA12 - Rokitamicina
2572,J01FA13,J01FA13,J01FA13 - Diritromicina,J01FA13 - Diritromicina
2573,J01FA14,J01FA14,J01FA14 - Fluritromicina,J01FA14 - Fluritromicina
2574,J01FF,J01FF,J01FF - Lincosamidas,J01FF - Lincosamidas
2575,J01FF01,J01FF01,J01FF01 - Clindamicina,J01FF01 - Clindamicina
2576,J01FF02,J01FF02,J01FF02 - Lincomicina,J01FF02 - Lincomicina
2577,J01FG,J01FG,J01FG - Estreptograminas,J01FG - Estreptograminas
2578,J01FG01,J01FG01,J01FG01 - Pristinamicina,J01FG01 - Pristinamicina
2579,J01FG02,J01FG02,J01FG02 - Quinupristina/dalfopristina,J01FG02 - Quinupristina/dalfopristina
2580,J01G,J01G,J01G - AMINOGLUCÓSIDOS ANTIBACTERIANOS,J01G - AMINOGLUCÓSIDOS ANTIBACTERIANOS
2581,J01GA,J01GA,J01GA - Estreptomicinas,J01GA - Estreptomicinas
2582,J01GA01,J01GA01,J01GA01 - Estreptomicina,J01GA01 - Estreptomicina
2583,J01GA02,J01GA02,J01GA02 - Estreptomicina/Dihidroestreptomicina,J01GA02 - Estreptomicina/Dihidroestreptomicina
2584,J01GB,J01GB,J01GB - Otros aminoglucósidos,J01GB - Otros aminoglucósidos
2585,J01GB01,J01GB01,J01GB01 - Tobramicina,J01GB01 - Tobramicina
2586,J01GB03,J01GB03,J01GB03 - Gentamicina,J01GB03 - Gentamicina
2587,J01GB04,J01GB04,J01GB04 - Kanamicina,J01GB04 - Kanamicina
2588,J01GB05,J01GB05,J01GB05 - Neomicina,J01GB05 - Neomicina
2589,J01GB06,J01GB06,J01GB06 - Amikacina,J01GB06 - Amikacina
2590,J01GB07,J01GB07,J01GB07 - Netilmicina,J01GB07 - Netilmicina
2591,J01GB08,J01GB08,J01GB08 - Sisomicina,J01GB08 - Sisomicina
2592,J01GB09,J01GB09,J01GB09 - Dibekacina,J01GB09 - Dibekacina
2593,J01GB10,J01GB10,J01GB10 - Ribostamicina,J01GB10 - Ribostamicina
2594,J01GB11,J01GB11,J01GB11 - Isepamicina,J01GB11 - Isepamicina
2595,J01M,J01M,J01M - QUINOLONAS ANTIBACTERIANAS,J01M - QUINOLONAS ANTIBACTERIANAS
2596,J01MA,J01MA,J01MA - Fluoroquinolonas,J01MA - Fluoroquinolonas
2597,J01MA01,J01MA01,J01MA01 - Ofloxacino,J01MA01 - Ofloxacino
2598,J01MA02,J01MA02,J01MA02 - Ciprofloxacino,J01MA02 - Ciprofloxacino
2599,J01MA03,J01MA03,J01MA03 - Pefloxacino,J01MA03 - Pefloxacino
2600,J01MA04,J01MA04,J01MA04 - Enoxacino,J01MA04 - Enoxacino
2601,J01MA05,J01MA05,J01MA05 - Temafloxacino,J01MA05 - Temafloxacino
2602,J01MA06,J01MA06,J01MA06 - Norfloxacino,J01MA06 - Norfloxacino
2603,J01MA07,J01MA07,J01MA07 - Lomefloxacino,J01MA07 - Lomefloxacino
2604,J01MA08,J01MA08,J01MA08 - Fleroxacino,J01MA08 - Fleroxacino
2605,J01MA09,J01MA09,J01MA09 - Esparfloxacino,J01MA09 - Esparfloxacino
2606,J01MA10,J01MA10,J01MA10 - Rufloxacino,J01MA10 - Rufloxacino
2607,J01MA11,J01MA11,J01MA11 - Grepafloxacino,J01MA11 - Grepafloxacino
2608,J01MA12,J01MA12,J01MA12 - Levofloxacino,J01MA12 - Levofloxacino
2609,J01MA13,J01MA13,J01MA13 - Trovafloxacino,J01MA13 - Trovafloxacino
2610,J01MA14,J01MA14,J01MA14 - Moxifloxacino,J01MA14 - Moxifloxacino
2611,J01MA15,J01MA15,J01MA15 - Gemifloxacino,J01MA15 - Gemifloxacino
2612,J01MA16,J01MA16,J01MA16 - Gatifloxacino,J01MA16 - Gatifloxacino
2613,J01MB,J01MB,J01MB - Otras quinolonas,J01MB - Otras quinolonas
2614,J01MB01,J01MB01,J01MB01 - Rosoxacino,J01MB01 - Rosoxacino
2615,J01MB02,J01MB02,J01MB02 - Ácido nalidíxico,J01MB02 - Ácido nalidíxico
2616,J01MB03,J01MB03,J01MB03 - Ácido piromídico,J01MB03 - Ácido piromídico
2617,J01MB04,J01MB04,J01MB04 - Ácido pipemídico,J01MB04 - Ácido pipemídico
2618,J01MB05,J01MB05,J01MB05 - Ácido oxolínico,J01MB05 - Ácido oxolínico
2619,J01MB06,J01MB06,J01MB06 - Cinoxacino,J01MB06 - Cinoxacino
2620,J01MB07,J01MB07,J01MB07 - Flumequina,J01MB07 - Flumequina
2621,J01R,J01R,J01R - COMBINACIONES DE ANTIBACTERIANOS,J01R - COMBINACIONES DE ANTIBACTERIANOS
2622,J01RA,J01RA,J01RA - Combinaciones de antibacterianos,J01RA - Combinaciones de antibacterianos
2623,J01RA01,J01RA01,"J01RA01 - Penicilinas, combinacion con otros antibacterianos","J01RA01 - Penicilinas, combinacion con otros antibacterianos"
2624,J01RA02,J01RA02,"J01RA02 - Sulfonamidas, combinacion con otros antibacterianos (excluyendo trimetoprima)","J01RA02 - Sulfonamidas, combinacion con otros antibacterianos (excluyendo trimetoprima)"
2625,J01RA03,J01RA03,"J01RA03 - Cefuroxima, combinacion con otros antibacterianos","J01RA03 - Cefuroxima, combinacion con otros antibacterianos"
2626,J01X,J01X,J01X - OTROS ANTIBACTERIANOS,J01X - OTROS ANTIBACTERIANOS
2627,J01XA,J01XA,J01XA - Glicopéptidos antibacterianos,J01XA - Glicopéptidos antibacterianos
2628,J01XA01,J01XA01,J01XA01 - Vancomicina,J01XA01 - Vancomicina
2629,J01XA02,J01XA02,J01XA02 - Teicoplanina,J01XA02 - Teicoplanina
2630,J01XB,J01XB,J01XB - Polimixinas,J01XB - Polimixinas
2631,J01XB01,J01XB01,J01XB01 - Colistina,J01XB01 - Colistina
2632,J01XB02,J01XB02,J01XB02 - Polimixina B,J01XB02 - Polimixina B
2633,J01XC,J01XC,J01XC - Esteroides antibacterianos,J01XC - Esteroides antibacterianos
2634,J01XC01,J01XC01,J01XC01 - Ácido fusídico,J01XC01 - Ácido fusídico
2635,J01XD,J01XD,J01XD - Derivados imidazólicos,J01XD - Derivados imidazólicos
2636,J01XD01,J01XD01,J01XD01 - Metronidazol,J01XD01 - Metronidazol
2637,J01XD02,J01XD02,J01XD02 - Tinidazol,J01XD02 - Tinidazol
2638,J01XD03,J01XD03,J01XD03 - Ornidazol,J01XD03 - Ornidazol
2639,J01XE,J01XE,J01XE - Derivados del nitrofurano,J01XE - Derivados del nitrofurano
2640,J01XE01,J01XE01,J01XE01 - Nitrofurantoína,J01XE01 - Nitrofurantoína
2641,J01XE02,J01XE02,J01XE02 - Nifurtoinol,J01XE02 - Nifurtoinol
2642,J01XX,J01XX,J01XX - Otros antibacterianos,J01XX - Otros antibacterianos
2643,J01XX01,J01XX01,J01XX01 - Fosfomicina,J01XX01 - Fosfomicina
2644,J01XX02,J01XX02,J01XX02 - Xibornol,J01XX02 - Xibornol
2645,J01XX03,J01XX03,J01XX03 - Clofoctol,J01XX03 - Clofoctol
2646,J01XX04,J01XX04,J01XX04 - Espectinomicina,J01XX04 - Espectinomicina
2647,J01XX05,J01XX05,J01XX05 - Metenamina,J01XX05 - Metenamina
2648,J01XX06,J01XX06,J01XX06 - Ácido mandélico,J01XX06 - Ácido mandélico
2649,J01XX07,J01XX07,J01XX07 - Nitroxolina,J01XX07 - Nitroxolina
2650,J01XX08,J01XX08,J01XX08 - Linezolid,J01XX08 - Linezolid
2651,J02,J02,J02 - ANTIMICÓTICOS PARA USO SISTÉMICO,J02 - ANTIMICÓTICOS PARA USO SISTÉMICO
2652,J02A,J02A,J02A - ANTIMICÓTICOS PARA USO SISTÉMICO,J02A - ANTIMICÓTICOS PARA USO SISTÉMICO
2653,J02AA,J02AA,J02AA - Antibióticos,J02AA - Antibióticos
2654,J02AA01,J02AA01,J02AA01 - Amfotericina B,J02AA01 - Amfotericina B
2655,J02AA02,J02AA02,J02AA02 - Hachimicina,J02AA02 - Hachimicina
2656,J02AB,J02AB,J02AB - Derivados imidazólicos,J02AB - Derivados imidazólicos
2657,J02AB01,J02AB01,J02AB01 - Miconazol,J02AB01 - Miconazol
2658,J02AB02,J02AB02,J02AB02 - Ketoconazol,J02AB02 - Ketoconazol
2659,J02AC,J02AC,J02AC - Derivados del triazol y tetrazol,J02AC - Derivados del triazol y tetrazol
2660,J02AC01,J02AC01,J02AC01 - Fluconazol,J02AC01 - Fluconazol
2661,J02AC02,J02AC02,J02AC02 - Itraconazol,J02AC02 - Itraconazol
2662,J02AX,J02AX,J02AX - Otros antimicóticos para uso sistémico,J02AX - Otros antimicóticos para uso sistémico
2663,J02AX01,J02AX01,J02AX01 - Flucitosina,J02AX01 - Flucitosina
2664,J02AX04,J02AX04,J02AX04 - Caspofungina,J02AX04 - Caspofungina
2665,J04,J04,J04 - ANTIMICOBACTERIAS,J04 - ANTIMICOBACTERIAS
2666,J04A,J04A,J04A - FÁRMACOS PARA EL TRATAMIENTO DE LA TUBERCULOSIS,J04A - FÁRMACOS PARA EL TRATAMIENTO DE LA TUBERCULOSIS
2667,J04AA,J04AA,J04AA - Ácido aminosalicílico y derivados,J04AA - Ácido aminosalicílico y derivados
2668,J04AA01,J04AA01,J04AA01 - Ácido aminosalicílico,J04AA01 - Ácido aminosalicílico
2669,J04AA02,J04AA02,J04AA02 - Aminosalicilato de sodio,J04AA02 - Aminosalicilato de sodio
2670,J04AA03,J04AA03,J04AA03 - Aminosalicilato de calcio,J04AA03 - Aminosalicilato de calcio
2671,J04AB,J04AB,J04AB - Antibióticos,J04AB - Antibióticos
2672,J04AB01,J04AB01,J04AB01 - Cicloserina,J04AB01 - Cicloserina
2673,J04AB02,J04AB02,J04AB02 - Rifampicina,J04AB02 - Rifampicina
2674,J04AB03,J04AB03,J04AB03 - Rifamicina,J04AB03 - Rifamicina
2675,J04AB04,J04AB04,J04AB04 - Rifabutina,J04AB04 - Rifabutina
2676,J04AB30,J04AB30,J04AB30 - Capreomicina,J04AB30 - Capreomicina
2677,J04AC,J04AC,J04AC - Hidrazidas,J04AC - Hidrazidas
2678,J04AC01,J04AC01,J04AC01 - Isoniazida,J04AC01 - Isoniazida
2679,J04AC51,J04AC51,"J04AC51 - Isoniazida, combinaciones con","J04AC51 - Isoniazida, combinaciones con"
2680,J04AD,J04AD,J04AD - Derivados de la tiocarbamida,J04AD - Derivados de la tiocarbamida
2681,J04AD01,J04AD01,J04AD01 - Protionamida,J04AD01 - Protionamida
2682,J04AD02,J04AD02,J04AD02 - Tiocarlida,J04AD02 - Tiocarlida
2683,J04AD03,J04AD03,J04AD03 - Etionamida,J04AD03 - Etionamida
2684,J04AK,J04AK,J04AK - Otros fármacos para el tratamiento de la tuberculosis,J04AK - Otros fármacos para el tratamiento de la tuberculosis
2685,J04AK01,J04AK01,J04AK01 - Pirazinamida,J04AK01 - Pirazinamida
2686,J04AK02,J04AK02,J04AK02 - Etambutol,J04AK02 - Etambutol
2687,J04AK03,J04AK03,J04AK03 - Terizidona,J04AK03 - Terizidona
2688,J04AK04,J04AK04,J04AK04 - Morinamida,J04AK04 - Morinamida
2689,J04AM,J04AM,J04AM - Combinaciones de fármacos para el tratamiento de la tuberculosis,J04AM - Combinaciones de fármacos para el tratamiento de la tuberculosis
2690,J04AM01,J04AM01,J04AM01 - Estreptomicina e isoniazida,J04AM01 - Estreptomicina e isoniazida
2691,J04AM02,J04AM02,J04AM02 - Rifampicina e isoniazida,J04AM02 - Rifampicina e isoniazida
2692,J04AM03,J04AM03,J04AM03 - Etambutol e isoniazida,J04AM03 - Etambutol e isoniazida
2693,J04AM04,J04AM04,J04AM04 - Tioacetazona e isoniazida,J04AM04 - Tioacetazona e isoniazida
2694,J04B,J04B,J04B - FÁRMACOS PARA EL TRATAMIENTO DE LA LEPRA,J04B - FÁRMACOS PARA EL TRATAMIENTO DE LA LEPRA
2695,J04BA,J04BA,J04BA - Fármacos para el tratamiento de la lepra,J04BA - Fármacos para el tratamiento de la lepra
2696,J04BA01,J04BA01,J04BA01 - Clofazimina,J04BA01 - Clofazimina
2697,J04BA02,J04BA02,J04BA02 - Dapsona,J04BA02 - Dapsona
2698,J04BA03,J04BA03,J04BA03 - Aldesulfona sódica,J04BA03 - Aldesulfona sódica
2699,J05,J05,J05 - ANTIVIRALES DE USO SISTÉMICO,J05 - ANTIVIRALES DE USO SISTÉMICO
2700,J05A,J05A,J05A - ANTIVIRALES DE ACCIÓN DIRECTA,J05A - ANTIVIRALES DE ACCIÓN DIRECTA
2701,J05AA,J05AA,J05AA - Tiosemicarbazonas,J05AA - Tiosemicarbazonas
2702,J05AA01,J05AA01,J05AA01 - Metisazona,J05AA01 - Metisazona
2703,J05AB,J05AB,"J05AB - Nucleosidos y nucleotidos, excluyendo inhibidores de la transcriptasa inversa","J05AB - Nucleosidos y nucleotidos, excluyendo inhibidores de la transcriptasa inversa"
2704,J05AB01,J05AB01,J05AB01 - Aciclovir,J05AB01 - Aciclovir
2705,J05AB02,J05AB02,J05AB02 - Idoxuridina,J05AB02 - Idoxuridina
2706,J05AB03,J05AB03,J05AB03 - Vidarabina,J05AB03 - Vidarabina
2707,J05AP01,J05AP01,J05AP01 - Ribavirina,J05AP01 - Ribavirina
2708,J05AB06,J05AB06,J05AB06 - Ganciclovir,J05AB06 - Ganciclovir
2709,J05AB09,J05AB09,J05AB09 - Famciclovir,J05AB09 - Famciclovir
2710,J05AB11,J05AB11,J05AB11 - Valaciclovir,J05AB11 - Valaciclovir
2711,J05AB12,J05AB12,J05AB12 - Cidofovir,J05AB12 - Cidofovir
2712,J05AB13,J05AB13,J05AB13 - Penciclovir,J05AB13 - Penciclovir
2713,J05AB54,J05AB54,"J05AB54 - Ribavirina, combinacíones","J05AB54 - Ribavirina, combinacíones"
2714,J05AC,J05AC,J05AC - Aminas cíclicas,J05AC - Aminas cíclicas
2715,J05AC02,J05AC02,J05AC02 - Rimantadina,J05AC02 - Rimantadina
2716,J05AC03,J05AC03,J05AC03 - Tromantadina,J05AC03 - Tromantadina
2717,J05AD,J05AD,J05AD - Derivados del ácido fosfónico,J05AD - Derivados del ácido fosfónico
2718,J05AD01,J05AD01,J05AD01 - Foscarnet,J05AD01 - Foscarnet
2719,J05AD02,J05AD02,J05AD02 - Fosfonet,J05AD02 - Fosfonet
2720,J05AE,J05AE,J05AE - Inhibidores de proteasa,J05AE - Inhibidores de proteasa
2721,J05AE01,J05AE01,J05AE01 - Saquinavir,J05AE01 - Saquinavir
2722,J05AE02,J05AE02,J05AE02 - Indinavir,J05AE02 - Indinavir
2723,J05AE03,J05AE03,J05AE03 - Ritonavir,J05AE03 - Ritonavir
2724,J05AE04,J05AE04,J05AE04 - Nelfinavir,J05AE04 - Nelfinavir
2725,J05AE05,J05AE05,J05AE05 - Amprenavir,J05AE05 - Amprenavir
2726,J05AE06,J05AE06,J05AE06 - Lopinavir,J05AE06 - Lopinavir
2727,J05AF,J05AF,J05AF - Nucleosidos y nucleotidos inhibidores de la transcriptasa inversa,J05AF - Nucleosidos y nucleotidos inhibidores de la transcriptasa inversa
2728,J05AF01,J05AF01,J05AF01 - Zidovudina,J05AF01 - Zidovudina
2729,J05AF02,J05AF02,J05AF02 - Didanosina,J05AF02 - Didanosina
2730,J05AF03,J05AF03,J05AF03 - Zalcitabina,J05AF03 - Zalcitabina
2731,J05AF04,J05AF04,J05AF04 - Estavudina,J05AF04 - Estavudina
2732,J05AF05,J05AF05,J05AF05 - Lamivudina,J05AF05 - Lamivudina
2733,J05AF06,J05AF06,J05AF06 - Abacavir,J05AF06 - Abacavir
2734,J05AF30,J05AF30,J05AF30 - Combinaciones,J05AF30 - Combinaciones
2735,J05AG,J05AG,J05AG - Inhibidores no nucleosidicos de la transcriptasa inversa,J05AG - Inhibidores no nucleosidicos de la transcriptasa inversa
2736,J05AG01,J05AG01,J05AG01 - Nevirapina,J05AG01 - Nevirapina
2737,J05AG02,J05AG02,J05AG02 - Delavirdina,J05AG02 - Delavirdina
2738,J05AG03,J05AG03,J05AG03 - Efavirenz,J05AG03 - Efavirenz
2739,J05AH,J05AH,J05AH - Inhibidores de la neuramidasa,J05AH - Inhibidores de la neuramidasa
2740,J05AH01,J05AH01,J05AH01 - Zanamivir,J05AH01 - Zanamivir
2741,J05AH02,J05AH02,J05AH02 - Oseltamivir,J05AH02 - Oseltamivir
2742,J05AX,J05AX,J05AX - Otros antivirales,J05AX - Otros antivirales
2743,J05AX01,J05AX01,J05AX01 - Moroxidina,J05AX01 - Moroxidina
2744,J05AX02,J05AX02,J05AX02 - Lisozima,J05AX02 - Lisozima
2745,J05AX05,J05AX05,J05AX05 - Inosina pranovex,J05AX05 - Inosina pranovex
2746,J06,J06,J06 - SUEROS INMUNES E INMUNOGLOBULINAS,J06 - SUEROS INMUNES E INMUNOGLOBULINAS
2747,J06A,J06A,J06A - SUEROS INMUNES,J06A - SUEROS INMUNES
2748,J06AA,J06AA,J06AA - Sueros inmunes,J06AA - Sueros inmunes
2749,J06AA01,J06AA01,"J06AA01 - Diftérica, antitoxina","J06AA01 - Diftérica, antitoxina"
2750,J06AA02,J06AA02,"J06AA02 - Tetánica, antitoxina","J06AA02 - Tetánica, antitoxina"
2751,J06AA03,J06AA03,J06AA03 - Suero antiofídico,J06AA03 - Suero antiofídico
2752,J06AA04,J06AA04,"J06AA04 - Botulínica, antitoxina","J06AA04 - Botulínica, antitoxina"
2753,J06AA05,J06AA05,"J06AA05 - Gangrena gaseosa, suero contra la","J06AA05 - Gangrena gaseosa, suero contra la"
2754,J06AA06,J06AA06,"J06AA06 - Antirrábico, suero","J06AA06 - Antirrábico, suero"
2755,J06B,J06B,J06B - INMUNOGLOBULINAS,J06B - INMUNOGLOBULINAS
2756,J06BA,J06BA,J06BA - Inmunoglobulinas humanas normales,J06BA - Inmunoglobulinas humanas normales
2757,J06BA01,J06BA01,J06BA01 - Inmunoglobulinas humanas normales para adm. extravascular,J06BA01 - Inmunoglobulinas humanas normales para adm. extravascular
2758,J06BA02,J06BA02,J06BA02 - Inmunoglobulinas humanas normales para adm. intravascular,J06BA02 - Inmunoglobulinas humanas normales para adm. intravascular
2759,J06BB,J06BB,J06BB - Inmunoglobulinas específicas,J06BB - Inmunoglobulinas específicas
2760,J06BB01,J06BB01,J06BB01 - Inmunoglobulina anti-D (rh),J06BB01 - Inmunoglobulina anti-D (rh)
2761,J06BB02,J06BB02,J06BB02 - Inmunoglobulina antitetánica,J06BB02 - Inmunoglobulina antitetánica
2762,J06BB03,J06BB03,J06BB03 - Inmunoglobulina anti-varicela/zoster,J06BB03 - Inmunoglobulina anti-varicela/zoster
2763,J06BB04,J06BB04,J06BB04 - Inmunoglobulina antihepatitis B,J06BB04 - Inmunoglobulina antihepatitis B
2764,J06BB05,J06BB05,J06BB05 - Inmunoglobulina antirrábica,J06BB05 - Inmunoglobulina antirrábica
2765,J06BB06,J06BB06,J06BB06 - Inmunoglobulina antirrubéolica,J06BB06 - Inmunoglobulina antirrubéolica
2766,J06BB07,J06BB07,J06BB07 - Inmunoglobulina antivaccinia,J06BB07 - Inmunoglobulina antivaccinia
2767,J06BB08,J06BB08,J06BB08 - Inmunoglobulina antiestafilocócica,J06BB08 - Inmunoglobulina antiestafilocócica
2768,J06BB09,J06BB09,J06BB09 - Inmunoglobulina anticitomegalovirus,J06BB09 - Inmunoglobulina anticitomegalovirus
2769,J06BB10,J06BB10,J06BB10 - Inmunoglobulina antidiftérica,J06BB10 - Inmunoglobulina antidiftérica
2770,J06BB11,J06BB11,J06BB11 - Inmunoglobulina antihepatitis A,J06BB11 - Inmunoglobulina antihepatitis A
2771,J06BB12,J06BB12,"J06BB12 - Inmunoglobulina, anti-encefalitis, (transmitida por garrapatas )","J06BB12 - Inmunoglobulina, anti-encefalitis, (transmitida por garrapatas )"
2772,J06BB13,J06BB13,J06BB13 - Inmunoglobulina antipertussis,J06BB13 - Inmunoglobulina antipertussis
2773,J06BB14,J06BB14,J06BB14 - Inmunoglobulina antisarampión,J06BB14 - Inmunoglobulina antisarampión
2774,J06BB15,J06BB15,J06BB15 - Inmunoglobulina antiparotiditica,J06BB15 - Inmunoglobulina antiparotiditica
2775,J06BB16,J06BB16,J06BB16 - Palivizumab,J06BB16 - Palivizumab
2776,J06BB30,J06BB30,J06BB30 - Combinaciones,J06BB30 - Combinaciones
2777,J06BC,J06BC,J06BC - Anticuerpos monoclonales antibacterianos,J06BC - Anticuerpos monoclonales antibacterianos
2778,J06BC01,J06BC01,J06BC01 - Nebacumab,J06BC01 - Nebacumab
2779,J07,J07,J07 - VACUNAS,J07 - VACUNAS
2780,J07A,J07A,J07A - VACUNAS ANTIBACTERIANAS,J07A - VACUNAS ANTIBACTERIANAS
2781,J07AC,J07AC,J07AC - Vacunas frente al ántrax,J07AC - Vacunas frente al ántrax
2782,J07AC01,J07AC01,J07AC01 - Vacunas frente al ántrax,J07AC01 - Vacunas frente al ántrax
2783,J07AD,J07AD,J07AD - Vacunas frente a la brucelosis,J07AD - Vacunas frente a la brucelosis
2784,J07AD01,J07AD01,"J07AD01 - Brucella, antigeno de","J07AD01 - Brucella, antigeno de"
2785,J07AE,J07AE,J07AE - Vacunas frente al cólera,J07AE - Vacunas frente al cólera
2786,J07AE01,J07AE01,"J07AE01 - Colera, celula entera inactivada","J07AE01 - Colera, celula entera inactivada"
2787,J07AE02,J07AE02,"J07AE02 - Colera, vibrion vivo atenuado","J07AE02 - Colera, vibrion vivo atenuado"
2788,J07AE51,J07AE51,"J07AE51 - Colera, celula entera inactivada, combinaciones con vacuna antitifoidea","J07AE51 - Colera, celula entera inactivada, combinaciones con vacuna antitifoidea"
2789,J07AF,J07AF,J07AF - Vacunas frente a la difteria,J07AF - Vacunas frente a la difteria
2790,J07AF01,J07AF01,"J07AF01 - Diftérico, toxoide","J07AF01 - Diftérico, toxoide"
2791,J07AG,J07AG,J07AG - Vacunas frente al Haemophilus influenzae B,J07AG - Vacunas frente al Haemophilus influenzae B
2792,J07AG01,J07AG01,"J07AG01 - Haemophilus influenzae B, antígeno purificado conjugado","J07AG01 - Haemophilus influenzae B, antígeno purificado conjugado"
2793,J07AG51,J07AG51,"J07AG51 - Haemophilus influenzae B, combinaciones con toxoides","J07AG51 - Haemophilus influenzae B, combinaciones con toxoides"
2794,J07AG52,J07AG52,"J07AG52 - Haemophilus influenzae B, combinaciones con pertussis y toxoides","J07AG52 - Haemophilus influenzae B, combinaciones con pertussis y toxoides"
2795,J07AH,J07AH,J07AH - Vacunas frente al meningococo,J07AH - Vacunas frente al meningococo
2796,J07AH01,J07AH01,"J07AH01 - Meningococo A, antígeno constituido por polisacáridos purificados","J07AH01 - Meningococo A, antígeno constituido por polisacáridos purificados"
2797,J07AH02,J07AH02,J07AH02 - Antígeno monovalente constituido por polisacáridos purificados de otros meningococos,J07AH02 - Antígeno monovalente constituido por polisacáridos purificados de otros meningococos
2798,J07AH03,J07AH03,"J07AH03 - Meningococo A, C, antígeno bivalente constituido por polisacáridos purificados","J07AH03 - Meningococo A, C, antígeno bivalente constituido por polisacáridos purificados"
2799,J07AH04,J07AH04,"J07AH04 - Meningococo A, C, Y, W-135, antígeno tetravalente, constituido por polisacáridos purificados","J07AH04 - Meningococo A, C, Y, W-135, antígeno tetravalente, constituido por polisacáridos purificados"
2800,J07AH05,J07AH05,J07AH05 - Antígeno polivalente constituido por polisacáridos purificados de otros meningococos,J07AH05 - Antígeno polivalente constituido por polisacáridos purificados de otros meningococos
2801,J07AH06,J07AH06,"J07AH06 - Meningococo B, vacuna de vesículas de la membrana externa","J07AH06 - Meningococo B, vacuna de vesículas de la membrana externa"
2802,J07AJ,J07AJ,J07AJ - Vacunas frente a la tos ferina,J07AJ - Vacunas frente a la tos ferina
2803,J07AJ01,J07AJ01,"J07AJ01 - Pertussis, célula entera inactivada","J07AJ01 - Pertussis, célula entera inactivada"
2804,J07AJ02,J07AJ02,"J07AJ02 - Pertussis, antígeno purificado de","J07AJ02 - Pertussis, antígeno purificado de"
2805,J07AJ51,J07AJ51,"J07AJ51 - Pertussis, células enteras inactivada, combinaciones con toxoides","J07AJ51 - Pertussis, células enteras inactivada, combinaciones con toxoides"
2806,J07AJ52,J07AJ52,"J07AJ52 - Pertussis, antígeno purificado, combinación con toxoides","J07AJ52 - Pertussis, antígeno purificado, combinación con toxoides"
2807,J07AK,J07AK,J07AK - Vacunas frente a la peste,J07AK - Vacunas frente a la peste
2808,J07AK01,J07AK01,"J07AK01 - Peste, célula entera inactivada","J07AK01 - Peste, célula entera inactivada"
2809,J07AL,J07AL,J07AL - Vacunas frente al neumococo,J07AL - Vacunas frente al neumococo
2810,J07AL01,J07AL01,"J07AL01 - Neumococo, antigeno constituido por polisacaridos purificados","J07AL01 - Neumococo, antigeno constituido por polisacaridos purificados"
2811,J07AL02,J07AL02,"J07AL02 - Neumococo, antígenos conjugado constituido por polisacáridos purificados","J07AL02 - Neumococo, antígenos conjugado constituido por polisacáridos purificados"
2812,J07AM,J07AM,J07AM - Vacunas frente al tétanos,J07AM - Vacunas frente al tétanos
2813,J07AM01,J07AM01,"J07AM01 - Tetánico, toxoide","J07AM01 - Tetánico, toxoide"
2814,J07AM51,J07AM51,"J07AM51 - Tetánico, toxoide, combinaciones con toxoide diftérico","J07AM51 - Tetánico, toxoide, combinaciones con toxoide diftérico"
2815,J07AM52,J07AM52,"J07AM52 - Tetánico, toxoide, combinaciones con inmunoglobulina antitetánica","J07AM52 - Tetánico, toxoide, combinaciones con inmunoglobulina antitetánica"
2816,J07AN,J07AN,J07AN - Vacuna frente a la tuberculosis,J07AN - Vacuna frente a la tuberculosis
2817,J07AN01,J07AN01,"J07AN01 - Tuberculosis, micobacteria viva atenuada","J07AN01 - Tuberculosis, micobacteria viva atenuada"
2818,J07AP,J07AP,J07AP - Vacunas frente a la fiebre tifoidea,J07AP - Vacunas frente a la fiebre tifoidea
2819,J07AP01,J07AP01,"J07AP01 - Tifoidea, viva atenuada, oral","J07AP01 - Tifoidea, viva atenuada, oral"
2820,J07AP02,J07AP02,"J07AP02 - Tifoidea, célula entera inactivada","J07AP02 - Tifoidea, célula entera inactivada"
2821,J07AP03,J07AP03,"J07AP03 - Tifoidea, antígeno constituido por polisacárido purificado","J07AP03 - Tifoidea, antígeno constituido por polisacárido purificado"
2822,J07AP10,J07AP10,"J07AP10 - Tifoidea, combinaciones con tipos de paratyphi","J07AP10 - Tifoidea, combinaciones con tipos de paratyphi"
2823,J07AR,J07AR,J07AR - Vacunas frente al tifus (exantemático),J07AR - Vacunas frente al tifus (exantemático)
2824,J07AR01,J07AR01,"J07AR01 - Tifus exantemático, inactivado, células enteras","J07AR01 - Tifus exantemático, inactivado, células enteras"
2825,J07AX,J07AX,J07AX - Otras vacunas antibacterianas,J07AX - Otras vacunas antibacterianas
2826,J07B,J07B,J07B - VACUNAS ANTIVIRALES,J07B - VACUNAS ANTIVIRALES
2827,J07BA,J07BA,J07BA - Vacunas frente a la encefalitis,J07BA - Vacunas frente a la encefalitis
2828,J07BA01,J07BA01,"J07BA01 - Encefalitis transmitida por garrapatas, virus entero inactivado","J07BA01 - Encefalitis transmitida por garrapatas, virus entero inactivado"
2829,J07BA02,J07BA02,"J07BA02 - Encefalitis japonesa, virus entero inactivado","J07BA02 - Encefalitis japonesa, virus entero inactivado"
2830,J07BB,J07BB,J07BB - Vacunas frente a la gripe,J07BB - Vacunas frente a la gripe
2831,J07BB01,J07BB01,"J07BB01 - Influenza, virus entero inactivado","J07BB01 - Influenza, virus entero inactivado"
2832,J07BB02,J07BB02,"J07BB02 - Influenza, antígeno purificado","J07BB02 - Influenza, antígeno purificado"
2833,J07BC,J07BC,J07BC - Vacunas frente a la hepatitis,J07BC - Vacunas frente a la hepatitis
2834,J07BC01,J07BC01,"J07BC01 - Hepatitis B, antígeno purificado de","J07BC01 - Hepatitis B, antígeno purificado de"
2835,J07BC02,J07BC02,"J07BC02 - Hepatitis A, virus entero inactivado","J07BC02 - Hepatitis A, virus entero inactivado"
2836,J07BC20,J07BC20,J07BC20 - Combinaciones,J07BC20 - Combinaciones
2837,J07BD,J07BD,J07BD - Vacunas frente al sarampión,J07BD - Vacunas frente al sarampión
2838,J07BD01,J07BD01,"J07BD01 - Sarampión, virus vivo atenuado","J07BD01 - Sarampión, virus vivo atenuado"
2839,J07BD51,J07BD51,"J07BD51 - Sarampión, virus vivo atenuado combinado con la vacuna frente a la parotiditis","J07BD51 - Sarampión, virus vivo atenuado combinado con la vacuna frente a la parotiditis"
2840,J07BD52,J07BD52,"J07BD52 - Sarampión, virus vivo atenuado combinado con la vacuna frente a la parotiditis y la rubeola","J07BD52 - Sarampión, virus vivo atenuado combinado con la vacuna frente a la parotiditis y la rubeola"
2841,J07BD53,J07BD53,"J07BD53 - Sarampión, virus vivo atenuado combinado con la vacuna frente a la rubéola","J07BD53 - Sarampión, virus vivo atenuado combinado con la vacuna frente a la rubéola"
2842,J07BE,J07BE,J07BE - Vacunas frente a la parotiditis,J07BE - Vacunas frente a la parotiditis
2843,J07BE01,J07BE01,"J07BE01 - Parotiditis, virus vivo atenuado","J07BE01 - Parotiditis, virus vivo atenuado"
2844,J07BF,J07BF,J07BF - Vacunas frente a la poliomielitis,J07BF - Vacunas frente a la poliomielitis
2845,J07BF01,J07BF01,"J07BF01 - Poliomielitis, virus vivo atenuado, vacuna oral, monovalente de","J07BF01 - Poliomielitis, virus vivo atenuado, vacuna oral, monovalente de"
2846,J07BF02,J07BF02,"J07BF02 - Poliomielitis, virus vivo atenuado, vacuna oral trivalente de","J07BF02 - Poliomielitis, virus vivo atenuado, vacuna oral trivalente de"
2847,J07BF03,J07BF03,"J07BF03 - Poliomielitis, inactivado, virus entero, trivalente","J07BF03 - Poliomielitis, inactivado, virus entero, trivalente"
2848,J07BG,J07BG,J07BG - Vacunas frente a la rabia,J07BG - Vacunas frente a la rabia
2849,J07BG01,J07BG01,"J07BG01 - Rabia, virus entero inactivado","J07BG01 - Rabia, virus entero inactivado"
2850,J07BH,J07BH,J07BH - Vacunas frente a la diarrea por rotavirus,J07BH - Vacunas frente a la diarrea por rotavirus
2851,J07BH01,J07BH01,"J07BH01 - Rotavirus, virus vivo atenuado","J07BH01 - Rotavirus, virus vivo atenuado"
2852,J07BJ,J07BJ,J07BJ - Vacunas frente a la rubéola,J07BJ - Vacunas frente a la rubéola
2853,J07BJ01,J07BJ01,"J07BJ01 - Rubeola, virus vivo atenuado","J07BJ01 - Rubeola, virus vivo atenuado"
2854,J07BJ51,J07BJ51,"J07BJ51 - Rubeola, virus vivo atenuado combinado con la vacuna frente a la parotiditis","J07BJ51 - Rubeola, virus vivo atenuado combinado con la vacuna frente a la parotiditis"
2855,J07BK,J07BK,J07BK - Vacunas frente a la varicela zóster,J07BK - Vacunas frente a la varicela zóster
2856,J07BK01,J07BK01,"J07BK01 - Varicela, virus vivo atenuado","J07BK01 - Varicela, virus vivo atenuado"
2857,J07BL,J07BL,J07BL - Vacunas contra la fiebre amarilla,J07BL - Vacunas contra la fiebre amarilla
2858,J07BL01,J07BL01,"J07BL01 - Fiebre amarilla, virus vivo atenuado","J07BL01 - Fiebre amarilla, virus vivo atenuado"
2859,J07BX,J07BX,J07BX - Otras vacunas antivirales,J07BX - Otras vacunas antivirales
2860,J07C,J07C,J07C - VACUNAS ANTIBACTERIANAS Y ANTIVIRALES COMBINADAS,J07C - VACUNAS ANTIBACTERIANAS Y ANTIVIRALES COMBINADAS
2861,J07CA,J07CA,J07CA - Vacunas antibacterianas y antivirales combinadas,J07CA - Vacunas antibacterianas y antivirales combinadas
2862,J07CA01,J07CA01,J07CA01 - Difteria-poliomielitis-tétanos,J07CA01 - Difteria-poliomielitis-tétanos
2863,J07CA02,J07CA02,J07CA02 - Difteria-pertussis-poliomielitis-tétanos,J07CA02 - Difteria-pertussis-poliomielitis-tétanos
2864,J07CA03,J07CA03,J07CA03 - Difteria-rubeola-tétanos,J07CA03 - Difteria-rubeola-tétanos
2865,J07CA04,J07CA04,J07CA04 - Haemophilus influenzae B y poliomielitis,J07CA04 - Haemophilus influenzae B y poliomielitis
2866,J07CA05,J07CA05,J07CA05 - Difteria-hepatitis B-pertussis-tétanos,J07CA05 - Difteria-hepatitis B-pertussis-tétanos
2867,J07CA06,J07CA06,J07CA06 - Difteria-Haemophilus influenzae B- pertussis-poliomielitis- tétanos,J07CA06 - Difteria-Haemophilus influenzae B- pertussis-poliomielitis- tétanos
2868,J07CA07,J07CA07,J07CA07 - Difteria-hepatitis B-tétanos,J07CA07 - Difteria-hepatitis B-tétanos
2869,J07CA08,J07CA08,J07CA08 - Haemophilus influenzae B y hepatitis B,J07CA08 - Haemophilus influenzae B y hepatitis B
2870,J07X,J07X,J07X - OTRAS VACUNAS,J07X - OTRAS VACUNAS
2871,L,L,L - AGENTES ANTINEOPLÁSICOS E INMUNOMODULADORES,L - AGENTES ANTINEOPLÁSICOS E INMUNOMODULADORES
2872,L01,L01,L01 - AGENTES ANTINEOPLÁSICOS,L01 - AGENTES ANTINEOPLÁSICOS
2873,L01A,L01A,L01A - AGENTES ALQUILANTES,L01A - AGENTES ALQUILANTES
2874,L01AA,L01AA,L01AA - Análogos de la mostaza nitrogenada,L01AA - Análogos de la mostaza nitrogenada
2875,L01AA01,L01AA01,L01AA01 - Ciclofosfamida,L01AA01 - Ciclofosfamida
2876,L01AA02,L01AA02,L01AA02 - Clorambucilo,L01AA02 - Clorambucilo
2877,L01AA03,L01AA03,L01AA03 - Melfalán,L01AA03 - Melfalán
2878,L01AA05,L01AA05,L01AA05 - Clormetina,L01AA05 - Clormetina
2879,L01AA06,L01AA06,L01AA06 - Ifosfamida,L01AA06 - Ifosfamida
2880,L01AA07,L01AA07,L01AA07 - Trofosfamida,L01AA07 - Trofosfamida
2881,L01AA08,L01AA08,L01AA08 - Prednimustina,L01AA08 - Prednimustina
2882,L01AB,L01AB,L01AB - Alquilsulfonatos,L01AB - Alquilsulfonatos
2883,L01AB01,L01AB01,L01AB01 - Busulfano,L01AB01 - Busulfano
2884,L01AB02,L01AB02,L01AB02 - Treosulfano,L01AB02 - Treosulfano
2885,L01AB03,L01AB03,L01AB03 - Manosulfano,L01AB03 - Manosulfano
2886,L01AC,L01AC,L01AC - Etileniminas,L01AC - Etileniminas
2887,L01AC01,L01AC01,L01AC01 - Tiotepa,L01AC01 - Tiotepa
2888,L01AC02,L01AC02,L01AC02 - Triazicuona,L01AC02 - Triazicuona
2889,L01AC03,L01AC03,L01AC03 - Carbocuona,L01AC03 - Carbocuona
2890,L01AD,L01AD,L01AD - Nitrosoureas,L01AD - Nitrosoureas
2891,L01AD01,L01AD01,L01AD01 - Carmustina,L01AD01 - Carmustina
2892,L01AD02,L01AD02,L01AD02 - Lomustina,L01AD02 - Lomustina
2893,L01AD03,L01AD03,L01AD03 - Semustina,L01AD03 - Semustina
2894,L01AD04,L01AD04,L01AD04 - Estreptozocina,L01AD04 - Estreptozocina
2895,L01AD05,L01AD05,L01AD05 - Fotemustina,L01AD05 - Fotemustina
2896,L01AD06,L01AD06,L01AD06 - Nimustina,L01AD06 - Nimustina
2897,L01AD07,L01AD07,L01AD07 - Ranimustina,L01AD07 - Ranimustina
2898,L01AG,L01AG,L01AG - Epóxidos,L01AG - Epóxidos
2899,L01AG01,L01AG01,L01AG01 - Etoglúcido,L01AG01 - Etoglúcido
2900,L01AX,L01AX,L01AX - Otros agentes alquilantes,L01AX - Otros agentes alquilantes
2901,L01AX01,L01AX01,L01AX01 - Mitobronitol,L01AX01 - Mitobronitol
2902,L01AX02,L01AX02,L01AX02 - Pipobromán,L01AX02 - Pipobromán
2903,L01AX03,L01AX03,L01AX03 - Temozolomida,L01AX03 - Temozolomida
2904,L01AX04,L01AX04,L01AX04 - Dacarbazina,L01AX04 - Dacarbazina
2905,L01B,L01B,L01B - ANTIMETABOLITOS,L01B - ANTIMETABOLITOS
2906,L01BA,L01BA,L01BA - Análogos del ácido fólico,L01BA - Análogos del ácido fólico
2907,L01BA01,L01BA01,L01BA01 - Metotrexato,L01BA01 - Metotrexato
2908,L01BA03,L01BA03,L01BA03 - Raltitrexed,L01BA03 - Raltitrexed
2909,L01BB,L01BB,L01BB - Análogos de las purinas,L01BB - Análogos de las purinas
2910,L01BB02,L01BB02,L01BB02 - Mercaptopurina,L01BB02 - Mercaptopurina
2911,L01BB03,L01BB03,L01BB03 - Tioguanina,L01BB03 - Tioguanina
2912,L01BB04,L01BB04,L01BB04 - Cladribina,L01BB04 - Cladribina
2913,L01BB05,L01BB05,L01BB05 - Fludarabina,L01BB05 - Fludarabina
2914,L01BC,L01BC,L01BC - Análogos de las pirimidinas,L01BC - Análogos de las pirimidinas
2915,L01BC01,L01BC01,L01BC01 - Citarabina,L01BC01 - Citarabina
2916,L01BC02,L01BC02,L01BC02 - Fluorouracilo,L01BC02 - Fluorouracilo
2917,L01BC03,L01BC03,L01BC03 - Tegafur,L01BC03 - Tegafur
2918,L01BC04,L01BC04,L01BC04 - Carmofur,L01BC04 - Carmofur
2919,L01BC05,L01BC05,L01BC05 - Gemcitabina,L01BC05 - Gemcitabina
2920,L01BC06,L01BC06,L01BC06 - Capecitabina,L01BC06 - Capecitabina
2921,L01BC52,L01BC52,"L01BC52 - Fluorouracilo, combinaciones con","L01BC52 - Fluorouracilo, combinaciones con"
2922,L01BC53,L01BC53,"L01BC53 - Tegafur, combinaciones con","L01BC53 - Tegafur, combinaciones con"
2923,L01C,L01C,L01C - ALCALOIDES DE PLANTAS Y OTROS PRODUCTOS NATURALES,L01C - ALCALOIDES DE PLANTAS Y OTROS PRODUCTOS NATURALES
2924,L01CA,L01CA,L01CA - Alcaloides de la Vinca y análogos,L01CA - Alcaloides de la Vinca y análogos
2925,L01CA01,L01CA01,L01CA01 - Vinblastina,L01CA01 - Vinblastina
2926,L01CA02,L01CA02,L01CA02 - Vincristina,L01CA02 - Vincristina
2927,L01CA03,L01CA03,L01CA03 - Vindesina,L01CA03 - Vindesina
2928,L01CA04,L01CA04,L01CA04 - Vinorelbina,L01CA04 - Vinorelbina
2929,L01CB,L01CB,L01CB - Derivados de la podofilotoxina,L01CB - Derivados de la podofilotoxina
2930,L01CB01,L01CB01,L01CB01 - Etopósido,L01CB01 - Etopósido
2931,L01CB02,L01CB02,L01CB02 - Tenipósido,L01CB02 - Tenipósido
2932,L01CC,L01CC,L01CC - Derivados de la colchicina,L01CC - Derivados de la colchicina
2933,L01CC01,L01CC01,L01CC01 - Demecolcina,L01CC01 - Demecolcina
2934,L01CD,L01CD,L01CD - Taxanos,L01CD - Taxanos
2935,L01CD01,L01CD01,L01CD01 - Paclitaxel,L01CD01 - Paclitaxel
2936,L01CD02,L01CD02,L01CD02 - Docetaxel,L01CD02 - Docetaxel
2937,L01D,L01D,L01D - ANTIBIÓTICOS CITOTÓXICOS Y SUSTANCIAS RELACIONADAS,L01D - ANTIBIÓTICOS CITOTÓXICOS Y SUSTANCIAS RELACIONADAS
2938,L01DA,L01DA,L01DA - Actinomicinas,L01DA - Actinomicinas
2939,L01DA01,L01DA01,L01DA01 - Dactinomicina,L01DA01 - Dactinomicina
2940,L01DB,L01DB,L01DB - Antraciclinas y sustancias relacionadas,L01DB - Antraciclinas y sustancias relacionadas
2941,L01DB01,L01DB01,L01DB01 - Doxorubicina,L01DB01 - Doxorubicina
2942,L01DB02,L01DB02,L01DB02 - Daunorubicina,L01DB02 - Daunorubicina
2943,L01DB03,L01DB03,L01DB03 - Epirubicina,L01DB03 - Epirubicina
2944,L01DB04,L01DB04,L01DB04 - Aclarubicina,L01DB04 - Aclarubicina
2945,L01DB05,L01DB05,L01DB05 - Zorubicina,L01DB05 - Zorubicina
2946,L01DB06,L01DB06,L01DB06 - Idarubicina,L01DB06 - Idarubicina
2947,L01DB07,L01DB07,L01DB07 - Mitoxantrona,L01DB07 - Mitoxantrona
2948,L01DB08,L01DB08,L01DB08 - Pirarubicina,L01DB08 - Pirarubicina
2949,L01DB09,L01DB09,L01DB09 - Valrubicina,L01DB09 - Valrubicina
2950,L01DC,L01DC,L01DC - Otros antibióticos citotóxicos,L01DC - Otros antibióticos citotóxicos
2951,L01DC01,L01DC01,L01DC01 - Bleomicina,L01DC01 - Bleomicina
2952,L01DC02,L01DC02,L01DC02 - Plicamicina,L01DC02 - Plicamicina
2953,L01DC03,L01DC03,L01DC03 - Mitomicina,L01DC03 - Mitomicina
2954,L01X,L01X,L01X - OTROS AGENTES ANTINEOPLÁSICOS,L01X - OTROS AGENTES ANTINEOPLÁSICOS
2955,L01XA,L01XA,L01XA - Compuestos del platino,L01XA - Compuestos del platino
2956,L01XA01,L01XA01,L01XA01 - Cisplatino,L01XA01 - Cisplatino
2957,L01XA02,L01XA02,L01XA02 - Carboplatino,L01XA02 - Carboplatino
2958,L01XA03,L01XA03,L01XA03 - Oxaliplatino,L01XA03 - Oxaliplatino
2959,L01XB,L01XB,L01XB - Metilhidrazinas,L01XB - Metilhidrazinas
2960,L01XB01,L01XB01,L01XB01 - Procarbazina,L01XB01 - Procarbazina
2961,L01XC,L01XC,L01XC - Anticuerpos monoclonales,L01XC - Anticuerpos monoclonales
2962,L01XC01,L01XC01,L01XC01 - Edrecolomab,L01XC01 - Edrecolomab
2963,L01XC02,L01XC02,L01XC02 - Rituximab,L01XC02 - Rituximab
2964,L01XC03,L01XC03,L01XC03 - Trastuzumab,L01XC03 - Trastuzumab
2965,L01XD,L01XD,L01XD - Sensibilizadores usados en terapia fotodinámica y radiación,L01XD - Sensibilizadores usados en terapia fotodinámica y radiación
2966,L01XD01,L01XD01,L01XD01 - Porfímero sódico,L01XD01 - Porfímero sódico
2967,L01XD02,L01XD02,L01XD02 - Verteporfina,L01XD02 - Verteporfina
2968,L01XD03,L01XD03,L01XD03 - Aminolevulinato de metilo,L01XD03 - Aminolevulinato de metilo
2969,L01XX,L01XX,L01XX - Otros agentes antineoplásicos,L01XX - Otros agentes antineoplásicos
2970,L01XX01,L01XX01,L01XX01 - Amsacrina,L01XX01 - Amsacrina
2971,L01XX02,L01XX02,L01XX02 - Asparaginasa,L01XX02 - Asparaginasa
2972,L01XX03,L01XX03,L01XX03 - Altretamina,L01XX03 - Altretamina
2973,L01XX05,L01XX05,L01XX05 - Hidroxicarbamida,L01XX05 - Hidroxicarbamida
2974,L01XX07,L01XX07,L01XX07 - Lonidamina,L01XX07 - Lonidamina
2975,L01XX08,L01XX08,L01XX08 - Pentostatina,L01XX08 - Pentostatina
2976,L01XX09,L01XX09,L01XX09 - Miltefosina,L01XX09 - Miltefosina
2977,L01XX10,L01XX10,L01XX10 - Masoprocol,L01XX10 - Masoprocol
2978,L01XX11,L01XX11,L01XX11 - Estramustina,L01XX11 - Estramustina
2979,L01XX14,L01XX14,L01XX14 - Tretinoína,L01XX14 - Tretinoína
2980,L01XX16,L01XX16,L01XX16 - Mitoguazona,L01XX16 - Mitoguazona
2981,L01XX17,L01XX17,L01XX17 - Topotecán,L01XX17 - Topotecán
2982,L01XX18,L01XX18,L01XX18 - Tiazofurina,L01XX18 - Tiazofurina
2983,L01XX19,L01XX19,L01XX19 - Irinotecán,L01XX19 - Irinotecán
2984,L01XX22,L01XX22,L01XX22 - Alitretinoina,L01XX22 - Alitretinoina
2985,L01XX23,L01XX23,L01XX23 - Mitotano,L01XX23 - Mitotano
2986,L01XX24,L01XX24,L01XX24 - Pegaspargasa,L01XX24 - Pegaspargasa
2987,L01XX25,L01XX25,L01XX25 - Bexaroteno,L01XX25 - Bexaroteno
2988,L01XX27,L01XX27,"L01XX27 - Arsénico, trióxido de","L01XX27 - Arsénico, trióxido de"
2989,L01XX28,L01XX28,L01XX28 - Imatinib,L01XX28 - Imatinib
2990,L01XX29,L01XX29,L01XX29 - Denileukina diftitox,L01XX29 - Denileukina diftitox
2991,L01XY,L01XY,L01XY - Combinaciones de agentes antineoplásicos,L01XY - Combinaciones de agentes antineoplásicos
2992,L02,L02,L02 - TERAPIA ENDOCRINA,L02 - TERAPIA ENDOCRINA
2993,L02A,L02A,L02A - HORMONAS Y AGENTES RELACIONADOS,L02A - HORMONAS Y AGENTES RELACIONADOS
2994,L02AA,L02AA,L02AA - Estrógenos,L02AA - Estrógenos
2995,L02AA01,L02AA01,L02AA01 - Dietilestilbestrol,L02AA01 - Dietilestilbestrol
2996,L02AA02,L02AA02,L02AA02 - Poliestradiol fosfato,L02AA02 - Poliestradiol fosfato
2997,L02AA03,L02AA03,L02AA03 - Etinilestradiol,L02AA03 - Etinilestradiol
2998,L02AA04,L02AA04,L02AA04 - Fosfestrol,L02AA04 - Fosfestrol
2999,L02AB,L02AB,L02AB - Progestágenos,L02AB - Progestágenos
3000,L02AB01,L02AB01,L02AB01 - Megestrol,L02AB01 - Megestrol
3001,L02AB02,L02AB02,L02AB02 - Medroxiprogesterona,L02AB02 - Medroxiprogesterona
3002,L02AB03,L02AB03,L02AB03 - Gestonorona,L02AB03 - Gestonorona
3003,L02AE,L02AE,L02AE - Análogos de la hormona liberadora de gonadotrofinas,L02AE - Análogos de la hormona liberadora de gonadotrofinas
3004,L02AE01,L02AE01,L02AE01 - Buserelina,L02AE01 - Buserelina
3005,L02AE02,L02AE02,L02AE02 - Leuprorelina,L02AE02 - Leuprorelina
3006,L02AE03,L02AE03,L02AE03 - Goserelina,L02AE03 - Goserelina
3007,L02AE04,L02AE04,L02AE04 - Triptorelina,L02AE04 - Triptorelina
3008,L02AX,L02AX,L02AX - Otras hormonas,L02AX - Otras hormonas
3009,L02B,L02B,L02B - ANTAGONISTAS DE HORMONAS Y AGENTES RELACIONADOS,L02B - ANTAGONISTAS DE HORMONAS Y AGENTES RELACIONADOS
3010,L02BA,L02BA,L02BA - Antiestrógenos,L02BA - Antiestrógenos
3011,L02BA01,L02BA01,L02BA01 - Tamoxifeno,L02BA01 - Tamoxifeno
3012,L02BA02,L02BA02,L02BA02 - Toremifeno,L02BA02 - Toremifeno
3013,L02BA03,L02BA03,L02BA03 - Fulvestrant,L02BA03 - Fulvestrant
3014,L02BB,L02BB,L02BB - Antiandrógenos,L02BB - Antiandrógenos
3015,L02BB01,L02BB01,L02BB01 - Flutamida,L02BB01 - Flutamida
3016,L02BB02,L02BB02,L02BB02 - Nilutamida,L02BB02 - Nilutamida
3017,L02BB03,L02BB03,L02BB03 - Bicalutamida,L02BB03 - Bicalutamida
3018,L02BG,L02BG,L02BG - Inhibidores de la aromatasa,L02BG - Inhibidores de la aromatasa
3019,L02BG01,L02BG01,L02BG01 - Aminoglutetimida,L02BG01 - Aminoglutetimida
3020,L02BG02,L02BG02,L02BG02 - Formestano,L02BG02 - Formestano
3021,L02BG03,L02BG03,L02BG03 - Anastrozol,L02BG03 - Anastrozol
3022,L02BG04,L02BG04,L02BG04 - Letrozol,L02BG04 - Letrozol
3023,L02BG05,L02BG05,L02BG05 - Vorozol,L02BG05 - Vorozol
3024,L02BG06,L02BG06,L02BG06 - Exemestano,L02BG06 - Exemestano
3025,L03,L03,L03 - INMUNOESTIMULANTES,L03 - INMUNOESTIMULANTES
3026,L03A,L03A,L03A - INMUNOESTIMULANTES,L03A - INMUNOESTIMULANTES
3027,L03AA,L03AA,L03AA - Factores estimulantes de colonias,L03AA - Factores estimulantes de colonias
3028,L03AA02,L03AA02,L03AA02 - Filgrastim,L03AA02 - Filgrastim
3029,L03AA03,L03AA03,L03AA03 - Molgramostim,L03AA03 - Molgramostim
3030,L03AA09,L03AA09,L03AA09 - Sargramostim,L03AA09 - Sargramostim
3031,L03AA10,L03AA10,L03AA10 - Lenograstim,L03AA10 - Lenograstim
3032,L03AA12,L03AA12,L03AA12 - Ancestim,L03AA12 - Ancestim
3033,L03AB,L03AB,L03AB - Interferones,L03AB - Interferones
3034,L03AB01,L03AB01,L03AB01 - Interferón alfa natural,L03AB01 - Interferón alfa natural
3035,L03AB02,L03AB02,L03AB02 - Interferón beta natural,L03AB02 - Interferón beta natural
3036,L03AB03,L03AB03,L03AB03 - Interferón gamma,L03AB03 - Interferón gamma
3037,L03AB04,L03AB04,L03AB04 - Interferon alfa-2a,L03AB04 - Interferon alfa-2a
3038,L03AB05,L03AB05,L03AB05 - Interferón alfa-2b,L03AB05 - Interferón alfa-2b
3039,L03AB06,L03AB06,L03AB06 - Interferón alfa-n1,L03AB06 - Interferón alfa-n1
3040,L03AB07,L03AB07,L03AB07 - Interferón beta-1a,L03AB07 - Interferón beta-1a
3041,L03AB08,L03AB08,L03AB08 - Interferón beta-1b,L03AB08 - Interferón beta-1b
3042,L03AB09,L03AB09,L03AB09 - Interferón alfacón-1,L03AB09 - Interferón alfacón-1
3043,L03AB10,L03AB10,L03AB10 - Peginterferón alfa-2b,L03AB10 - Peginterferón alfa-2b
3044,L03AB11,L03AB11,L03AB11 - Peginterferón alfa-2a,L03AB11 - Peginterferón alfa-2a
3045,L03AC,L03AC,L03AC - Interleukinas,L03AC - Interleukinas
3046,L03AC01,L03AC01,L03AC01 - Aldesleukina,L03AC01 - Aldesleukina
3047,L03AC02,L03AC02,L03AC02 - Oprelvekina,L03AC02 - Oprelvekina
3048,L03AX,L03AX,L03AX - Otros inmunoestimulantes,L03AX - Otros inmunoestimulantes
3049,L03AX01,L03AX01,L03AX01 - Lentinán,L03AX01 - Lentinán
3050,L03AX02,L03AX02,L03AX02 - Roquinimex,L03AX02 - Roquinimex
3051,L03AX03,L03AX03,L03AX03 - Vacuna BCG,L03AX03 - Vacuna BCG
3052,L03AX04,L03AX04,L03AX04 - Pegademasa,L03AX04 - Pegademasa
3053,L03AX05,L03AX05,L03AX05 - Pidotimod,L03AX05 - Pidotimod
3054,L03AX07,L03AX07,L03AX07 - Poli I:C,L03AX07 - Poli I:C
3055,L03AX08,L03AX08,L03AX08 - Poli ICLC,L03AX08 - Poli ICLC
3056,L03AX09,L03AX09,L03AX09 - Timopentina,L03AX09 - Timopentina
3057,L03AX10,L03AX10,L03AX10 - Inmunocianina,L03AX10 - Inmunocianina
3058,L03AX11,L03AX11,L03AX11 - Tasonermina,L03AX11 - Tasonermina
3059,L03AX12,L03AX12,L03AX12 - Vacuna del melanoma,L03AX12 - Vacuna del melanoma
3060,L03AX13,L03AX13,"L03AX13 - Glatirámero, acetato de","L03AX13 - Glatirámero, acetato de"
3061,L04,L04,L04 - INMUNOSUPRESORES,L04 - INMUNOSUPRESORES
3062,L04A,L04A,L04A - INMUNOSUPRESORES,L04A - INMUNOSUPRESORES
3063,L04AA,L04AA,L04AA - Inmunosupresores selectivos,L04AA - Inmunosupresores selectivos
3064,L04AA01,L04AA01,L04AA01 - Ciclosporina,L04AA01 - Ciclosporina
3065,L04AA02,L04AA02,L04AA02 - Muromonab-CD3,L04AA02 - Muromonab-CD3
3066,L04AA03,L04AA03,L04AA03 - Inmunoglobulina antilinfocitaria (caballo),L04AA03 - Inmunoglobulina antilinfocitaria (caballo)
3067,L04AA04,L04AA04,L04AA04 - Inmunoglobulina antitimocítica (conejo),L04AA04 - Inmunoglobulina antitimocítica (conejo)
3068,L04AA05,L04AA05,L04AA05 - Tacrolimus,L04AA05 - Tacrolimus
3069,L04AA06,L04AA06,L04AA06 - Ácido micofenólico,L04AA06 - Ácido micofenólico
3070,L04AA08,L04AA08,L04AA08 - Daclizumab,L04AA08 - Daclizumab
3071,L04AA09,L04AA09,L04AA09 - Basiliximab,L04AA09 - Basiliximab
3072,L04AA10,L04AA10,L04AA10 - Sirolimus,L04AA10 - Sirolimus
3073,L04AA11,L04AA11,L04AA11 - Etanercept,L04AA11 - Etanercept
3074,L04AA12,L04AA12,L04AA12 - Infliximab,L04AA12 - Infliximab
3075,L04AA13,L04AA13,L04AA13 - Leflunomida,L04AA13 - Leflunomida
3076,L04AA14,L04AA14,L04AA14 - Anakinra,L04AA14 - Anakinra
3077,L04AX,L04AX,L04AX - Otros inmunosupresores,L04AX - Otros inmunosupresores
3078,L04AX01,L04AX01,L04AX01 - Azatioprina,L04AX01 - Azatioprina
3079,L04AX02,L04AX02,L04AX02 - Talidomida,L04AX02 - Talidomida
3080,M,M,M - SISTEMA MUSCULOESQUELÉTICO,M - SISTEMA MUSCULOESQUELÉTICO
3081,M01,M01,M01 - PRODUCTOS ANTIINFLAMATORIOS Y ANTIRREUMÁTICOS,M01 - PRODUCTOS ANTIINFLAMATORIOS Y ANTIRREUMÁTICOS
3082,M01A,M01A,M01A - PRODUCTOS ANTIINFLAMATORIOS Y ANTIRREUMÁTICOS NO ESTEROIDEOS,M01A - PRODUCTOS ANTIINFLAMATORIOS Y ANTIRREUMÁTICOS NO ESTEROIDEOS
3083,M01AA,M01AA,M01AA - Butilpirazolidinas,M01AA - Butilpirazolidinas
3084,M01AA01,M01AA01,M01AA01 - Fenilbutazona,M01AA01 - Fenilbutazona
3085,M01AA02,M01AA02,M01AA02 - Mofebutazona,M01AA02 - Mofebutazona
3086,M01AA03,M01AA03,M01AA03 - Oxifenbutazona,M01AA03 - Oxifenbutazona
3087,M01AA05,M01AA05,M01AA05 - Clofezona,M01AA05 - Clofezona
3088,M01AA06,M01AA06,M01AA06 - Kebuzona,M01AA06 - Kebuzona
3089,M01AB,M01AB,M01AB - Derivados del ácido acético y sustancias relacionadas,M01AB - Derivados del ácido acético y sustancias relacionadas
3090,M01AB01,M01AB01,M01AB01 - Indometacina,M01AB01 - Indometacina
3091,M01AB02,M01AB02,M01AB02 - Sulindaco,M01AB02 - Sulindaco
3092,M01AB03,M01AB03,M01AB03 - Tolmetina,M01AB03 - Tolmetina
3093,M01AB04,M01AB04,M01AB04 - Zomepiraco,M01AB04 - Zomepiraco
3094,M01AB05,M01AB05,M01AB05 - Diclofenaco,M01AB05 - Diclofenaco
3095,M01AB06,M01AB06,M01AB06 - Alclofenaco,M01AB06 - Alclofenaco
3096,M01AB07,M01AB07,M01AB07 - Bumadizona,M01AB07 - Bumadizona
3097,M01AB08,M01AB08,M01AB08 - Etodolaco,M01AB08 - Etodolaco
3098,M01AB09,M01AB09,M01AB09 - Lonazolaco,M01AB09 - Lonazolaco
3099,M01AB10,M01AB10,M01AB10 - Fentiazaco,M01AB10 - Fentiazaco
3100,M01AB11,M01AB11,M01AB11 - Acemetacina,M01AB11 - Acemetacina
3101,M01AB12,M01AB12,M01AB12 - Difenpiramina,M01AB12 - Difenpiramina
3102,M01AB13,M01AB13,M01AB13 - Oxametacina,M01AB13 - Oxametacina
3103,M01AB14,M01AB14,M01AB14 - Proglumetacina,M01AB14 - Proglumetacina
3104,M01AB15,M01AB15,M01AB15 - Ketorolaco,M01AB15 - Ketorolaco
3105,M01AB16,M01AB16,M01AB16 - Aceclofenaco,M01AB16 - Aceclofenaco
3106,M01AB17,M01AB17,M01AB17 - Bufexamaco,M01AB17 - Bufexamaco
3107,M01AB51,M01AB51,"M01AB51 - Indometacina, combinaciones con","M01AB51 - Indometacina, combinaciones con"
3108,M01AB55,M01AB55,"M01AB55 - Diclofenaco, combinaciones con","M01AB55 - Diclofenaco, combinaciones con"
3109,M01AC,M01AC,M01AC - Oxicams,M01AC - Oxicams
3110,M01AC01,M01AC01,M01AC01 - Piroxicam,M01AC01 - Piroxicam
3111,M01AC02,M01AC02,M01AC02 - Tenoxicam,M01AC02 - Tenoxicam
3112,M01AC04,M01AC04,M01AC04 - Droxicam,M01AC04 - Droxicam
3113,M01AC05,M01AC05,M01AC05 - Lornoxicam,M01AC05 - Lornoxicam
3114,M01AC06,M01AC06,M01AC06 - Meloxicam,M01AC06 - Meloxicam
3115,M01AE,M01AE,M01AE - Derivados del ácido propiónico,M01AE - Derivados del ácido propiónico
3116,M01AE01,M01AE01,M01AE01 - Ibuprofeno,M01AE01 - Ibuprofeno
3117,M01AE02,M01AE02,M01AE02 - Naproxeno,M01AE02 - Naproxeno
3118,M01AE03,M01AE03,M01AE03 - Ketoprofeno,M01AE03 - Ketoprofeno
3119,M01AE04,M01AE04,M01AE04 - Fenoprofeno,M01AE04 - Fenoprofeno
3120,M01AE05,M01AE05,M01AE05 - Fenbufén,M01AE05 - Fenbufén
3121,M01AE06,M01AE06,M01AE06 - Benoxaprofeno,M01AE06 - Benoxaprofeno
3122,M01AE07,M01AE07,M01AE07 - Suprofeno,M01AE07 - Suprofeno
3123,M01AE08,M01AE08,M01AE08 - Pirprofeno,M01AE08 - Pirprofeno
3124,M01AE09,M01AE09,M01AE09 - Flurbiprofeno,M01AE09 - Flurbiprofeno
3125,M01AE10,M01AE10,M01AE10 - Indoprofeno,M01AE10 - Indoprofeno
3126,M01AE11,M01AE11,M01AE11 - Ácido tiaprofénico,M01AE11 - Ácido tiaprofénico
3127,M01AE12,M01AE12,M01AE12 - Oxaprozina,M01AE12 - Oxaprozina
3128,M01AE13,M01AE13,M01AE13 - Ibuproxam,M01AE13 - Ibuproxam
3129,M01AE14,M01AE14,M01AE14 - Dexibuprofeno,M01AE14 - Dexibuprofeno
3130,M01AE15,M01AE15,M01AE15 - Flunoxaprofeno,M01AE15 - Flunoxaprofeno
3131,M01AE16,M01AE16,M01AE16 - Alminoprofeno,M01AE16 - Alminoprofeno
3132,M01AE17,M01AE17,M01AE17 - Dexketoprofeno,M01AE17 - Dexketoprofeno
3133,M01AE51,M01AE51,"M01AE51 - Ibuprofeno, combinaciones con","M01AE51 - Ibuprofeno, combinaciones con"
3134,M01AE53,M01AE53,"M01AE53 - Ketoprofeno, combinaciones con","M01AE53 - Ketoprofeno, combinaciones con"
3135,M01AG,M01AG,M01AG - Fenamatos,M01AG - Fenamatos
3136,M01AG01,M01AG01,M01AG01 - Ácido mefenámico,M01AG01 - Ácido mefenámico
3137,M01AG02,M01AG02,M01AG02 - Ácido tolfenámico,M01AG02 - Ácido tolfenámico
3138,M01AG03,M01AG03,M01AG03 - Ácido flufenámico,M01AG03 - Ácido flufenámico
3139,M01AG04,M01AG04,M01AG04 - Ácido meclofenámico,M01AG04 - Ácido meclofenámico
3140,M01AH,M01AH,M01AH - Coxibs,M01AH - Coxibs
3141,M01AH01,M01AH01,M01AH01 - Celecoxib,M01AH01 - Celecoxib
3142,M01AH02,M01AH02,M01AH02 - Rofecoxib,M01AH02 - Rofecoxib
3143,M01AX,M01AX,M01AX - Otros agentes antiinflamatorios y antirreumáticos no esteroideos,M01AX - Otros agentes antiinflamatorios y antirreumáticos no esteroideos
3144,M01AX01,M01AX01,M01AX01 - Nabumetona,M01AX01 - Nabumetona
3145,M01AX02,M01AX02,M01AX02 - Ácido niflúmico,M01AX02 - Ácido niflúmico
3146,M01AX04,M01AX04,M01AX04 - Azapropazona,M01AX04 - Azapropazona
3147,M01AX05,M01AX05,M01AX05 - Glucosamina,M01AX05 - Glucosamina
3148,M01AX07,M01AX07,M01AX07 - Bencidamina,M01AX07 - Bencidamina
3149,M01AX12,M01AX12,M01AX12 - Glucosaminoglicano polisulfato,M01AX12 - Glucosaminoglicano polisulfato
3150,M01AX13,M01AX13,M01AX13 - Procuazona,M01AX13 - Procuazona
3151,M01AX14,M01AX14,M01AX14 - Orgoteína,M01AX14 - Orgoteína
3152,M01AX17,M01AX17,M01AX17 - Nimesulida,M01AX17 - Nimesulida
3153,M01AX18,M01AX18,M01AX18 - Feprazona,M01AX18 - Feprazona
3154,M01AX21,M01AX21,M01AX21 - Diacereína,M01AX21 - Diacereína
3155,M01AX22,M01AX22,M01AX22 - Morniflumato,M01AX22 - Morniflumato
3156,M01AX23,M01AX23,M01AX23 - Tenidap,M01AX23 - Tenidap
3157,M01AX24,M01AX24,M01AX24 - Oxaceprol,M01AX24 - Oxaceprol
3158,M01AX68,M01AX68,"M01AX68 - Feprazona, combinaciones con","M01AX68 - Feprazona, combinaciones con"
3159,M01B,M01B,M01B - AGENTES ANTIINFLAMATORIOS/ ANTIRREUMÁTICOS EN COMBINACIÓN,M01B - AGENTES ANTIINFLAMATORIOS/ ANTIRREUMÁTICOS EN COMBINACIÓN
3160,M01BA,M01BA,M01BA - Agentes antiinflamatorios/antirreumáticos en combinación con corticosteroides,M01BA - Agentes antiinflamatorios/antirreumáticos en combinación con corticosteroides
3161,M01BA01,M01BA01,M01BA01 - Fenilbutazona con corticosteroides,M01BA01 - Fenilbutazona con corticosteroides
3162,M01BA02,M01BA02,M01BA02 - Dipirocetilo con corticosteroides,M01BA02 - Dipirocetilo con corticosteroides
3163,M01BA03,M01BA03,M01BA03 - Ácido acetilsalicílico con corticosteroides,M01BA03 - Ácido acetilsalicílico con corticosteroides
3164,M01BX,M01BX,M01BX - Otros agentes antiinflamatorios/antirreumáticos en combinación con otros fármacos,M01BX - Otros agentes antiinflamatorios/antirreumáticos en combinación con otros fármacos
3165,M01C,M01C,M01C - AGENTES ANTIRREUMÁTICOS ESPECÍFICOS,M01C - AGENTES ANTIRREUMÁTICOS ESPECÍFICOS
3166,M01CA,M01CA,M01CA - Quinolinas,M01CA - Quinolinas
3167,M01CA03,M01CA03,M01CA03 - Oxicincofeno,M01CA03 - Oxicincofeno
3168,M01CB,M01CB,M01CB - Preparados de oro,M01CB - Preparados de oro
3169,M01CB01,M01CB01,M01CB01 - Aurotiomalato de sodio,M01CB01 - Aurotiomalato de sodio
3170,M01CB02,M01CB02,M01CB02 - Aurotiosulfato de sodio,M01CB02 - Aurotiosulfato de sodio
3171,M01CB03,M01CB03,M01CB03 - Auranofina,M01CB03 - Auranofina
3172,M01CB04,M01CB04,M01CB04 - Aurotioglucosa,M01CB04 - Aurotioglucosa
3173,M01CB05,M01CB05,M01CB05 - Aurotioprol,M01CB05 - Aurotioprol
3174,M01CC,M01CC,M01CC - Penicilamina y agentes similares,M01CC - Penicilamina y agentes similares
3175,M01CC01,M01CC01,M01CC01 - Penicilamina,M01CC01 - Penicilamina
3176,M01CC02,M01CC02,M01CC02 - Bucilamina,M01CC02 - Bucilamina
3177,M01CX,M01CX,M01CX - Otros agentes antirreumáticos específicos,M01CX - Otros agentes antirreumáticos específicos
3178,M02,M02,M02 - PRODUCTOS TÓPICOS PARA EL DOLOR ARTICULAR Y MUSCULAR,M02 - PRODUCTOS TÓPICOS PARA EL DOLOR ARTICULAR Y MUSCULAR
3179,M02A,M02A,M02A - PRODUCTOS TÓPICOS PARA EL DOLOR ARTICULAR Y MUSCULAR,M02A - PRODUCTOS TÓPICOS PARA EL DOLOR ARTICULAR Y MUSCULAR
3180,M02AA,M02AA,M02AA - Preparados con antiinflamatorios no esteroideos para uso tópico,M02AA - Preparados con antiinflamatorios no esteroideos para uso tópico
3181,M02AA01,M02AA01,M02AA01 - Fenilbutazona,M02AA01 - Fenilbutazona
3182,M02AA02,M02AA02,M02AA02 - Mofebutazona,M02AA02 - Mofebutazona
3183,M02AA03,M02AA03,M02AA03 - Clofezona,M02AA03 - Clofezona
3184,M02AA04,M02AA04,M02AA04 - Oxifenbutazona,M02AA04 - Oxifenbutazona
3185,M02AA05,M02AA05,M02AA05 - Bencidamina,M02AA05 - Bencidamina
3186,M02AA06,M02AA06,M02AA06 - Etofenamato,M02AA06 - Etofenamato
3187,M02AA07,M02AA07,M02AA07 - Piroxicam,M02AA07 - Piroxicam
3188,M02AA08,M02AA08,M02AA08 - Felbinaco,M02AA08 - Felbinaco
3189,M02AA09,M02AA09,M02AA09 - Bufexamaco,M02AA09 - Bufexamaco
3190,M02AA10,M02AA10,M02AA10 - Ketoprofeno,M02AA10 - Ketoprofeno
3191,M02AA11,M02AA11,M02AA11 - Bendazaco,M02AA11 - Bendazaco
3192,M02AA12,M02AA12,M02AA12 - Naproxeno,M02AA12 - Naproxeno
3193,M02AA13,M02AA13,M02AA13 - Ibuprofeno,M02AA13 - Ibuprofeno
3194,M02AA14,M02AA14,M02AA14 - Fentiazaco,M02AA14 - Fentiazaco
3195,M02AA15,M02AA15,M02AA15 - Diclofenaco,M02AA15 - Diclofenaco
3196,M02AA16,M02AA16,M02AA16 - Feprazona,M02AA16 - Feprazona
3197,M02AA17,M02AA17,M02AA17 - Ácido niflúmico,M02AA17 - Ácido niflúmico
3198,M02AA18,M02AA18,M02AA18 - Ácido meclofenámico,M02AA18 - Ácido meclofenámico
3199,M02AA19,M02AA19,M02AA19 - Flurbiprofeno,M02AA19 - Flurbiprofeno
3200,M02AA21,M02AA21,M02AA21 - Tolmetina,M02AA21 - Tolmetina
3201,M02AA22,M02AA22,M02AA22 - Suxibuzona,M02AA22 - Suxibuzona
3202,M02AA23,M02AA23,M02AA23 - Indometacina,M02AA23 - Indometacina
3203,M02AA24,M02AA24,M02AA24 - Nifenazona,M02AA24 - Nifenazona
3204,M02AB,M02AB,M02AB - Preparados con capsaicina y agentes similares,M02AB - Preparados con capsaicina y agentes similares
3205,M02AC,M02AC,M02AC - Preparados con ácido salicílico y derivados,M02AC - Preparados con ácido salicílico y derivados
3206,M02AX,M02AX,M02AX - Otros productos tópicos para el dolor articular y muscular,M02AX - Otros productos tópicos para el dolor articular y muscular
3207,M02AX02,M02AX02,M02AX02 - Tolazolina,M02AX02 - Tolazolina
3208,M02AX03,M02AX03,M02AX03 - Dimetil sulfóxido,M02AX03 - Dimetil sulfóxido
3209,M02AX10,M02AX10,M02AX10 - Varios,M02AX10 - Varios
3210,M03,M03,M03 - RELAJANTES MUSCULARES,M03 - RELAJANTES MUSCULARES
3211,M03A,M03A,M03A - AGENTES RELAJANTES MUSCULARES DE ACCIÓN PERIFÉRICA,M03A - AGENTES RELAJANTES MUSCULARES DE ACCIÓN PERIFÉRICA
3212,M03AA,M03AA,M03AA - Alcaloides curares,M03AA - Alcaloides curares
3213,M03AA01,M03AA01,"M03AA01 - Alcuronio, cloruro de","M03AA01 - Alcuronio, cloruro de"
3214,M03AA02,M03AA02,M03AA02 - Tubocurarina,M03AA02 - Tubocurarina
3215,M03AA04,M03AA04,M03AA04 - Dimetiltubocurarina,M03AA04 - Dimetiltubocurarina
3216,M03AB,M03AB,M03AB - Derivados de la colina,M03AB - Derivados de la colina
3217,M03AB01,M03AB01,"M03AB01 - Suxametonio, cloruro de","M03AB01 - Suxametonio, cloruro de"
3218,M03AC,M03AC,M03AC - Otros compuestos de amonio cuaternario,M03AC - Otros compuestos de amonio cuaternario
3219,M03AC01,M03AC01,"M03AC01 - Pancuronio, bromuro de","M03AC01 - Pancuronio, bromuro de"
3220,M03AC02,M03AC02,M03AC02 - Galamina,M03AC02 - Galamina
3221,M03AC03,M03AC03,"M03AC03 - Vecuronio, bromuro de","M03AC03 - Vecuronio, bromuro de"
3222,M03AC04,M03AC04,"M03AC04 - Atracurio, besilato de","M03AC04 - Atracurio, besilato de"
3223,M03AC05,M03AC05,"M03AC05 - Hexafluronio, bromuro de","M03AC05 - Hexafluronio, bromuro de"
3224,M03AC06,M03AC06,"M03AC06 - Pipecuronio, bromuro de","M03AC06 - Pipecuronio, bromuro de"
3225,M03AC07,M03AC07,"M03AC07 - Doxacurio, cloruro de","M03AC07 - Doxacurio, cloruro de"
3226,M03AC08,M03AC08,"M03AC08 - Fazadinio, bromuro de","M03AC08 - Fazadinio, bromuro de"
3227,M03AC09,M03AC09,"M03AC09 - Rocuronio, bromuro de","M03AC09 - Rocuronio, bromuro de"
3228,M03AC10,M03AC10,"M03AC10 - Mivacurio, cloruro de","M03AC10 - Mivacurio, cloruro de"
3229,M03AC11,M03AC11,"M03AC11 - Cisatracurio, besilato de","M03AC11 - Cisatracurio, besilato de"
3230,M03AX,M03AX,M03AX - Otros agentes relajantes musculares de acción periférica,M03AX - Otros agentes relajantes musculares de acción periférica
3231,M03AX01,M03AX01,"M03AX01 - Botulínica, toxina","M03AX01 - Botulínica, toxina"
3232,M03B,M03B,M03B - AGENTES RELAJANTES MUSCULARES DE ACCIÓN CENTRAL,M03B - AGENTES RELAJANTES MUSCULARES DE ACCIÓN CENTRAL
3233,M03BA,M03BA,M03BA - Ésteres del ácido carbámico,M03BA - Ésteres del ácido carbámico
3234,M03BA01,M03BA01,M03BA01 - Fenprobamato,M03BA01 - Fenprobamato
3235,M03BA02,M03BA02,M03BA02 - Carisoprodol,M03BA02 - Carisoprodol
3236,M03BA03,M03BA03,M03BA03 - Metocarbamol,M03BA03 - Metocarbamol
3237,M03BA04,M03BA04,M03BA04 - Estiramato,M03BA04 - Estiramato
3238,M03BA05,M03BA05,M03BA05 - Febarbamato,M03BA05 - Febarbamato
3239,M03BA51,M03BA51,"M03BA51 - Fenprobamato, combinaciones excluyendo psicolépticos","M03BA51 - Fenprobamato, combinaciones excluyendo psicolépticos"
3240,M03BA52,M03BA52,"M03BA52 - Carisoprodol, combinaciones excluyendo psicolépticos","M03BA52 - Carisoprodol, combinaciones excluyendo psicolépticos"
3241,M03BA53,M03BA53,"M03BA53 - Metocarbamol, combinaciones excluyendo psicolépticos","M03BA53 - Metocarbamol, combinaciones excluyendo psicolépticos"
3242,M03BA71,M03BA71,"M03BA71 - Fenprobamato, combinaciones con psicolépticos","M03BA71 - Fenprobamato, combinaciones con psicolépticos"
3243,M03BA72,M03BA72,"M03BA72 - Carisoprodol, combinaciones con psicolépticos","M03BA72 - Carisoprodol, combinaciones con psicolépticos"
3244,M03BA73,M03BA73,"M03BA73 - Metocarbamol, combinaciones con psicolépticos","M03BA73 - Metocarbamol, combinaciones con psicolépticos"
3245,M03BB,M03BB,"M03BB - Derivados oxazólicos, tiazínicos y triazínicos","M03BB - Derivados oxazólicos, tiazínicos y triazínicos"
3246,M03BB02,M03BB02,M03BB02 - Clormezanona,M03BB02 - Clormezanona
3247,M03BB03,M03BB03,M03BB03 - Clorzoxazona,M03BB03 - Clorzoxazona
3248,M03BB52,M03BB52,"M03BB52 - Clormezanona, combinaciones excluyendo psicolépticos","M03BB52 - Clormezanona, combinaciones excluyendo psicolépticos"
3249,M03BB53,M03BB53,"M03BB53 - Clorzoxazona, combinaciones excluyendo psicolépticos","M03BB53 - Clorzoxazona, combinaciones excluyendo psicolépticos"
3250,M03BB72,M03BB72,"M03BB72 - Clormezanona, combinaciones con psicolépticos","M03BB72 - Clormezanona, combinaciones con psicolépticos"
3251,M03BB73,M03BB73,"M03BB73 - Clorzoxazona, combinaciones con psicolépticos","M03BB73 - Clorzoxazona, combinaciones con psicolépticos"
3252,M03BC,M03BC,M03BC - Ésteres químicamente relacionados con antihistamínicos,M03BC - Ésteres químicamente relacionados con antihistamínicos
3253,M03BC01,M03BC01,M03BC01 - Orfenadrina (citrato),M03BC01 - Orfenadrina (citrato)
3254,M03BC51,M03BC51,"M03BC51 - Orfenadrina, combinaciones con","M03BC51 - Orfenadrina, combinaciones con"
3255,M03BX,M03BX,M03BX - Otros agentes de acción central,M03BX - Otros agentes de acción central
3256,M03BX01,M03BX01,M03BX01 - Baclofeno,M03BX01 - Baclofeno
3257,M03BX02,M03BX02,M03BX02 - Tizanidina,M03BX02 - Tizanidina
3258,M03BX03,M03BX03,M03BX03 - Pridinol,M03BX03 - Pridinol
3259,M03BX04,M03BX04,M03BX04 - Tolperisona,M03BX04 - Tolperisona
3260,M03BX05,M03BX05,M03BX05 - Tiocolchicósido,M03BX05 - Tiocolchicósido
3261,M03BX06,M03BX06,M03BX06 - Mefenesina,M03BX06 - Mefenesina
3262,M03BX07,M03BX07,M03BX07 - Tetrazepam,M03BX07 - Tetrazepam
3263,M03BX08,M03BX08,M03BX08 - Ciclobenzaprina,M03BX08 - Ciclobenzaprina
3264,M03BX30,M03BX30,M03BX30 - Feniraminol,M03BX30 - Feniraminol
3265,M03C,M03C,M03C - AGENTES RELAJANTES MUSCULARES DE ACCIÓN DIRECTA,M03C - AGENTES RELAJANTES MUSCULARES DE ACCIÓN DIRECTA
3266,M03CA,M03CA,M03CA - Dantroleno y derivados,M03CA - Dantroleno y derivados
3267,M03CA01,M03CA01,M03CA01 - Dantroleno,M03CA01 - Dantroleno
3268,M04,M04,M04 - PREPARADOS ANTIGOTOSOS,M04 - PREPARADOS ANTIGOTOSOS
3269,M04A,M04A,M04A - PREPARADOS ANTIGOTOSOS,M04A - PREPARADOS ANTIGOTOSOS
3270,M04AA,M04AA,M04AA - Preparados que inhiben la producción de ácido úrico,M04AA - Preparados que inhiben la producción de ácido úrico
3271,M04AA01,M04AA01,M04AA01 - Alopurinol,M04AA01 - Alopurinol
3272,M04AA02,M04AA02,M04AA02 - Tisopurina,M04AA02 - Tisopurina
3273,M04AA51,M04AA51,"M04AA51 - Alopurinol, combinaciones con","M04AA51 - Alopurinol, combinaciones con"
3274,M04AB,M04AB,M04AB - Preparados que aumentan la excreción de ácido úrico,M04AB - Preparados que aumentan la excreción de ácido úrico
3275,M04AB01,M04AB01,M04AB01 - Probenecid,M04AB01 - Probenecid
3276,M04AB02,M04AB02,M04AB02 - Sulfinpirazona,M04AB02 - Sulfinpirazona
3277,M04AB03,M04AB03,M04AB03 - Benzbromarona,M04AB03 - Benzbromarona
3278,M04AB04,M04AB04,M04AB04 - Isobromindiona,M04AB04 - Isobromindiona
3279,M04AC,M04AC,M04AC - Preparados sin efecto sobre el metabolismo del ácido úrico,M04AC - Preparados sin efecto sobre el metabolismo del ácido úrico
3280,M04AC01,M04AC01,M04AC01 - Colchicina,M04AC01 - Colchicina
3281,M04AC02,M04AC02,M04AC02 - Cincofeno,M04AC02 - Cincofeno
3282,M04AX,M04AX,M04AX - Otros preparados antigotosos,M04AX - Otros preparados antigotosos
3283,M04AX01,M04AX01,M04AX01 - Urato oxidasa,M04AX01 - Urato oxidasa
3284,M05,M05,M05 - FÁRMACOS PARA EL TRATAMIENTO DE ENFERMEDADES ÓSEAS,M05 - FÁRMACOS PARA EL TRATAMIENTO DE ENFERMEDADES ÓSEAS
3285,M05B,M05B,M05B - AGENTES QUE AFECTAN LA ESTRUCTURA ÓSEA Y LA MINERALIZACIÓN,M05B - AGENTES QUE AFECTAN LA ESTRUCTURA ÓSEA Y LA MINERALIZACIÓN
3286,M05BA,M05BA,M05BA - Bifosfonatos,M05BA - Bifosfonatos
3287,M05BA01,M05BA01,M05BA01 - Ácido etidrónico,M05BA01 - Ácido etidrónico
3288,M05BA02,M05BA02,M05BA02 - Ácido clodrónico,M05BA02 - Ácido clodrónico
3289,M05BA03,M05BA03,M05BA03 - Ácido pamidrónico,M05BA03 - Ácido pamidrónico
3290,M05BA04,M05BA04,M05BA04 - Ácido alendrónico,M05BA04 - Ácido alendrónico
3291,M05BA05,M05BA05,M05BA05 - Ácido tiludrónico,M05BA05 - Ácido tiludrónico
3292,M05BA06,M05BA06,M05BA06 - Ácido ibandrónico,M05BA06 - Ácido ibandrónico
3293,M05BA07,M05BA07,M05BA07 - Ácido risedrónico,M05BA07 - Ácido risedrónico
3294,M05BA08,M05BA08,M05BA08 - Ácido zoledrónico,M05BA08 - Ácido zoledrónico
3295,M05BB,M05BB,"M05BB - Bifosfonatos, combinaciones","M05BB - Bifosfonatos, combinaciones"
3296,M05BB01,M05BB01,"M05BB01 - Ácido etidrónico y calcio, preparados secuenciales","M05BB01 - Ácido etidrónico y calcio, preparados secuenciales"
3297,M05BC,M05BC,M05BC - Proteínas morfogenéticas óseas,M05BC - Proteínas morfogenéticas óseas
3298,M05BC01,M05BC01,M05BC01 - BMP-2,M05BC01 - BMP-2
3299,M05BC02,M05BC02,M05BC02 - BMP-7,M05BC02 - BMP-7
3300,M05BX,M05BX,M05BX - Otros agentes que afectan la estructura ósea y la mineralización,M05BX - Otros agentes que afectan la estructura ósea y la mineralización
3301,M05BX01,M05BX01,M05BX01 - Ipriflavona,M05BX01 - Ipriflavona
3302,M05BX02,M05BX02,M05BX02 - Hidrocloruro de aluminio,M05BX02 - Hidrocloruro de aluminio
3303,M09,M09,M09 - OTROS FÁRMACOS PARA DESÓRDENES DEL SISTEMA MUSCULOESQUELÉTICOS,M09 - OTROS FÁRMACOS PARA DESÓRDENES DEL SISTEMA MUSCULOESQUELÉTICOS
3304,M09A,M09A,M09A - OTROS FÁRMACOS PARA DESÓRDENES DEL SISTEMA MUSCULOESQUELÉTICOS,M09A - OTROS FÁRMACOS PARA DESÓRDENES DEL SISTEMA MUSCULOESQUELÉTICOS
3305,M09AA,M09AA,M09AA - Quinina y derivados,M09AA - Quinina y derivados
3306,M09AA01,M09AA01,M09AA01 - Hidroquinina,M09AA01 - Hidroquinina
3307,M09AA72,M09AA72,"M09AA72 - Quinina, combinaciones con psicolépticos","M09AA72 - Quinina, combinaciones con psicolépticos"
3308,M09AB,M09AB,M09AB - Enzimas,M09AB - Enzimas
3309,M09AB01,M09AB01,M09AB01 - Quimopapaína,M09AB01 - Quimopapaína
3310,M09AB52,M09AB52,"M09AB52 - Tripsina, combinaciones con","M09AB52 - Tripsina, combinaciones con"
3311,M09AX,M09AX,M09AX - Otros fármacos para desórdenes del sistema musculoesquelético,M09AX - Otros fármacos para desórdenes del sistema musculoesquelético
3312,M09AX01,M09AX01,M09AX01 - Ácido hialurónico,M09AX01 - Ácido hialurónico
3313,A03AE04,A03AE04,A03AE04 - Prucaloprida,A03AE04 - Prucaloprida
3314,N,N,N - SISTEMA NERVIOSO,N - SISTEMA NERVIOSO
3315,N01,N01,N01 - ANESTÉSICOS,N01 - ANESTÉSICOS
3316,N01A,N01A,N01A - ANESTÉSICOS GENERALES,N01A - ANESTÉSICOS GENERALES
3317,N01AA,N01AA,N01AA - Eteres,N01AA - Eteres
3318,N01AA01,N01AA01,N01AA01 - Eter dietílico,N01AA01 - Eter dietílico
3319,N01AA02,N01AA02,N01AA02 - Eter divinílico,N01AA02 - Eter divinílico
3320,N01AB,N01AB,N01AB - Hidrocarburos halogenados,N01AB - Hidrocarburos halogenados
3321,N01AB01,N01AB01,N01AB01 - Halotano,N01AB01 - Halotano
3322,N01AB02,N01AB02,N01AB02 - Cloroformo,N01AB02 - Cloroformo
3323,N01AB03,N01AB03,N01AB03 - Metoxiflurano,N01AB03 - Metoxiflurano
3324,N01AB04,N01AB04,N01AB04 - Enflurano,N01AB04 - Enflurano
3325,N01AB05,N01AB05,N01AB05 - Tricloroetileno,N01AB05 - Tricloroetileno
3326,N01AB06,N01AB06,N01AB06 - Isoflurano,N01AB06 - Isoflurano
3327,N01AB07,N01AB07,N01AB07 - Desflurano,N01AB07 - Desflurano
3328,N01AB08,N01AB08,N01AB08 - Sevoflurano,N01AB08 - Sevoflurano
3329,N01AF,N01AF,"N01AF - Barbitúricos, monofármacos","N01AF - Barbitúricos, monofármacos"
3330,N01AF01,N01AF01,N01AF01 - Metohexital,N01AF01 - Metohexital
3331,N01AF02,N01AF02,N01AF02 - Hexobarbital,N01AF02 - Hexobarbital
3332,N01AF03,N01AF03,N01AF03 - Tiopental sódico,N01AF03 - Tiopental sódico
3333,N01AG,N01AG,N01AG - Barbitúricos en combinación con otros fármacos,N01AG - Barbitúricos en combinación con otros fármacos
3334,N01AG01,N01AG01,N01AG01 - Narcobarbital,N01AG01 - Narcobarbital
3335,N01AH,N01AH,N01AH - Anéstesicos opiodes,N01AH - Anéstesicos opiodes
3336,N01AH01,N01AH01,N01AH01 - Fentanilo,N01AH01 - Fentanilo
3337,N01AH02,N01AH02,N01AH02 - Alfentanilo,N01AH02 - Alfentanilo
3338,N01AH03,N01AH03,N01AH03 - Sufentanilo,N01AH03 - Sufentanilo
3339,N01AH04,N01AH04,N01AH04 - Fenoperidina,N01AH04 - Fenoperidina
3340,N01AH05,N01AH05,N01AH05 - Anileridina,N01AH05 - Anileridina
3341,N01AH06,N01AH06,N01AH06 - Remifentanilo,N01AH06 - Remifentanilo
3342,N01AH51,N01AH51,"N01AH51 - Fentanilo, combinaciones con","N01AH51 - Fentanilo, combinaciones con"
3343,N01AX,N01AX,N01AX - Otros anestésicos generales,N01AX - Otros anestésicos generales
3344,N01AX01,N01AX01,N01AX01 - Droperidol,N01AX01 - Droperidol
3345,N01AX03,N01AX03,N01AX03 - Ketamina,N01AX03 - Ketamina
3346,N01AX04,N01AX04,N01AX04 - Propanidid,N01AX04 - Propanidid
3347,N01AX05,N01AX05,N01AX05 - Alfaxalona,N01AX05 - Alfaxalona
3348,N01AX07,N01AX07,N01AX07 - Etomidato,N01AX07 - Etomidato
3349,N01AX10,N01AX10,N01AX10 - Propofol,N01AX10 - Propofol
3350,N01AX11,N01AX11,N01AX11 - Oxibato de sodio,N01AX11 - Oxibato de sodio
3351,N01AX13,N01AX13,N01AX13 - Oxido nitroso,N01AX13 - Oxido nitroso
3352,N06AX27,N06AX27,N06AX27 - Esketamina,N06AX27 - Esketamina
3353,N01B,N01B,N01B - ANESTÉSICOS LOCALES,N01B - ANESTÉSICOS LOCALES
3354,N01BA,N01BA,N01BA - Ésteres del ácido aminobenzoico,N01BA - Ésteres del ácido aminobenzoico
3355,N01BA01,N01BA01,N01BA01 - Metabutetamina,N01BA01 - Metabutetamina
3356,N01BA02,N01BA02,N01BA02 - Procaína,N01BA02 - Procaína
3357,N01BA03,N01BA03,N01BA03 - Tetracaína,N01BA03 - Tetracaína
3358,N01BA04,N01BA04,N01BA04 - Clorprocaína,N01BA04 - Clorprocaína
3359,N01BA05,N01BA05,N01BA05 - Benzocaína,N01BA05 - Benzocaína
3360,N01BA52,N01BA52,"N01BA52 - Procaína, combinaciones con","N01BA52 - Procaína, combinaciones con"
3361,N01BB,N01BB,N01BB - Amidas,N01BB - Amidas
3362,N01BB01,N01BB01,N01BB01 - Bupivacaína,N01BB01 - Bupivacaína
3363,N01BB02,N01BB02,N01BB02 - Lidocaína,N01BB02 - Lidocaína
3364,N01BB03,N01BB03,N01BB03 - Mepivacaína,N01BB03 - Mepivacaína
3365,N01BB04,N01BB04,N01BB04 - Prilocaína,N01BB04 - Prilocaína
3366,N01BB05,N01BB05,N01BB05 - Butanilicaína,N01BB05 - Butanilicaína
3367,N01BB06,N01BB06,N01BB06 - Cincocaína,N01BB06 - Cincocaína
3368,N01BB07,N01BB07,N01BB07 - Etidocaína,N01BB07 - Etidocaína
3369,N01BB08,N01BB08,N01BB08 - Articaína,N01BB08 - Articaína
3370,N01BB09,N01BB09,N01BB09 - Ropivacaína,N01BB09 - Ropivacaína
3371,N01BB10,N01BB10,N01BB10 - Levobupivacaína,N01BB10 - Levobupivacaína
3372,N01BB20,N01BB20,N01BB20 - Combinaciones,N01BB20 - Combinaciones
3373,N01BB51,N01BB51,"N01BB51 - Bupivacaína, combinaciones con","N01BB51 - Bupivacaína, combinaciones con"
3374,N01BB52,N01BB52,"N01BB52 - Lidocaína, combinaciones con","N01BB52 - Lidocaína, combinaciones con"
3375,N01BB53,N01BB53,"N01BB53 - Mepivacaína, combinaciones con","N01BB53 - Mepivacaína, combinaciones con"
3376,N01BB54,N01BB54,"N01BB54 - Prilocaína, combinaciones con","N01BB54 - Prilocaína, combinaciones con"
3377,N01BB57,N01BB57,"N01BB57 - Etidocaína, combinaciones con","N01BB57 - Etidocaína, combinaciones con"
3378,N01BB58,N01BB58,"N01BB58 - Articaína, combinaciones con","N01BB58 - Articaína, combinaciones con"
3379,N01BC,N01BC,N01BC - Ésteres del ácido benzoico,N01BC - Ésteres del ácido benzoico
3380,N01BC01,N01BC01,N01BC01 - Cocaína,N01BC01 - Cocaína
3381,N01BX,N01BX,N01BX - Otros anestésicos locales,N01BX - Otros anestésicos locales
3382,N01BX01,N01BX01,N01BX01 - Cloruro de etilo,N01BX01 - Cloruro de etilo
3383,N01BX02,N01BX02,N01BX02 - Diclonina,N01BX02 - Diclonina
3384,N01BX03,N01BX03,N01BX03 - Fenol,N01BX03 - Fenol
3385,N01BX04,N01BX04,N01BX04 - Capsaicina,N01BX04 - Capsaicina
3386,N02,N02,N02 - ANALGÉSICOS,N02 - ANALGÉSICOS
3387,N02A,N02A,N02A - OPIOIDES,N02A - OPIOIDES
3388,N02AA,N02AA,N02AA - Alcaloides naturales del opio,N02AA - Alcaloides naturales del opio
3389,N02AA01,N02AA01,N02AA01 - Morfina,N02AA01 - Morfina
3390,N02AA02,N02AA02,N02AA02 - Opio,N02AA02 - Opio
3391,N02AA03,N02AA03,N02AA03 - Hidromorfona,N02AA03 - Hidromorfona
3392,N02AA04,N02AA04,N02AA04 - Nicomorfina,N02AA04 - Nicomorfina
3393,N02AA05,N02AA05,N02AA05 - Oxicodona,N02AA05 - Oxicodona
3394,N02AA08,N02AA08,N02AA08 - Dihidrocodeína,N02AA08 - Dihidrocodeína
3395,N02AA09,N02AA09,N02AA09- Diamorfina,N02AA09- Diamorfina
3396,N02AA10,N02AA10,N02AA10 - Papavereto,N02AA10 - Papavereto
3397,N02AA51,N02AA51,"N02AA51 - Morfina, combinaciones con","N02AA51 - Morfina, combinaciones con"
3398,N02AA58,N02AA58,"N02AA58 - Dihidrocodeína, combinaciones con","N02AA58 - Dihidrocodeína, combinaciones con"
3399,N02AA59,N02AA59,"N02AA59 - Codeína, combinaciones excluyendo psicolépticos","N02AA59 - Codeína, combinaciones excluyendo psicolépticos"
3400,N02AA79,N02AA79,"N02AA79 - Codeína, combinaciones con psicolépticos","N02AA79 - Codeína, combinaciones con psicolépticos"
3401,N02AB,N02AB,N02AB - Derivados de la fenilpiperidina,N02AB - Derivados de la fenilpiperidina
3402,N02AB01,N02AB01,N02AB01 - Cetobemidona,N02AB01 - Cetobemidona
3403,N02AB02,N02AB02,N02AB02 - Petidina,N02AB02 - Petidina
3404,N02AB03,N02AB03,N02AB03 - Fentanilo,N02AB03 - Fentanilo
3405,N02AB52,N02AB52,"N02AB52 - Petidina, combinaciones excluyendo psicolépticos","N02AB52 - Petidina, combinaciones excluyendo psicolépticos"
3406,N02AB72,N02AB72,"N02AB72 - Petidina, combinaciones con psicolépticos","N02AB72 - Petidina, combinaciones con psicolépticos"
3407,N02AC,N02AC,N02AC - Derivados de la difenilpropilamina,N02AC - Derivados de la difenilpropilamina
3408,N02AC01,N02AC01,N02AC01 - Dextromoramida,N02AC01 - Dextromoramida
3409,N02AC03,N02AC03,N02AC03 - Piritramida,N02AC03 - Piritramida
3410,N02AC04,N02AC04,N02AC04 - Dextropropoxifeno,N02AC04 - Dextropropoxifeno
3411,N02AC05,N02AC05,N02AC05 - Bezitramida,N02AC05 - Bezitramida
3412,N02AC52,N02AC52,"N02AC52 - Metadona, combinaciones excluyendo psicolépticos","N02AC52 - Metadona, combinaciones excluyendo psicolépticos"
3413,N02AC54,N02AC54,"N02AC54 - Dextropropoxifeno, combinaciones excluyendo psicolépticos","N02AC54 - Dextropropoxifeno, combinaciones excluyendo psicolépticos"
3414,N02AC74,N02AC74,"N02AC74 - Dextropropoxifeno, combinaciones con psicolépticos","N02AC74 - Dextropropoxifeno, combinaciones con psicolépticos"
3415,N02AD,N02AD,N02AD - Derivados del benzomorfano,N02AD - Derivados del benzomorfano
3416,N02AD01,N02AD01,N02AD01 - Pentazocina,N02AD01 - Pentazocina
3417,N02AD02,N02AD02,N02AD02 - Fenazocina,N02AD02 - Fenazocina
3418,N02AE,N02AE,N02AE - Derivados de la oripavina,N02AE - Derivados de la oripavina
3419,N02AE01,N02AE01,N02AE01 - Buprenorfina,N02AE01 - Buprenorfina
3420,N02AF,N02AF,N02AF - Derivados del morfinano,N02AF - Derivados del morfinano
3421,N02AF01,N02AF01,N02AF01 - Butorfanol,N02AF01 - Butorfanol
3422,N02AF02,N02AF02,N02AF02 - Nalbufina,N02AF02 - Nalbufina
3423,N02AG,N02AG,N02AG - Opioides en combinación con antiespasmódicos,N02AG - Opioides en combinación con antiespasmódicos
3424,N02AG01,N02AG01,N02AG01 - Morfina con antiespasmódicos,N02AG01 - Morfina con antiespasmódicos
3425,N02AG02,N02AG02,N02AG02 - Cetobemidona con antiespasmódicos,N02AG02 - Cetobemidona con antiespasmódicos
3426,N02AG03,N02AG03,N02AG03 - Petidina con antiespasmódicos,N02AG03 - Petidina con antiespasmódicos
3427,N02AG04,N02AG04,N02AG04 - Hidromorfona con antiespasmódicos,N02AG04 - Hidromorfona con antiespasmódicos
3428,N02AX,N02AX,N02AX - Otros opioides,N02AX - Otros opioides
3429,N02AX01,N02AX01,N02AX01 - Tilidina,N02AX01 - Tilidina
3430,N02AX02,N02AX02,N02AX02 - Tramadol,N02AX02 - Tramadol
3431,N02AX03,N02AX03,N02AX03 - Dezocina,N02AX03 - Dezocina
3432,N02AX52,N02AX52,"N02AX52 - Tramadol, combinaciones con","N02AX52 - Tramadol, combinaciones con"
3433,N02B,N02B,N02B - OTROS ANALGÉSICOS Y ANTIPIRÉTICOS,N02B - OTROS ANALGÉSICOS Y ANTIPIRÉTICOS
3434,N02BA,N02BA,N02BA - Ácido salicílico y derivados,N02BA - Ácido salicílico y derivados
3435,N02BA01,N02BA01,N02BA01 - Ácido acetilsalicílico,N02BA01 - Ácido acetilsalicílico
3436,N02BA02,N02BA02,N02BA02 - Aloxiprina,N02BA02 - Aloxiprina
3437,N02BA03,N02BA03,N02BA03 - Salicilato de colina,N02BA03 - Salicilato de colina
3438,N02BA04,N02BA04,N02BA04 - Salicilato de sodio,N02BA04 - Salicilato de sodio
3439,N02BA05,N02BA05,N02BA05 - Salicilamida,N02BA05 - Salicilamida
3440,N02BA06,N02BA06,N02BA06 - Salsalato,N02BA06 - Salsalato
3441,N02BA07,N02BA07,N02BA07 - Etenzamida,N02BA07 - Etenzamida
3442,N02BA08,N02BA08,N02BA08 - Salicilato de morfolina,N02BA08 - Salicilato de morfolina
3443,N02BA09,N02BA09,N02BA09 - Dipirocetilo,N02BA09 - Dipirocetilo
3444,N02BA10,N02BA10,N02BA10 - Benorilato,N02BA10 - Benorilato
3445,N02BA11,N02BA11,N02BA11 - Diflunisal,N02BA11 - Diflunisal
3446,N02BA12,N02BA12,N02BA12 - Salicilato de potasio,N02BA12 - Salicilato de potasio
3447,N02BA14,N02BA14,N02BA14 - Guacetisal,N02BA14 - Guacetisal
3448,N02BA15,N02BA15,N02BA15 - Carbasalato de calcio,N02BA15 - Carbasalato de calcio
3449,N02BA16,N02BA16,N02BA16 - Salicilato de imidazol,N02BA16 - Salicilato de imidazol
3450,N02BA51,N02BA51,"N02BA51 - Ácido acetilsalicílico, combinaciones excluyendo psicolépticos","N02BA51 - Ácido acetilsalicílico, combinaciones excluyendo psicolépticos"
3451,N02BA55,N02BA55,"N02BA55 - Salicilamida, combinaciones excluyendo psicolépticos","N02BA55 - Salicilamida, combinaciones excluyendo psicolépticos"
3452,N02BA57,N02BA57,"N02BA57 - Etenzamida, combinaciones excluyendo psicolépticos","N02BA57 - Etenzamida, combinaciones excluyendo psicolépticos"
3453,N02BA59,N02BA59,"N02BA59 - Dipirocetilo, combinaciones excluyendo psicolépticos","N02BA59 - Dipirocetilo, combinaciones excluyendo psicolépticos"
3454,N02BA65,N02BA65,"N02BA65 - Carbasalato de calcio, combinaciones excluyendo psicolépticos","N02BA65 - Carbasalato de calcio, combinaciones excluyendo psicolépticos"
3455,N02BA71,N02BA71,"N02BA71 - Ácido acetilsalicílico, combinaciones con psicolépticos","N02BA71 - Ácido acetilsalicílico, combinaciones con psicolépticos"
3456,N02BA75,N02BA75,"N02BA75 - Salicilamida, combinaciones con psicolépticos","N02BA75 - Salicilamida, combinaciones con psicolépticos"
3457,N02BA77,N02BA77,"N02BA77 - Etenzamida, combinaciones con psicolépticos","N02BA77 - Etenzamida, combinaciones con psicolépticos"
3458,N02BA79,N02BA79,"N02BA79 - Dipirocetilo, combinaciones con psicolépticos","N02BA79 - Dipirocetilo, combinaciones con psicolépticos"
3459,N02BB,N02BB,N02BB - Pirazolonas,N02BB - Pirazolonas
3460,N02BB01,N02BB01,N02BB01 - Fenazona,N02BB01 - Fenazona
3461,N02BB02,N02BB02,N02BB02 - Metamizol sódico,N02BB02 - Metamizol sódico
3462,N02BB03,N02BB03,N02BB03 - Aminofenazona,N02BB03 - Aminofenazona
3463,N02BB04,N02BB04,N02BB04 - Propifenazona,N02BB04 - Propifenazona
3464,N02BB05,N02BB05,N02BB05 - Nifenazona,N02BB05 - Nifenazona
3465,N02BB51,N02BB51,"N02BB51 - Fenazona, combinaciones excluyendo psicolépticos","N02BB51 - Fenazona, combinaciones excluyendo psicolépticos"
3466,N02BB52,N02BB52,"N02BB52 - Metamizol sódico, combinaciones excluyendo psicolépticos","N02BB52 - Metamizol sódico, combinaciones excluyendo psicolépticos"
3467,N02BB53,N02BB53,"N02BB53 - Aminofenazona, combinaciones excluyendo psicolépticos","N02BB53 - Aminofenazona, combinaciones excluyendo psicolépticos"
3468,N02BB54,N02BB54,"N02BB54 - Propifenazona, combinaciones excluyendo psicolépticos","N02BB54 - Propifenazona, combinaciones excluyendo psicolépticos"
3469,N02BB71,N02BB71,"N02BB71 - Fenazona, combinaciones con psicolépticos","N02BB71 - Fenazona, combinaciones con psicolépticos"
3470,N02BB72,N02BB72,"N02BB72 - Metamizol sódico, combinaciones con psicolépticos","N02BB72 - Metamizol sódico, combinaciones con psicolépticos"
3471,N02BB73,N02BB73,"N02BB73 - Aminofenazona, combinaciones con psicolépticos","N02BB73 - Aminofenazona, combinaciones con psicolépticos"
3472,N02BB74,N02BB74,"N02BB74 - Propifenazona, combinaciones con psicolépticos","N02BB74 - Propifenazona, combinaciones con psicolépticos"
3473,N02BE,N02BE,N02BE - Anilidas,N02BE - Anilidas
3474,N02BE01,N02BE01,N02BE01 - Paracetamol,N02BE01 - Paracetamol
3475,N02BE03,N02BE03,N02BE03 - Fenacetina,N02BE03 - Fenacetina
3476,N02BE04,N02BE04,N02BE04 - Bucetina,N02BE04 - Bucetina
3477,N02BE05,N02BE05,N02BE05 - Propacetamol,N02BE05 - Propacetamol
3478,N02BE51,N02BE51,"N02BE51 - Paracetamol, combinaciones excluyendo psicolépticos","N02BE51 - Paracetamol, combinaciones excluyendo psicolépticos"
3479,N02BE53,N02BE53,"N02BE53 - Fenacetina, combinaciones excluyendo psicolépticos","N02BE53 - Fenacetina, combinaciones excluyendo psicolépticos"
3480,N02BE54,N02BE54,"N02BE54 - Bucetina, combinaciones excluyendo psicolépticos","N02BE54 - Bucetina, combinaciones excluyendo psicolépticos"
3481,N02BE71,N02BE71,"N02BE71 - Paracetamol, combinaciones con psicolépticos","N02BE71 - Paracetamol, combinaciones con psicolépticos"
3482,N02BE73,N02BE73,"N02BE73 - Fenacetina, combinaciones con psicolépticos","N02BE73 - Fenacetina, combinaciones con psicolépticos"
3483,N02BE74,N02BE74,"N02BE74 - Bucetina, combinaciones con psicolépticos","N02BE74 - Bucetina, combinaciones con psicolépticos"
3484,N02BG,N02BG,N02BG - Otros analgésicos y antipiréticos,N02BG - Otros analgésicos y antipiréticos
3485,N02BG02,N02BG02,"N02BG02 - Rimazolio, metilsulfato de","N02BG02 - Rimazolio, metilsulfato de"
3486,N02BG03,N02BG03,N02BG03 - Glafenina,N02BG03 - Glafenina
3487,N02BG04,N02BG04,N02BG04 - Floctafenina,N02BG04 - Floctafenina
3488,N02BG05,N02BG05,N02BG05 - Viminol,N02BG05 - Viminol
3489,N02BG06,N02BG06,N02BG06 - Nefopam,N02BG06 - Nefopam
3490,N02BG07,N02BG07,N02BG07 - Flupirtina,N02BG07 - Flupirtina
3491,N02C,N02C,N02C - PREPARADOS ANTIMIGRAÑOSOS,N02C - PREPARADOS ANTIMIGRAÑOSOS
3492,N02CA,N02CA,N02CA - Alcaloides del ergot,N02CA - Alcaloides del ergot
3493,N02CA01,N02CA01,N02CA01 - Dihidroergotamina,N02CA01 - Dihidroergotamina
3494,N02CA02,N02CA02,N02CA02 - Ergotamina,N02CA02 - Ergotamina
3495,N02CA04,N02CA04,N02CA04 - Metisergida,N02CA04 - Metisergida
3496,N02CA07,N02CA07,N02CA07 - Lisurida,N02CA07 - Lisurida
3497,N02CA51,N02CA51,"N02CA51 - Dihidroergotamina, combinaciones con","N02CA51 - Dihidroergotamina, combinaciones con"
3498,N02CA52,N02CA52,"N02CA52 - Ergotamina, combinaciones excluyendo psicolépticos","N02CA52 - Ergotamina, combinaciones excluyendo psicolépticos"
3499,N02CA72,N02CA72,"N02CA72 - Ergotamina, combinaciones con psicolépticos","N02CA72 - Ergotamina, combinaciones con psicolépticos"
3500,N02CB,N02CB,N02CB - Derivados corticoesteroideos,N02CB - Derivados corticoesteroideos
3501,N02CB01,N02CB01,N02CB01 - Flumedroxona,N02CB01 - Flumedroxona
3502,N02CC,N02CC,N02CC - Agonistas selectivos de serotonina (5-HT1),N02CC - Agonistas selectivos de serotonina (5-HT1)
3503,N02CC01,N02CC01,N02CC01 - Sumatriptán,N02CC01 - Sumatriptán
3504,N02CC02,N02CC02,N02CC02 - Naratriptán,N02CC02 - Naratriptán
3505,N02CC03,N02CC03,N02CC03 - Zolmitriptán,N02CC03 - Zolmitriptán
3506,N02CC04,N02CC04,N02CC04 - Rizatriptán,N02CC04 - Rizatriptán
3507,N02CC05,N02CC05,N02CC05 - Almotriptán,N02CC05 - Almotriptán
3508,N02CX,N02CX,N02CX - Otros preparados antimigrañosos,N02CX - Otros preparados antimigrañosos
3509,N02CX01,N02CX01,N02CX01 - Pizotifeno,N02CX01 - Pizotifeno
3510,N02CX02,N02CX02,N02CX02 - Clonidina,N02CX02 - Clonidina
3511,N02CX03,N02CX03,N02CX03 - Iprazocromo,N02CX03 - Iprazocromo
3512,N02CX05,N02CX05,N02CX05 - Dimetotiazina,N02CX05 - Dimetotiazina
3513,N02CX06,N02CX06,N02CX06 - Oxetorona,N02CX06 - Oxetorona
3514,N03,N03,N03 - ANTIEPILÉPTICOS,N03 - ANTIEPILÉPTICOS
3515,N03A,N03A,N03A - ANTIEPILÉPTICOS,N03A - ANTIEPILÉPTICOS
3516,N03AA,N03AA,N03AA - Barbitúricos y derivados,N03AA - Barbitúricos y derivados
3517,N03AA01,N03AA01,N03AA01 - Metilfenobarbital,N03AA01 - Metilfenobarbital
3518,N03AA02,N03AA02,N03AA02 - Fenobarbital,N03AA02 - Fenobarbital
3519,N03AA03,N03AA03,N03AA03 - Primidona,N03AA03 - Primidona
3520,N03AA04,N03AA04,N03AA04 - Barbexaclona,N03AA04 - Barbexaclona
3521,N03AA30,N03AA30,N03AA30 - Metarbital,N03AA30 - Metarbital
3522,N03AB,N03AB,N03AB - Derivados de la hidantoína,N03AB - Derivados de la hidantoína
3523,N03AB01,N03AB01,N03AB01 - Etotoína,N03AB01 - Etotoína
3524,N03AB02,N03AB02,N03AB02 - Fenitoína,N03AB02 - Fenitoína
3525,N03AB03,N03AB03,N03AB03 - Amino (difenilhidantoína) ácido valérico,N03AB03 - Amino (difenilhidantoína) ácido valérico
3526,N03AB04,N03AB04,N03AB04 - Mefenitoína,N03AB04 - Mefenitoína
3527,N03AB05,N03AB05,N03AB05 - Fosfenitoína,N03AB05 - Fosfenitoína
3528,N03AB52,N03AB52,"N03AB52 - Fenitoína, combinaciones con","N03AB52 - Fenitoína, combinaciones con"
3529,N03AB54,N03AB54,"N03AB54 - Mefenitoína, combinaciones con","N03AB54 - Mefenitoína, combinaciones con"
3530,N03AC,N03AC,N03AC - Derivados de la oxazolidina,N03AC - Derivados de la oxazolidina
3531,N03AC01,N03AC01,N03AC01 - Parametadiona,N03AC01 - Parametadiona
3532,N03AC02,N03AC02,N03AC02 - Trimetadiona,N03AC02 - Trimetadiona
3533,N03AC03,N03AC03,N03AC03 - Etadiona,N03AC03 - Etadiona
3534,N03AD,N03AD,N03AD - Derivados de la succinimida,N03AD - Derivados de la succinimida
3535,N03AD01,N03AD01,N03AD01 - Etosuximida,N03AD01 - Etosuximida
3536,N03AD02,N03AD02,N03AD02 - Fensuximida,N03AD02 - Fensuximida
3537,N03AD03,N03AD03,N03AD03 - Mesuximida,N03AD03 - Mesuximida
3538,N03AD51,N03AD51,"N03AD51 - Etosuximida, combinaciones con","N03AD51 - Etosuximida, combinaciones con"
3539,N03AE,N03AE,N03AE - Derivados de la benzodiazepina,N03AE - Derivados de la benzodiazepina
3540,N03AE01,N03AE01,N03AE01 - Clonazepam,N03AE01 - Clonazepam
3541,N03AF,N03AF,N03AF - Derivados de la carboxamida,N03AF - Derivados de la carboxamida
3542,N03AF01,N03AF01,N03AF01 - Carbamazepina,N03AF01 - Carbamazepina
3543,N03AF02,N03AF02,N03AF02 - Oxcarbazepina,N03AF02 - Oxcarbazepina
3544,N03AG,N03AG,N03AG - Derivados de los ácidos grasos,N03AG - Derivados de los ácidos grasos
3545,N03AG01,N03AG01,N03AG01 - Ácido valproico,N03AG01 - Ácido valproico
3546,N03AG02,N03AG02,N03AG02 - Valpromida,N03AG02 - Valpromida
3547,N03AG03,N03AG03,N03AG03 - Ácido aminobutírico,N03AG03 - Ácido aminobutírico
3548,N03AG04,N03AG04,N03AG04 - Vigabatrina,N03AG04 - Vigabatrina
3549,N03AG05,N03AG05,N03AG05 - Progabida,N03AG05 - Progabida
3550,N03AG06,N03AG06,N03AG06 - Tiagabina,N03AG06 - Tiagabina
3551,N03AX,N03AX,N03AX - Otros antiepilépticos,N03AX - Otros antiepilépticos
3552,N03AX03,N03AX03,N03AX03 - Sultiamo,N03AX03 - Sultiamo
3553,N03AX07,N03AX07,N03AX07 - Fenacemida,N03AX07 - Fenacemida
3554,N03AX09,N03AX09,N03AX09 - Lamotrigina,N03AX09 - Lamotrigina
3555,N03AX10,N03AX10,N03AX10 - Felbamato,N03AX10 - Felbamato
3556,N03AX11,N03AX11,N03AX11 - Topiramato,N03AX11 - Topiramato
3557,N03AX12,N03AX12,N03AX12 - Gabapentina,N03AX12 - Gabapentina
3558,N03AX13,N03AX13,N03AX13 - Feneturida,N03AX13 - Feneturida
3559,N03AX14,N03AX14,N03AX14 - Levetiracetam,N03AX14 - Levetiracetam
3560,N03AX30,N03AX30,N03AX30 - Beclamida,N03AX30 - Beclamida
3561,N04,N04,N04 - ANTIPARKINSONIANOS,N04 - ANTIPARKINSONIANOS
3562,N04A,N04A,N04A - AGENTES ANTICOLINÉRGICOS,N04A - AGENTES ANTICOLINÉRGICOS
3563,N04AA,N04AA,N04AA - Aminas terciarias,N04AA - Aminas terciarias
3564,N04AA01,N04AA01,N04AA01 - Trihexifenidilo,N04AA01 - Trihexifenidilo
3565,N04AA02,N04AA02,N04AA02 - Biperideno,N04AA02 - Biperideno
3566,N04AA03,N04AA03,N04AA03 - Metixeno,N04AA03 - Metixeno
3567,N04AA04,N04AA04,N04AA04 - Prociclidina,N04AA04 - Prociclidina
3568,N04AA05,N04AA05,N04AA05 - Profenamina,N04AA05 - Profenamina
3569,N04AA08,N04AA08,N04AA08 - Dexetimida,N04AA08 - Dexetimida
3570,N04AA09,N04AA09,N04AA09 - Fenglutarimida,N04AA09 - Fenglutarimida
3571,N04AA10,N04AA10,N04AA10 - Mazaticol,N04AA10 - Mazaticol
3572,N04AA11,N04AA11,N04AA11 - Bornaprina,N04AA11 - Bornaprina
3573,N04AA12,N04AA12,N04AA12 - Tropatepina,N04AA12 - Tropatepina
3574,N04AB,N04AB,N04AB - Ésteres químicamente relacionados con antihistamínicos,N04AB - Ésteres químicamente relacionados con antihistamínicos
3575,N04AB01,N04AB01,N04AB01 - Teofilinacetato de difenhidramina,N04AB01 - Teofilinacetato de difenhidramina
3576,N04AB02,N04AB02,N04AB02 - Orfenadrina (cloruro),N04AB02 - Orfenadrina (cloruro)
3577,N04AC,N04AC,N04AC - Ésteres de tropina o derivados de la tropina,N04AC - Ésteres de tropina o derivados de la tropina
3578,N04AC01,N04AC01,N04AC01 - Benzatropina,N04AC01 - Benzatropina
3579,N04AC30,N04AC30,N04AC30 - Etilbenzatropina,N04AC30 - Etilbenzatropina
3580,N04B,N04B,N04B - AGENTES DOPAMINÉRGICOS,N04B - AGENTES DOPAMINÉRGICOS
3581,N04BA,N04BA,N04BA - Dopa y derivados de la dopa,N04BA - Dopa y derivados de la dopa
3582,A05BA08,A05BA08,A05BA08 - Ácido glicirrícico,A05BA08 - Ácido glicirrícico
3583,N04BA02,N04BA02,N04BA02 - Levodopa con inhibidor de la descarboxilasa,N04BA02 - Levodopa con inhibidor de la descarboxilasa
3584,N04BB,N04BB,N04BB - Derivados del adamantano,N04BB - Derivados del adamantano
3585,N04BB01,N04BB01,N04BB01 - Amantadina,N04BB01 - Amantadina
3586,N04BC,N04BC,N04BC - Agonistas dopaminérgicos,N04BC - Agonistas dopaminérgicos
3587,N04BC01,N04BC01,N04BC01 - Bromocriptina,N04BC01 - Bromocriptina
3588,N04BC02,N04BC02,N04BC02 - Pergolida,N04BC02 - Pergolida
3589,N04BC03,N04BC03,"N04BC03 - Dihidroergocriptina, mesilato de","N04BC03 - Dihidroergocriptina, mesilato de"
3590,N04BC04,N04BC04,N04BC04 - Ropinirol,N04BC04 - Ropinirol
3591,N04BC05,N04BC05,N04BC05 - Pramipexol,N04BC05 - Pramipexol
3592,N04BC06,N04BC06,N04BC06 - Cabergolina,N04BC06 - Cabergolina
3593,N04BC07,N04BC07,N04BC07 - Apomorfina,N04BC07 - Apomorfina
3594,N04BD,N04BD,N04BD - Inhibidores de la monoaminoxidasa B,N04BD - Inhibidores de la monoaminoxidasa B
3595,N04BD01,N04BD01,N04BD01 - Selegilina,N04BD01 - Selegilina
3596,N04BX,N04BX,N04BX - Otros agentes dopaminérgicos,N04BX - Otros agentes dopaminérgicos
3597,N04BX01,N04BX01,N04BX01 - Tolcapona,N04BX01 - Tolcapona
3598,N04BX02,N04BX02,N04BX02 - Entacapona,N04BX02 - Entacapona
3599,N04BX03,N04BX03,N04BX03 - Budipino,N04BX03 - Budipino
3600,N05,N05,N05 - PSICOLÉPTICOS,N05 - PSICOLÉPTICOS
3601,N05A,N05A,N05A - ANTIPSICÓTICOS,N05A - ANTIPSICÓTICOS
3602,N05AA,N05AA,N05AA - Fenotiazinas con cadena lateral alifática,N05AA - Fenotiazinas con cadena lateral alifática
3603,N05AA01,N05AA01,N05AA01 - Clorpromazina,N05AA01 - Clorpromazina
3604,N05AA02,N05AA02,N05AA02 - Levomepromazina,N05AA02 - Levomepromazina
3605,N05AA03,N05AA03,N05AA03 - Promazina,N05AA03 - Promazina
3606,N05AA04,N05AA04,N05AA04 - Acepromazina,N05AA04 - Acepromazina
3607,N05AA05,N05AA05,N05AA05 - Triflupromazina,N05AA05 - Triflupromazina
3608,N05AA06,N05AA06,N05AA06 - Ciamemazina,N05AA06 - Ciamemazina
3609,N05AA07,N05AA07,N05AA07 - Clorproetazina,N05AA07 - Clorproetazina
3610,N05AB,N05AB,N05AB - Fenotiazinas con estructura piperazínica,N05AB - Fenotiazinas con estructura piperazínica
3611,N05AB01,N05AB01,N05AB01 - Dixirazina,N05AB01 - Dixirazina
3612,N05AB02,N05AB02,N05AB02 - Flufenazina,N05AB02 - Flufenazina
3613,N05AB03,N05AB03,N05AB03 - Perfenazina,N05AB03 - Perfenazina
3614,N05AB04,N05AB04,N05AB04 - Proclorperazina,N05AB04 - Proclorperazina
3615,N05AB05,N05AB05,N05AB05 - Tiopropazato,N05AB05 - Tiopropazato
3616,N05AB06,N05AB06,N05AB06 - Trifluoperazina,N05AB06 - Trifluoperazina
3617,N05AB07,N05AB07,N05AB07 - Acetofenazina,N05AB07 - Acetofenazina
3618,N05AB08,N05AB08,N05AB08 - Tioproperazina,N05AB08 - Tioproperazina
3619,N05AB09,N05AB09,N05AB09 - Butaperazina,N05AB09 - Butaperazina
3620,N05AB10,N05AB10,N05AB10 - Perazina,N05AB10 - Perazina
3621,N05AC,N05AC,N05AC - Fenotiazinas con estructura piperidínica,N05AC - Fenotiazinas con estructura piperidínica
3622,N05AC01,N05AC01,N05AC01 - Periciazina,N05AC01 - Periciazina
3623,N05AC02,N05AC02,N05AC02 - Tioridazina,N05AC02 - Tioridazina
3624,N05AC03,N05AC03,N05AC03 - Mesoridazina,N05AC03 - Mesoridazina
3625,N05AC04,N05AC04,N05AC04 - Pipotiazina,N05AC04 - Pipotiazina
3626,N05AD,N05AD,N05AD - Derivados de la butirofenona,N05AD - Derivados de la butirofenona
3627,N05AD01,N05AD01,N05AD01 - Haloperidol,N05AD01 - Haloperidol
3628,N05AD02,N05AD02,N05AD02 - Trifluperidol,N05AD02 - Trifluperidol
3629,N05AD03,N05AD03,N05AD03 - Melperona,N05AD03 - Melperona
3630,N05AD04,N05AD04,N05AD04 - Moperona,N05AD04 - Moperona
3631,N05AD05,N05AD05,N05AD05 - Pipamperona,N05AD05 - Pipamperona
3632,N05AD06,N05AD06,N05AD06 - Bromperidol,N05AD06 - Bromperidol
3633,N05AD07,N05AD07,N05AD07 - Benperidol,N05AD07 - Benperidol
3634,N05AD08,N05AD08,N05AD08 - Droperidol,N05AD08 - Droperidol
3635,N05AD09,N05AD09,N05AD09 - Fluanisona,N05AD09 - Fluanisona
3636,N05AE,N05AE,N05AE - Derivados del indol,N05AE - Derivados del indol
3637,N05AE01,N05AE01,N05AE01 - Oxipertina,N05AE01 - Oxipertina
3638,N05AE02,N05AE02,N05AE02 - Molindona,N05AE02 - Molindona
3639,N05AE03,N05AE03,N05AE03 - Sertindol,N05AE03 - Sertindol
3640,N05AE04,N05AE04,N05AE04 - Ziprasidona,N05AE04 - Ziprasidona
3641,N05AF,N05AF,N05AF - Derivados del tioxanteno,N05AF - Derivados del tioxanteno
3642,N05AF01,N05AF01,N05AF01 - Flupentixol,N05AF01 - Flupentixol
3643,N05AF02,N05AF02,N05AF02 - Clopentixol,N05AF02 - Clopentixol
3644,N05AF03,N05AF03,N05AF03 - Clorprotixeno,N05AF03 - Clorprotixeno
3645,N05AF04,N05AF04,N05AF04 - Tiotixeno,N05AF04 - Tiotixeno
3646,N05AF05,N05AF05,N05AF05 - Zuclopentixol,N05AF05 - Zuclopentixol
3647,N05AG,N05AG,N05AG - Derivados de la difenilbutilpiperidina,N05AG - Derivados de la difenilbutilpiperidina
3648,N05AG01,N05AG01,N05AG01 - Fluspirileno,N05AG01 - Fluspirileno
3649,N05AG02,N05AG02,N05AG02 - Pimozida,N05AG02 - Pimozida
3650,N05AG03,N05AG03,N05AG03 - Penfluridol,N05AG03 - Penfluridol
3651,N05AH,N05AH,"N05AH - Diazepinas, oxazepinas, tiazepinas y oxepinas","N05AH - Diazepinas, oxazepinas, tiazepinas y oxepinas"
3652,N05AH01,N05AH01,N05AH01 - Loxapina,N05AH01 - Loxapina
3653,N05AH02,N05AH02,N05AH02 - Clozapina,N05AH02 - Clozapina
3654,N05AH03,N05AH03,N05AH03 - Olanzapina,N05AH03 - Olanzapina
3655,N05AH04,N05AH04,N05AH04 - Quetiapina,N05AH04 - Quetiapina
3656,N05AK,N05AK,N05AK - Neurolépticos en discinesias tardías,N05AK - Neurolépticos en discinesias tardías
3657,N05AK01,N05AK01,N05AK01 - Tetrabenazina,N05AK01 - Tetrabenazina
3658,N05AL,N05AL,N05AL - Benzamidas,N05AL - Benzamidas
3659,N05AL01,N05AL01,N05AL01 - Sulpirida,N05AL01 - Sulpirida
3660,N05AL02,N05AL02,N05AL02 - Sultoprida,N05AL02 - Sultoprida
3661,N05AL03,N05AL03,N05AL03 - Tiaprida,N05AL03 - Tiaprida
3662,N05AL04,N05AL04,N05AL04 - Remoxiprida,N05AL04 - Remoxiprida
3663,N05AL05,N05AL05,N05AL05 - Amisulprida,N05AL05 - Amisulprida
3664,N05AL06,N05AL06,N05AL06 - Veraliprida,N05AL06 - Veraliprida
3665,N05AN,N05AN,N05AN - Litio,N05AN - Litio
3666,N05AN01,N05AN01,N05AN01 - Litio,N05AN01 - Litio
3667,N05AX,N05AX,N05AX - Otros antipsicóticos,N05AX - Otros antipsicóticos
3668,N05AX07,N05AX07,N05AX07 - Protipendilo,N05AX07 - Protipendilo
3669,N05AX08,N05AX08,N05AX08 - Risperidona,N05AX08 - Risperidona
3670,N05AX09,N05AX09,N05AX09 - Clotiapina,N05AX09 - Clotiapina
3671,N05AX10,N05AX10,N05AX10 - Mosapramina,N05AX10 - Mosapramina
3672,N05AX11,N05AX11,N05AX11 - Zotepina,N05AX11 - Zotepina
3673,N05B,N05B,N05B - ANSIOLÍTICOS,N05B - ANSIOLÍTICOS
3674,N05BA,N05BA,N05BA - Derivados de la benzodiazepina,N05BA - Derivados de la benzodiazepina
3675,N05BA01,N05BA01,N05BA01 - Diazepam,N05BA01 - Diazepam
3676,N05BA02,N05BA02,N05BA02 - Clordiazepóxido,N05BA02 - Clordiazepóxido
3677,N05BA03,N05BA03,N05BA03 - Medazepam,N05BA03 - Medazepam
3678,N05BA04,N05BA04,N05BA04 - Oxazepam,N05BA04 - Oxazepam
3679,N05BA05,N05BA05,N05BA05 - Clorazepato de potasio,N05BA05 - Clorazepato de potasio
3680,N05BA06,N05BA06,N05BA06 - Lorazepam,N05BA06 - Lorazepam
3681,N05BA07,N05BA07,N05BA07 - Adinazolam,N05BA07 - Adinazolam
3682,N05BA08,N05BA08,N05BA08 - Bromazepam,N05BA08 - Bromazepam
3683,N05BA09,N05BA09,N05BA09 - Clobazam,N05BA09 - Clobazam
3684,N05BA10,N05BA10,N05BA10 - Ketazolam,N05BA10 - Ketazolam
3685,N05BA11,N05BA11,N05BA11 - Prazepam,N05BA11 - Prazepam
3686,N05BA12,N05BA12,N05BA12 - Alprazolam,N05BA12 - Alprazolam
3687,N05BA13,N05BA13,N05BA13 - Halazepam,N05BA13 - Halazepam
3688,N05BA14,N05BA14,N05BA14 - Pinazepam,N05BA14 - Pinazepam
3689,N05BA15,N05BA15,N05BA15 - Camazepam,N05BA15 - Camazepam
3690,N05BA16,N05BA16,N05BA16 - Nordazepam,N05BA16 - Nordazepam
3691,N05BA17,N05BA17,N05BA17 - Fludiazepam,N05BA17 - Fludiazepam
3692,N05BA18,N05BA18,N05BA18 - Loflazepato de etilo,N05BA18 - Loflazepato de etilo
3693,N05BA19,N05BA19,N05BA19 - Etizolam,N05BA19 - Etizolam
3694,N05BA21,N05BA21,N05BA21 - Clotiazepam,N05BA21 - Clotiazepam
3695,N05BA22,N05BA22,N05BA22 - Cloxazolam,N05BA22 - Cloxazolam
3696,N05BA23,N05BA23,N05BA23 - Tofisopam,N05BA23 - Tofisopam
3697,N05BA56,N05BA56,"N05BA56 - Lorazepam, combinaciones con","N05BA56 - Lorazepam, combinaciones con"
3698,N05BB,N05BB,N05BB - Derivados del difenilmetano,N05BB - Derivados del difenilmetano
3699,N05BB01,N05BB01,N05BB01 - Hidroxizina,N05BB01 - Hidroxizina
3700,N05BB02,N05BB02,N05BB02 - Captodiamo,N05BB02 - Captodiamo
3701,N05BB51,N05BB51,"N05BB51 - Hidroxizina, combinaciones con","N05BB51 - Hidroxizina, combinaciones con"
3702,N05BC,N05BC,N05BC - Carbamatos,N05BC - Carbamatos
3703,N05BC01,N05BC01,N05BC01 - Meprobamato,N05BC01 - Meprobamato
3704,N05BC03,N05BC03,N05BC03 - Emilcamato,N05BC03 - Emilcamato
3705,N05BC04,N05BC04,N05BC04 - Mebutamato,N05BC04 - Mebutamato
3706,N05BC51,N05BC51,"N05BC51 - Meprobamato, combinaciones con","N05BC51 - Meprobamato, combinaciones con"
3707,N05BD,N05BD,N05BD - Derivados del dibenzo-biciclo-octadieno,N05BD - Derivados del dibenzo-biciclo-octadieno
3708,N05BD01,N05BD01,N05BD01 - Benzoctamina,N05BD01 - Benzoctamina
3709,N05BE,N05BE,N05BE - Derivados de la azaspirodecanediona,N05BE - Derivados de la azaspirodecanediona
3710,N05BE01,N05BE01,N05BE01 - Buspirona,N05BE01 - Buspirona
3711,N05BX,N05BX,N05BX - Otros ansiolíticos,N05BX - Otros ansiolíticos
3712,N05BX01,N05BX01,N05BX01 - Mefenoxalona,N05BX01 - Mefenoxalona
3713,N05BX02,N05BX02,N05BX02 - Gedocarnilo,N05BX02 - Gedocarnilo
3714,N05BX03,N05BX03,N05BX03 - Etifoxina,N05BX03 - Etifoxina
3715,N05C,N05C,N05C - HIPNÓTICOS Y SEDANTES,N05C - HIPNÓTICOS Y SEDANTES
3716,N05CA,N05CA,"N05CA - Barbitúricos, monofármacos","N05CA - Barbitúricos, monofármacos"
3717,N05CA01,N05CA01,N05CA01 - Pentobarbital,N05CA01 - Pentobarbital
3718,N05CA02,N05CA02,N05CA02 - Amobarbital,N05CA02 - Amobarbital
3719,N05CA03,N05CA03,N05CA03 - Butobarbital,N05CA03 - Butobarbital
3720,N05CA04,N05CA04,N05CA04 - Barbital,N05CA04 - Barbital
3721,N05CA05,N05CA05,N05CA05 - Aprobarbital,N05CA05 - Aprobarbital
3722,N05CA06,N05CA06,N05CA06 - Secobarbital,N05CA06 - Secobarbital
3723,N05CA07,N05CA07,N05CA07 - Talbutal,N05CA07 - Talbutal
3724,N05CA08,N05CA08,N05CA08 - Vinilbital,N05CA08 - Vinilbital
3725,N05CA09,N05CA09,N05CA09 - Vinbarbital,N05CA09 - Vinbarbital
3726,N05CA10,N05CA10,N05CA10 - Ciclobarbital,N05CA10 - Ciclobarbital
3727,N05CA11,N05CA11,N05CA11 - Heptabarbital,N05CA11 - Heptabarbital
3728,N05CA12,N05CA12,N05CA12 - Reposal,N05CA12 - Reposal
3729,N05CA15,N05CA15,N05CA15 - Metohexital,N05CA15 - Metohexital
3730,N05CA16,N05CA16,N05CA16 - Hexobarbital,N05CA16 - Hexobarbital
3731,N05CA19,N05CA19,N05CA19 - Tiopental,N05CA19 - Tiopental
3732,N05CA20,N05CA20,N05CA20 - Etalobarbital,N05CA20 - Etalobarbital
3733,N05CA21,N05CA21,N05CA21 - Alobarbital,N05CA21 - Alobarbital
3734,N05CA22,N05CA22,N05CA22 - Proxibarbal,N05CA22 - Proxibarbal
3735,N05CB,N05CB,"N05CB - Barbitúricos, combinaciones","N05CB - Barbitúricos, combinaciones"
3736,N05CB01,N05CB01,"N05CB01 - Barbitúricos, combinaciones de","N05CB01 - Barbitúricos, combinaciones de"
3737,N05CB02,N05CB02,N05CB02 - Barbitúricos en combinación con otras farmacos,N05CB02 - Barbitúricos en combinación con otras farmacos
3738,N05CC,N05CC,N05CC - Aldehídos y derivados,N05CC - Aldehídos y derivados
3739,N05CC01,N05CC01,N05CC01 - Hidrato de cloral,N05CC01 - Hidrato de cloral
3740,N05CC02,N05CC02,N05CC02 - Cloralodol,N05CC02 - Cloralodol
3741,N05CC03,N05CC03,"N05CC03 - Hidrato de cloral, acetilglicinamida del","N05CC03 - Hidrato de cloral, acetilglicinamida del"
3742,N05CC04,N05CC04,N05CC04 - Dicloralfenazona,N05CC04 - Dicloralfenazona
3743,N05CC05,N05CC05,N05CC05 - Paraldehído,N05CC05 - Paraldehído
3744,N05CD,N05CD,N05CD - Derivados de la benzodiazepina,N05CD - Derivados de la benzodiazepina
3745,N05CD01,N05CD01,N05CD01 - Flurazepam,N05CD01 - Flurazepam
3746,N05CD02,N05CD02,N05CD02 - Nitrazepam,N05CD02 - Nitrazepam
3747,N05CD03,N05CD03,N05CD03 - Flunitrazepam,N05CD03 - Flunitrazepam
3748,N05CD04,N05CD04,N05CD04 - Estazolam,N05CD04 - Estazolam
3749,N05CD05,N05CD05,N05CD05 - Triazolam,N05CD05 - Triazolam
3750,N05CD06,N05CD06,N05CD06 - Lormetazepam,N05CD06 - Lormetazepam
3751,N05CD07,N05CD07,N05CD07 - Temazepam,N05CD07 - Temazepam
3752,N05CD08,N05CD08,N05CD08 - Midazolam,N05CD08 - Midazolam
3753,N05CD09,N05CD09,N05CD09 - Brotizolam,N05CD09 - Brotizolam
3754,N05CD10,N05CD10,N05CD10 - Quazepam,N05CD10 - Quazepam
3755,N05CD11,N05CD11,N05CD11 - Loprazolam,N05CD11 - Loprazolam
3756,N05CD12,N05CD12,N05CD12 - Doxefazepam,N05CD12 - Doxefazepam
3757,N05CD13,N05CD13,N05CD13 - Cinolazepam,N05CD13 - Cinolazepam
3758,N05CE,N05CE,N05CE - Derivados de la piperidinediona,N05CE - Derivados de la piperidinediona
3759,N05CE01,N05CE01,N05CE01 - Glutetimida,N05CE01 - Glutetimida
3760,N05CE02,N05CE02,N05CE02 - Metiprilón,N05CE02 - Metiprilón
3761,N05CE03,N05CE03,N05CE03 - Piritildiona,N05CE03 - Piritildiona
3762,N05CF,N05CF,N05CF - Fármacos relacionados con las benzodiazepinas,N05CF - Fármacos relacionados con las benzodiazepinas
3763,N05CF01,N05CF01,N05CF01 - Zopiclona,N05CF01 - Zopiclona
3764,N05CF02,N05CF02,N05CF02 - Zolpidem,N05CF02 - Zolpidem
3765,N05CF03,N05CF03,N05CF03 - Zaleplon,N05CF03 - Zaleplon
3766,N05CM,N05CM,N05CM - Otros hipnóticos y sedantes,N05CM - Otros hipnóticos y sedantes
3767,N05CM01,N05CM01,N05CM01 - Metacualona,N05CM01 - Metacualona
3768,N05CM02,N05CM02,N05CM02 - Clometiazol,N05CM02 - Clometiazol
3769,N05CM03,N05CM03,N05CM03 - Bromisoval,N05CM03 - Bromisoval
3770,N05CM04,N05CM04,N05CM04 - Carbromal,N05CM04 - Carbromal
3771,N05CM05,N05CM05,N05CM05 - Escopolamina,N05CM05 - Escopolamina
3772,N05CM06,N05CM06,N05CM06 - Propiomazina,N05CM06 - Propiomazina
3773,N05CM07,N05CM07,N05CM07 - Triclofós,N05CM07 - Triclofós
3774,N05CM08,N05CM08,N05CM08 - Etclorvinol,N05CM08 - Etclorvinol
3775,N05CM09,N05CM09,N05CM09 - Valerianae radix,N05CM09 - Valerianae radix
3776,N05CM10,N05CM10,N05CM10 - Hexapropimato,N05CM10 - Hexapropimato
3777,N05CM11,N05CM11,N05CM11 - Bromuros,N05CM11 - Bromuros
3778,N05CM12,N05CM12,N05CM12 - Apronal,N05CM12 - Apronal
3779,N05CM13,N05CM13,N05CM13 - Valnoctamida,N05CM13 - Valnoctamida
3780,N05CM15,N05CM15,N05CM15 - Metilpentinol,N05CM15 - Metilpentinol
3781,N05CM16,N05CM16,N05CM16 - Niaprazina,N05CM16 - Niaprazina
3782,N05CX,N05CX,"N05CX - Hipnóticos y sedantes en combinación, excluyendo barbitúricos","N05CX - Hipnóticos y sedantes en combinación, excluyendo barbitúricos"
3783,N05CX01,N05CX01,"N05CX01 - Meprobamato, combinaciones con","N05CX01 - Meprobamato, combinaciones con"
3784,N05CX02,N05CX02,"N05CX02 - Metacualona, combinaciones con","N05CX02 - Metacualona, combinaciones con"
3785,N05CX03,N05CX03,"N05CX03 - Metilpentinol, combinaciones con","N05CX03 - Metilpentinol, combinaciones con"
3786,N05CX04,N05CX04,"N05CX04 - Clometiazol, combinaciones con","N05CX04 - Clometiazol, combinaciones con"
3787,N05CX05,N05CX05,"N05CX05 - Emepronio, bromuro de, combinaciones con","N05CX05 - Emepronio, bromuro de, combinaciones con"
3788,N05CX06,N05CX06,"N05CX06 - Dipiperonilaminoetanol, combinaciones con","N05CX06 - Dipiperonilaminoetanol, combinaciones con"
3789,N06,N06,N06 - PSICOANALÉPTICOS,N06 - PSICOANALÉPTICOS
3790,N06A,N06A,N06A - ANTIDEPRESIVOS,N06A - ANTIDEPRESIVOS
3791,N06AA,N06AA,N06AA - Inhibidores no selectivos de la recaptación de monoaminas,N06AA - Inhibidores no selectivos de la recaptación de monoaminas
3792,N06AA01,N06AA01,N06AA01 - Desipramina,N06AA01 - Desipramina
3793,N06AA02,N06AA02,N06AA02 - Imipramina,N06AA02 - Imipramina
3794,N06AA03,N06AA03,N06AA03 - Imipraminóxido,N06AA03 - Imipraminóxido
3795,N06AA04,N06AA04,N06AA04 - Clomipramina,N06AA04 - Clomipramina
3796,N06AA05,N06AA05,N06AA05 - Opipramol,N06AA05 - Opipramol
3797,N06AA06,N06AA06,N06AA06 - Trimipramina,N06AA06 - Trimipramina
3798,N06AA07,N06AA07,N06AA07 - Lofepramina,N06AA07 - Lofepramina
3799,N06AA08,N06AA08,N06AA08 - Dibenzepina,N06AA08 - Dibenzepina
3800,N06AA09,N06AA09,N06AA09 - Amitriptilina,N06AA09 - Amitriptilina
3801,N06AA10,N06AA10,N06AA10 - Nortriptilina,N06AA10 - Nortriptilina
3802,N06AA11,N06AA11,N06AA11 - Protriptilina,N06AA11 - Protriptilina
3803,N06AA12,N06AA12,N06AA12 - Doxepina,N06AA12 - Doxepina
3804,N06AA13,N06AA13,N06AA13 - Iprindol,N06AA13 - Iprindol
3805,N06AA14,N06AA14,N06AA14 - Melitraceno,N06AA14 - Melitraceno
3806,N06AA15,N06AA15,N06AA15 - Butriptilina,N06AA15 - Butriptilina
3807,N06AA16,N06AA16,N06AA16 - Dosulepina,N06AA16 - Dosulepina
3808,N06AA17,N06AA17,N06AA17 - Amoxapina,N06AA17 - Amoxapina
3809,N06AA18,N06AA18,N06AA18 - Dimetacrina,N06AA18 - Dimetacrina
3810,N06AA19,N06AA19,N06AA19 - Amineptina,N06AA19 - Amineptina
3811,N06AA21,N06AA21,N06AA21 - Maprotilina,N06AA21 - Maprotilina
3812,N06AA23,N06AA23,N06AA23 - Quinupramina,N06AA23 - Quinupramina
3813,N06AB,N06AB,N06AB - Inhibidores selectivos de la recaptación de serotonina,N06AB - Inhibidores selectivos de la recaptación de serotonina
3814,N06AB02,N06AB02,N06AB02 - Zimeldina,N06AB02 - Zimeldina
3815,N06AB03,N06AB03,N06AB03 - Fluoxetina,N06AB03 - Fluoxetina
3816,N06AB04,N06AB04,N06AB04 - Citalopram,N06AB04 - Citalopram
3817,N06AB05,N06AB05,N06AB05 - Paroxetina,N06AB05 - Paroxetina
3818,N06AB06,N06AB06,N06AB06 - Sertralina,N06AB06 - Sertralina
3819,N06AB07,N06AB07,N06AB07 - Alaproclato,N06AB07 - Alaproclato
3820,N06AB08,N06AB08,N06AB08 - Fluvoxamina,N06AB08 - Fluvoxamina
3821,N06AB09,N06AB09,N06AB09 - Etoperidona,N06AB09 - Etoperidona
3822,N06AF,N06AF,N06AF - Inhibidores no selectivos de la monoaminooxidasa,N06AF - Inhibidores no selectivos de la monoaminooxidasa
3823,N06AF01,N06AF01,N06AF01 - Isocarboxazida,N06AF01 - Isocarboxazida
3824,N06AF02,N06AF02,N06AF02 - Nialamida,N06AF02 - Nialamida
3825,N06AF03,N06AF03,N06AF03 - Fenelzina,N06AF03 - Fenelzina
3826,N06AF04,N06AF04,N06AF04 - Tranilcipromina,N06AF04 - Tranilcipromina
3827,N06AF05,N06AF05,N06AF05 - Iproniazida,N06AF05 - Iproniazida
3828,N06AF06,N06AF06,N06AF06 - Iproclozida,N06AF06 - Iproclozida
3829,N06AG,N06AG,N06AG - Inhibidores de la monoaminooxidasa A,N06AG - Inhibidores de la monoaminooxidasa A
3830,N06AG02,N06AG02,N06AG02 - Moclobemida,N06AG02 - Moclobemida
3831,N06AG03,N06AG03,N06AG03 - Toloxatona,N06AG03 - Toloxatona
3832,N06AX,N06AX,N06AX - Otros antidepresivos,N06AX - Otros antidepresivos
3833,N06AX01,N06AX01,N06AX01 - Oxitriptán,N06AX01 - Oxitriptán
3834,N06AX02,N06AX02,N06AX02 - Triptofano,N06AX02 - Triptofano
3835,N06AX03,N06AX03,N06AX03 - Mianserina,N06AX03 - Mianserina
3836,N06AX04,N06AX04,N06AX04 - Nomifensina,N06AX04 - Nomifensina
3837,N06AX05,N06AX05,N06AX05 - Trazodona,N06AX05 - Trazodona
3838,N06AX06,N06AX06,N06AX06 - Nefazodona,N06AX06 - Nefazodona
3839,N06AX07,N06AX07,N06AX07 - Minaprina,N06AX07 - Minaprina
3840,N06AX08,N06AX08,N06AX08 - Bifemelano,N06AX08 - Bifemelano
3841,N06AX09,N06AX09,N06AX09 - Viloxazina,N06AX09 - Viloxazina
3842,N06AX10,N06AX10,N06AX10 - Oxaflozano,N06AX10 - Oxaflozano
3843,N06AX11,N06AX11,N06AX11 - Mirtazapina,N06AX11 - Mirtazapina
3844,N06AX13,N06AX13,N06AX13 - Medifoxamina,N06AX13 - Medifoxamina
3845,N06AX14,N06AX14,N06AX14 - Tianeptina,N06AX14 - Tianeptina
3846,N06AX15,N06AX15,N06AX15 - Pivagabina,N06AX15 - Pivagabina
3847,N06AX16,N06AX16,N06AX16 - Venlafaxina,N06AX16 - Venlafaxina
3848,N06AX17,N06AX17,N06AX17 - Milnaciprán,N06AX17 - Milnaciprán
3849,N06AX18,N06AX18,N06AX18 - Reboxetina,N06AX18 - Reboxetina
3850,N06B,N06B,"N06B - PSICOESTIMULANTES, AGENTES UTILIZADOS PARA LA ADHD Y NOOTRÓPICOS","N06B - PSICOESTIMULANTES, AGENTES UTILIZADOS PARA LA ADHD Y NOOTRÓPICOS"
3851,N06BA,N06BA,N06BA - Agentes simpaticomiméticos de acción central,N06BA - Agentes simpaticomiméticos de acción central
3852,N06BA01,N06BA01,N06BA01 - Anfetamina,N06BA01 - Anfetamina
3853,N06BA02,N06BA02,N06BA02 - Dexanfetamina,N06BA02 - Dexanfetamina
3854,N06BA03,N06BA03,N06BA03 - Metanfetamina,N06BA03 - Metanfetamina
3855,N06BA04,N06BA04,N06BA04 - Metilfenidato,N06BA04 - Metilfenidato
3856,N06BA05,N06BA05,N06BA05 - Pemolina,N06BA05 - Pemolina
3857,N06BA06,N06BA06,N06BA06 - Fencanfamina,N06BA06 - Fencanfamina
3858,N06BA07,N06BA07,N06BA07 - Modafinilo,N06BA07 - Modafinilo
3859,N06BA08,N06BA08,N06BA08 - Fenozolona,N06BA08 - Fenozolona
3860,N06BC,N06BC,N06BC - Derivados de la xantina,N06BC - Derivados de la xantina
3861,N06BC01,N06BC01,N06BC01 - Cafeína,N06BC01 - Cafeína
3862,N06BC02,N06BC02,N06BC02 - Propentofilina,N06BC02 - Propentofilina
3863,N06BX,N06BX,N06BX - Otros psicoestimulantes y nootrópicos,N06BX - Otros psicoestimulantes y nootrópicos
3864,N06BX01,N06BX01,N06BX01 - Meclofenoxato,N06BX01 - Meclofenoxato
3865,N06BX02,N06BX02,N06BX02 - Piritinol,N06BX02 - Piritinol
3866,N06BX03,N06BX03,N06BX03 - Piracetam,N06BX03 - Piracetam
3867,N06BX04,N06BX04,N06BX04 - Deanol,N06BX04 - Deanol
3868,N06BX05,N06BX05,N06BX05 - Fipexida,N06BX05 - Fipexida
3869,N06BX06,N06BX06,N06BX06 - Citicolina,N06BX06 - Citicolina
3870,N06BX07,N06BX07,N06BX07 - Oxiracetam,N06BX07 - Oxiracetam
3871,N06BX08,N06BX08,N06BX08 - Pirisudanol,N06BX08 - Pirisudanol
3872,N06BX09,N06BX09,N06BX09 - Linopirdina,N06BX09 - Linopirdina
3873,N06BX10,N06BX10,N06BX10 - Nizofenona,N06BX10 - Nizofenona
3874,N06BX11,N06BX11,N06BX11 - Aniracetam,N06BX11 - Aniracetam
3875,N06BX12,N06BX12,N06BX12 - Acetilcarnitina,N06BX12 - Acetilcarnitina
3876,N06BX13,N06BX13,N06BX13 - Idebenona,N06BX13 - Idebenona
3877,N06BX14,N06BX14,N06BX14 - Prolintano,N06BX14 - Prolintano
3878,N06BX15,N06BX15,N06BX15 - Pipradrol,N06BX15 - Pipradrol
3879,N06BX16,N06BX16,N06BX16 - Pramiracetam,N06BX16 - Pramiracetam
3880,N06BX17,N06BX17,N06BX17 - Adrafinilo,N06BX17 - Adrafinilo
3881,N06BX18,N06BX18,N06BX18 - Vinpocetina,N06BX18 - Vinpocetina
3882,N06C,N06C,N06C - PSICOLÉPTICOS Y PSICOANALÉPTICOS EN COMBINACIÓN,N06C - PSICOLÉPTICOS Y PSICOANALÉPTICOS EN COMBINACIÓN
3883,N06CA,N06CA,N06CA - Antidepresivos en combinación con psicolépticos,N06CA - Antidepresivos en combinación con psicolépticos
3884,N06CA01,N06CA01,N06CA01 - Amitriptilina y psicolépticos,N06CA01 - Amitriptilina y psicolépticos
3885,N06CA02,N06CA02,N06CA02 - Melitraceno y psicolépticos,N06CA02 - Melitraceno y psicolépticos
3886,N06CB,N06CB,N06CB - Psicoestimulantes en combinación con psicolépticos,N06CB - Psicoestimulantes en combinación con psicolépticos
3887,N06D,N06D,N06D - FÁRMACOS ANTI-DEMENCIA,N06D - FÁRMACOS ANTI-DEMENCIA
3888,N06DA,N06DA,N06DA - Anticolinesterasas,N06DA - Anticolinesterasas
3889,N06DA01,N06DA01,N06DA01 - Tacrina,N06DA01 - Tacrina
3890,N06DA02,N06DA02,N06DA02 - Donepezilo,N06DA02 - Donepezilo
3891,N06DA03,N06DA03,N06DA03 - Rivastigmina,N06DA03 - Rivastigmina
3892,N06DA04,N06DA04,N06DA04 - Galantamina,N06DA04 - Galantamina
3893,N06DX,N06DX,N06DX - Otros fármacos anti-demencia,N06DX - Otros fármacos anti-demencia
3894,N06DX01,N06DX01,N06DX01 - Memantina,N06DX01 - Memantina
3895,N06DX02,N06DX02,N06DX02 - Ginkgo folium,N06DX02 - Ginkgo folium
3896,N07,N07,N07 - OTROS FÁRMACOS QUE ACTÚAN SOBRE EL SISTEMA NERVIOSO,N07 - OTROS FÁRMACOS QUE ACTÚAN SOBRE EL SISTEMA NERVIOSO
3897,N07A,N07A,N07A - PARASIMPATICOMIMÉTICOS,N07A - PARASIMPATICOMIMÉTICOS
3898,N07AA,N07AA,N07AA - Inhibidores de la acetilcolinesterasa,N07AA - Inhibidores de la acetilcolinesterasa
3899,N07AA01,N07AA01,N07AA01 - Neostigmina,N07AA01 - Neostigmina
3900,N07AA02,N07AA02,N07AA02 - Piridostigmina,N07AA02 - Piridostigmina
3901,N07AA03,N07AA03,N07AA03 - Distigmina,N07AA03 - Distigmina
3902,N07AA30,N07AA30,"N07AA30 - Ambenonio, cloruro de","N07AA30 - Ambenonio, cloruro de"
3903,N07AA51,N07AA51,"N07AA51 - Neostigmina, combinaciones con","N07AA51 - Neostigmina, combinaciones con"
3904,N07AB,N07AB,N07AB - Ésteres de la colina,N07AB - Ésteres de la colina
3905,N07AB01,N07AB01,N07AB01 - Carbacol,N07AB01 - Carbacol
3906,N07AB02,N07AB02,N07AB02 - Betanecol,N07AB02 - Betanecol
3907,N07AX,N07AX,N07AX - Otros parasimpaticomiméticos,N07AX - Otros parasimpaticomiméticos
3908,N07AX01,N07AX01,N07AX01 - Pilocarpina,N07AX01 - Pilocarpina
3909,N07AX02,N07AX02,"N07AX02 - Colina, alfoscerato de","N07AX02 - Colina, alfoscerato de"
3910,N07B,N07B,N07B - FÁRMACOS USADOS EN DESÓRDENES ADICTIVOS,N07B - FÁRMACOS USADOS EN DESÓRDENES ADICTIVOS
3911,N07BA,N07BA,N07BA - Fármacos usados en la dependencia a nicotina,N07BA - Fármacos usados en la dependencia a nicotina
3912,N07BA01,N07BA01,N07BA01 - Nicotina,N07BA01 - Nicotina
3913,N07BA02,N07BA02,N07BA02 - Bupropion,N07BA02 - Bupropion
3914,N07BB,N07BB,N07BB - Fármacos usados en la dependencia al alcohol,N07BB - Fármacos usados en la dependencia al alcohol
3915,N07BB01,N07BB01,N07BB01 - Disulfiram,N07BB01 - Disulfiram
3916,N07BB02,N07BB02,N07BB02 - Carbimida cálcica,N07BB02 - Carbimida cálcica
3917,N07BB03,N07BB03,N07BB03 - Acamprosato,N07BB03 - Acamprosato
3918,N07BB04,N07BB04,N07BB04 - Naltrexona,N07BB04 - Naltrexona
3919,N07BC,N07BC,N07BC - Fármacos usados en la dependencia a opioides,N07BC - Fármacos usados en la dependencia a opioides
3920,N07BC01,N07BC01,N07BC01 - Buprenorfina,N07BC01 - Buprenorfina
3921,N07BC02,N07BC02,N07BC02 - Metadona,N07BC02 - Metadona
3922,N07BC03,N07BC03,N07BC03 - Levacetilmetadol,N07BC03 - Levacetilmetadol
3923,N07C,N07C,N07C - PREPARADOS CONTRA EL VÉRTIGO,N07C - PREPARADOS CONTRA EL VÉRTIGO
3924,N07CA,N07CA,N07CA - Preparados contra el vértigo,N07CA - Preparados contra el vértigo
3925,N07CA01,N07CA01,N07CA01 - Betahistina,N07CA01 - Betahistina
3926,N07CA02,N07CA02,N07CA02 - Cinarizina,N07CA02 - Cinarizina
3927,N07CA03,N07CA03,N07CA03 - Flunarizina,N07CA03 - Flunarizina
3928,N07CA04,N07CA04,N07CA04 - Acetileucina,N07CA04 - Acetileucina
3929,N07CA52,N07CA52,"N07CA52 - Cinarizina, combinaciones con","N07CA52 - Cinarizina, combinaciones con"
3930,N07X,N07X,N07X - OTROS FÁRMACOS QUE ACTÚAN SOBRE EL SISTEMA NERVIOSO,N07X - OTROS FÁRMACOS QUE ACTÚAN SOBRE EL SISTEMA NERVIOSO
3931,N07XA,N07XA,N07XA - Gangliósidos y derivados de gangliósidos,N07XA - Gangliósidos y derivados de gangliósidos
3932,N07XX,N07XX,N07XX - Otros fármacos que actúan sobre el sistema nervioso,N07XX - Otros fármacos que actúan sobre el sistema nervioso
3933,N07XX01,N07XX01,N07XX01 - Tirilazad,N07XX01 - Tirilazad
3934,N07XX02,N07XX02,N07XX02 - Riluzol,N07XX02 - Riluzol
3935,P,P,"P - PRODUCTOS ANTIPARASITARIOS, INSECTICIDAS Y REPELENTES","P - PRODUCTOS ANTIPARASITARIOS, INSECTICIDAS Y REPELENTES"
3936,P01,P01,P01 - ANTIPROTOZOARIOS,P01 - ANTIPROTOZOARIOS
3937,P01A,P01A,P01A - AGENTES CONTRA LA AMEBIASIS Y OTRAS ENFERMEDADES POR PROTOZOARIOS,P01A - AGENTES CONTRA LA AMEBIASIS Y OTRAS ENFERMEDADES POR PROTOZOARIOS
3938,P01AA,P01AA,P01AA - Derivados de la hidroxiquinolina,P01AA - Derivados de la hidroxiquinolina
3939,A06AX03,A06AX03,A06AX03 - Lubiprostona,A06AX03 - Lubiprostona
3940,P01AA02,P01AA02,P01AA02 - Clioquinol,P01AA02 - Clioquinol
3941,P01AA04,P01AA04,P01AA04 - Clorquinaldol,P01AA04 - Clorquinaldol
3942,P01AA05,P01AA05,P01AA05 - Tilbroquinol,P01AA05 - Tilbroquinol
3943,P01AA52,P01AA52,"P01AA52 - Clioquinol, combinaciones con","P01AA52 - Clioquinol, combinaciones con"
3944,P01AB,P01AB,P01AB - Derivados del nitroimidazol,P01AB - Derivados del nitroimidazol
3945,P01AB01,P01AB01,P01AB01 - Metronidazol,P01AB01 - Metronidazol
3946,P01AB02,P01AB02,P01AB02 - Tinidazol,P01AB02 - Tinidazol
3947,P01AB03,P01AB03,P01AB03 - Ornidazol,P01AB03 - Ornidazol
3948,P01AB04,P01AB04,P01AB04 - Azanidazol,P01AB04 - Azanidazol
3949,P01AB05,P01AB05,P01AB05 - Propenidazol,P01AB05 - Propenidazol
3950,P01AB06,P01AB06,P01AB06 - Nimorazol,P01AB06 - Nimorazol
3951,P01AB07,P01AB07,P01AB07 - Secnidazol,P01AB07 - Secnidazol
3952,P01AC,P01AC,P01AC - Derivados de la dicloroacetamida,P01AC - Derivados de la dicloroacetamida
3953,P01AC01,P01AC01,P01AC01 - Diloxanida,P01AC01 - Diloxanida
3954,P01AC02,P01AC02,P01AC02 - Clefamida,P01AC02 - Clefamida
3955,P01AC03,P01AC03,P01AC03 - Etofamida,P01AC03 - Etofamida
3956,P01AC04,P01AC04,P01AC04 - Teclozán,P01AC04 - Teclozán
3957,P01AR,P01AR,P01AR - Compuestos del arsénico,P01AR - Compuestos del arsénico
3958,P01AR01,P01AR01,P01AR01 - Arstinol,P01AR01 - Arstinol
3959,P01AR02,P01AR02,P01AR02 - Difetarsona,P01AR02 - Difetarsona
3960,P01AR03,P01AR03,P01AR03 - Glicobiarsol,P01AR03 - Glicobiarsol
3961,P01AR53,P01AR53,"P01AR53 - Glicobiarsol, combinaciones con","P01AR53 - Glicobiarsol, combinaciones con"
3962,P01AX,P01AX,P01AX - Otros agentes contra la amebiasis y otras enfermedades por protozoarios,P01AX - Otros agentes contra la amebiasis y otras enfermedades por protozoarios
3963,P01AX01,P01AX01,P01AX01 - Quiniofón,P01AX01 - Quiniofón
3964,P01AX02,P01AX02,P01AX02 - Emetina,P01AX02 - Emetina
3965,P01AX04,P01AX04,P01AX04 - Fanquinona,P01AX04 - Fanquinona
3966,P01AX05,P01AX05,P01AX05 - Mepacrina,P01AX05 - Mepacrina
3967,P01AX06,P01AX06,P01AX06 - Atovacuona,P01AX06 - Atovacuona
3968,P01AX07,P01AX07,P01AX07 - Trimetrexato,P01AX07 - Trimetrexato
3969,P01AX08,P01AX08,P01AX08 - Tenonitrozol,P01AX08 - Tenonitrozol
3970,P01AX09,P01AX09,P01AX09 - Dihidroemetina,P01AX09 - Dihidroemetina
3971,P01AX52,P01AX52,"P01AX52 - Emetina, combinaciones con","P01AX52 - Emetina, combinaciones con"
3972,P01B,P01B,P01B - ANTIPALÚDICOS,P01B - ANTIPALÚDICOS
3973,P01BA,P01BA,P01BA - Aminoquinolinas,P01BA - Aminoquinolinas
3974,P01BA01,P01BA01,P01BA01 - Cloroquina,P01BA01 - Cloroquina
3975,P01BA02,P01BA02,P01BA02 - Hidroxicloroquina,P01BA02 - Hidroxicloroquina
3976,P01BA03,P01BA03,P01BA03 - Primaquina,P01BA03 - Primaquina
3977,P01BA06,P01BA06,P01BA06 - Amodiaquina,P01BA06 - Amodiaquina
3978,P01BB,P01BB,P01BB - Biguanidas,P01BB - Biguanidas
3979,P01BB01,P01BB01,P01BB01 - Proguanil,P01BB01 - Proguanil
3980,P01BB02,P01BB02,P01BB02 - Cicloguanil embonato,P01BB02 - Cicloguanil embonato
3981,P01BB51,P01BB51,P01BB51 - Proguanil y atovacuona,P01BB51 - Proguanil y atovacuona
3982,P01BC,P01BC,P01BC - Metanolquinolinas,P01BC - Metanolquinolinas
3983,P01BC01,P01BC01,P01BC01 - Quinina,P01BC01 - Quinina
3984,P01BC02,P01BC02,P01BC02 - Mefloquina,P01BC02 - Mefloquina
3985,P01BD,P01BD,P01BD - Diaminopirimidinas,P01BD - Diaminopirimidinas
3986,P01BD01,P01BD01,P01BD01 - Pirimetamina,P01BD01 - Pirimetamina
3987,P01BD51,P01BD51,"P01BD51 - Pirimetamina, combinaciones con","P01BD51 - Pirimetamina, combinaciones con"
3988,P01BE,P01BE,"P01BE - Artemisinina y derivados, monofármacos","P01BE - Artemisinina y derivados, monofármacos"
3989,P01BE01,P01BE01,P01BE01 - Artemisinina,P01BE01 - Artemisinina
3990,P01BE02,P01BE02,P01BE02 - Artemetero,P01BE02 - Artemetero
3991,P01BE03,P01BE03,P01BE03 - Artesunato,P01BE03 - Artesunato
3992,P01BE04,P01BE04,P01BE04 - Artemotilo,P01BE04 - Artemotilo
3993,P01BE05,P01BE05,P01BE05 - Artenimol,P01BE05 - Artenimol
3994,P01BE52,P01BE52,"P01BE52 - Artemetero, combinaciones","P01BE52 - Artemetero, combinaciones"
3995,P01BX,P01BX,P01BX - Otros antipalúdicos,P01BX - Otros antipalúdicos
3996,P01BX01,P01BX01,P01BX01 - Halofantrina,P01BX01 - Halofantrina
3997,P01C,P01C,P01C - AGENTES CONTRA LA LEISHMANIASIS Y OTRAS TRIPANOSOMIASIS,P01C - AGENTES CONTRA LA LEISHMANIASIS Y OTRAS TRIPANOSOMIASIS
3998,P01CA,P01CA,P01CA - Derivados del nitroimidazol,P01CA - Derivados del nitroimidazol
3999,P01CA02,P01CA02,P01CA02 - Benznidazol,P01CA02 - Benznidazol
4000,P01CB,P01CB,P01CB - Compuestos antimoniales,P01CB - Compuestos antimoniales
4001,P01CB01,P01CB01,"P01CB01 - Meglumina, antimoniato de","P01CB01 - Meglumina, antimoniato de"
4002,P01CB02,P01CB02,P01CB02 - Estibogluconato de sodio,P01CB02 - Estibogluconato de sodio
4003,P01CC,P01CC,P01CC - Derivados del nitrofurano,P01CC - Derivados del nitrofurano
4004,P01CC01,P01CC01,P01CC01 - Nifurtimox,P01CC01 - Nifurtimox
4005,P01CC02,P01CC02,P01CC02 - Nitrofural,P01CC02 - Nitrofural
4006,P01CD,P01CD,P01CD - Compuestos del arsénico,P01CD - Compuestos del arsénico
4007,P01CD01,P01CD01,P01CD01 - Melarsoprol,P01CD01 - Melarsoprol
4008,P01CD02,P01CD02,P01CD02 - Acetarsol,P01CD02 - Acetarsol
4009,P01CX,P01CX,P01CX - Otros agentes contra la leishmaniasis y tripanosomiasis,P01CX - Otros agentes contra la leishmaniasis y tripanosomiasis
4010,P01CX01,P01CX01,"P01CX01 - Pentamidina, isetionanto de","P01CX01 - Pentamidina, isetionanto de"
4011,P01CX02,P01CX02,P01CX02 - Suramina sódica,P01CX02 - Suramina sódica
4012,P01CX03,P01CX03,P01CX03 - Eflornitina,P01CX03 - Eflornitina
4013,P02,P02,P02 - ANTIHELMÍNTICOS,P02 - ANTIHELMÍNTICOS
4014,P02B,P02B,P02B - ANTITREMATODOS,P02B - ANTITREMATODOS
4015,P02BA,P02BA,P02BA - Derivados de la quinolina y sustancias relacionadas,P02BA - Derivados de la quinolina y sustancias relacionadas
4016,P02BA01,P02BA01,P02BA01 - Prazicuantel,P02BA01 - Prazicuantel
4017,P02BA02,P02BA02,P02BA02 - Oxamniquina,P02BA02 - Oxamniquina
4018,P02BB,P02BB,P02BB - Compuestos organofosforados,P02BB - Compuestos organofosforados
4019,P02BB01,P02BB01,P02BB01 - Metrifonato,P02BB01 - Metrifonato
4020,P02BX,P02BX,P02BX - Otros agentes antitrematodos,P02BX - Otros agentes antitrematodos
4021,P02BX01,P02BX01,P02BX01 - Bitionol,P02BX01 - Bitionol
4022,P02BX02,P02BX02,P02BX02 - Niridazol,P02BX02 - Niridazol
4023,P02BX03,P02BX03,P02BX03 - Estibofeno,P02BX03 - Estibofeno
4024,P02C,P02C,P02C - ANTINEMATODOS,P02C - ANTINEMATODOS
4025,P02CA,P02CA,P02CA - Derivados del benzimidazol,P02CA - Derivados del benzimidazol
4026,P02CA01,P02CA01,P02CA01 - Mebendazol,P02CA01 - Mebendazol
4027,P02CA02,P02CA02,P02CA02 - Tiabendazol,P02CA02 - Tiabendazol
4028,P02CA03,P02CA03,P02CA03 - Albendazol,P02CA03 - Albendazol
4029,P02CA04,P02CA04,P02CA04 - Ciclobendazol,P02CA04 - Ciclobendazol
4030,P02CA05,P02CA05,P02CA05 - Flubendazol,P02CA05 - Flubendazol
4031,P02CA06,P02CA06,P02CA06 - Fenbendazol,P02CA06 - Fenbendazol
4032,P02CA51,P02CA51,"P02CA51 - Mebendazol, combinaciones con","P02CA51 - Mebendazol, combinaciones con"
4033,P02CB,P02CB,P02CB - Piperazina y derivados,P02CB - Piperazina y derivados
4034,P02CB01,P02CB01,P02CB01 - Piperazina,P02CB01 - Piperazina
4035,P02CB02,P02CB02,P02CB02 - Dietilcarbamazina,P02CB02 - Dietilcarbamazina
4036,P02CC,P02CC,P02CC - Derivados de la tetrahidropirimidina,P02CC - Derivados de la tetrahidropirimidina
4037,P02CC01,P02CC01,P02CC01 - Pirantel,P02CC01 - Pirantel
4038,P02CC02,P02CC02,P02CC02 - Oxantel,P02CC02 - Oxantel
4039,P02CE,P02CE,P02CE - Derivados del imidazotiazol,P02CE - Derivados del imidazotiazol
4040,P02CE01,P02CE01,P02CE01 - Levamisol,P02CE01 - Levamisol
4041,P02CF,P02CF,P02CF - Avermectinas,P02CF - Avermectinas
4042,P02CF01,P02CF01,P02CF01 - Ivermectina,P02CF01 - Ivermectina
4043,P02CX,P02CX,P02CX - Otros antinematodos,P02CX - Otros antinematodos
4044,P02CX01,P02CX01,"P02CX01 - Pirvinio, cloruro de","P02CX01 - Pirvinio, cloruro de"
4045,P02CX02,P02CX02,"P02CX02 - Befenio, hidroxinaftoato de","P02CX02 - Befenio, hidroxinaftoato de"
4046,P02D,P02D,P02D - ANTICESTODOS,P02D - ANTICESTODOS
4047,P02DA,P02DA,P02DA - Derivados del ácido salicílico,P02DA - Derivados del ácido salicílico
4048,P02DA01,P02DA01,P02DA01 - Niclosamida,P02DA01 - Niclosamida
4049,P02DX,P02DX,P02DX - Otros anticestodos,P02DX - Otros anticestodos
4050,P02DX01,P02DX01,P02DX01 - Desaspidina,P02DX01 - Desaspidina
4051,P02DX02,P02DX02,P02DX02 - Diclorofeno,P02DX02 - Diclorofeno
4052,P03,P03,"P03 - ECTOPARASITICIDAS, INCLUYENDO ESCABICIDAS, INSECTICIDAS Y REPELENTES","P03 - ECTOPARASITICIDAS, INCLUYENDO ESCABICIDAS, INSECTICIDAS Y REPELENTES"
4053,P03A,P03A,"P03A - ECTOPARASITICIDAS, INCLUYENDO ESCABICIDAS","P03A - ECTOPARASITICIDAS, INCLUYENDO ESCABICIDAS"
4054,P03AA,P03AA,P03AA - Productos que contienen azufre,P03AA - Productos que contienen azufre
4055,P03AA01,P03AA01,P03AA01 - Dixantogeno,P03AA01 - Dixantogeno
4056,P03AA02,P03AA02,P03AA02 - Polisulfato de potasio,P03AA02 - Polisulfato de potasio
4057,P03AA03,P03AA03,P03AA03 - Mesulfeno,P03AA03 - Mesulfeno
4058,P03AA04,P03AA04,P03AA04 - Disulfiram,P03AA04 - Disulfiram
4059,P03AA05,P03AA05,P03AA05 - Tiram,P03AA05 - Tiram
4060,P03AA54,P03AA54,"P03AA54 - Disulfiram, combinaciones con","P03AA54 - Disulfiram, combinaciones con"
4061,P03AB,P03AB,P03AB - Productos que contienen cloro,P03AB - Productos que contienen cloro
4062,P03AB01,P03AB01,P03AB01 - Clofenotano,P03AB01 - Clofenotano
4063,P03AB02,P03AB02,P03AB02 - Lindano,P03AB02 - Lindano
4064,P03AB51,P03AB51,"P03AB51 - Clofenotano, combinaciones con","P03AB51 - Clofenotano, combinaciones con"
4065,P03AC,P03AC,"P03AC - Piretrinas, incluyendo compuestos sintéticos","P03AC - Piretrinas, incluyendo compuestos sintéticos"
4066,P03AC01,P03AC01,P03AC01 - Piretro,P03AC01 - Piretro
4067,P03AC02,P03AC02,P03AC02 - Bioaletrina,P03AC02 - Bioaletrina
4068,P03AC03,P03AC03,P03AC03 - Fenotrina,P03AC03 - Fenotrina
4069,P03AC04,P03AC04,P03AC04 - Permetrina,P03AC04 - Permetrina
4070,P03AC51,P03AC51,"P03AC51 - Piretro, combinaciones con","P03AC51 - Piretro, combinaciones con"
4071,P03AC52,P03AC52,"P03AC52 - Bioaletrina, combinaciones con","P03AC52 - Bioaletrina, combinaciones con"
4072,P03AC53,P03AC53,"P03AC53 - Fenotrina, combinaciones con","P03AC53 - Fenotrina, combinaciones con"
4073,P03AC54,P03AC54,"P03AC54 - Permetrina, combinaciones con","P03AC54 - Permetrina, combinaciones con"
4074,P03AX,P03AX,"P03AX - Otros ectoparasiticidas, incluyendo escabicidas","P03AX - Otros ectoparasiticidas, incluyendo escabicidas"
4075,P03AX01,P03AX01,P03AX01 - Benzoato de bencilo,P03AX01 - Benzoato de bencilo
4076,P03AX02,P03AX02,P03AX02 - Oleinato de cobre,P03AX02 - Oleinato de cobre
4077,P03AX03,P03AX03,P03AX03 - Malatión,P03AX03 - Malatión
4078,P03AX04,P03AX04,P03AX04 - Cuasia,P03AX04 - Cuasia
4079,P03B,P03B,P03B - INSECTICIDAS Y REPELENTES,P03B - INSECTICIDAS Y REPELENTES
4080,P03BA,P03BA,P03BA - Piretrinas,P03BA - Piretrinas
4081,P03BA01,P03BA01,P03BA01 - Ciflutrina,P03BA01 - Ciflutrina
4082,P03BA02,P03BA02,P03BA02 - Cipermetrina,P03BA02 - Cipermetrina
4083,P03BA03,P03BA03,P03BA03 - Decametrina,P03BA03 - Decametrina
4084,P03BA04,P03BA04,P03BA04 - Tetrametrina,P03BA04 - Tetrametrina
4085,P03BX,P03BX,P03BX - Otros insecticidas y repelentes,P03BX - Otros insecticidas y repelentes
4086,P03BX01,P03BX01,P03BX01 - Dietiltoluamida,P03BX01 - Dietiltoluamida
4087,P03BX02,P03BX02,P03BX02 - Ftalato de dimetilo,P03BX02 - Ftalato de dimetilo
4088,P03BX03,P03BX03,P03BX03 - Ftalato de dibutilo,P03BX03 - Ftalato de dibutilo
4089,P03BX04,P03BX04,P03BX04 - Succinato de dibutilo,P03BX04 - Succinato de dibutilo
4090,P03BX05,P03BX05,P03BX05 - Dimetilcarbato de dietilo,P03BX05 - Dimetilcarbato de dietilo
4091,P03BX06,P03BX06,P03BX06 - Etohexadiol,P03BX06 - Etohexadiol
4092,R,R,R - SISTEMA RESPIRATORIO,R - SISTEMA RESPIRATORIO
4093,R01,R01,R01 - PREPARADOS DE USO NASAL,R01 - PREPARADOS DE USO NASAL
4094,R01A,R01A,R01A - DESCONGESTIVOS Y OTROS PREPARADOS NASALES PARA USO TÓPICO,R01A - DESCONGESTIVOS Y OTROS PREPARADOS NASALES PARA USO TÓPICO
4095,R01AA,R01AA,"R01AA - Simpaticomiméticos, monofármacos","R01AA - Simpaticomiméticos, monofármacos"
4096,R01AA02,R01AA02,R01AA02 - Ciclopentamina,R01AA02 - Ciclopentamina
4097,R01AA03,R01AA03,R01AA03 - Efedrina,R01AA03 - Efedrina
4098,R01AA04,R01AA04,R01AA04 - Fenilefrina,R01AA04 - Fenilefrina
4099,R01AA05,R01AA05,R01AA05 - Oximetazolina,R01AA05 - Oximetazolina
4100,R01AA06,R01AA06,R01AA06 - Tetrizolina,R01AA06 - Tetrizolina
4101,R01AA07,R01AA07,R01AA07 - Xilometazolina,R01AA07 - Xilometazolina
4102,R01AA08,R01AA08,R01AA08 - Nafazolina,R01AA08 - Nafazolina
4103,R01AA09,R01AA09,R01AA09 - Tramazolina,R01AA09 - Tramazolina
4104,R01AA10,R01AA10,R01AA10 - Metizolina,R01AA10 - Metizolina
4105,R01AA11,R01AA11,R01AA11 - Tuaminoheptano,R01AA11 - Tuaminoheptano
4106,R01AA12,R01AA12,R01AA12 - Fenoxazolina,R01AA12 - Fenoxazolina
4107,R01AA13,R01AA13,R01AA13 - Timazolina,R01AA13 - Timazolina
4108,R01AA14,R01AA14,R01AA14 - Epinefrina,R01AA14 - Epinefrina
4109,R01AB,R01AB,"R01AB - Simpaticomiméticos, combinaciones excluyendo corticosteroides","R01AB - Simpaticomiméticos, combinaciones excluyendo corticosteroides"
4110,R01AB01,R01AB01,R01AB01 - Fenilefrina,R01AB01 - Fenilefrina
4111,R01AB02,R01AB02,R01AB02 - Nafazolina,R01AB02 - Nafazolina
4112,R01AB03,R01AB03,R01AB03 - Tetrizolina,R01AB03 - Tetrizolina
4113,R01AB05,R01AB05,R01AB05 - Efedrina,R01AB05 - Efedrina
4114,R01AB06,R01AB06,R01AB06 - Xilometazolina,R01AB06 - Xilometazolina
4115,R01AB07,R01AB07,R01AB07 - Oximetazolina,R01AB07 - Oximetazolina
4116,R01AB08,R01AB08,R01AB08 - Tuaminoheptano,R01AB08 - Tuaminoheptano
4117,R01AC,R01AC,"R01AC - Agentes antialérgicos, excluyendo corticosteroides","R01AC - Agentes antialérgicos, excluyendo corticosteroides"
4118,R01AC01,R01AC01,R01AC01 - Ácido cromoglícico,R01AC01 - Ácido cromoglícico
4119,R01AC02,R01AC02,R01AC02 - Levocabastina,R01AC02 - Levocabastina
4120,R01AC03,R01AC03,R01AC03 - Azelastina,R01AC03 - Azelastina
4121,R01AC04,R01AC04,R01AC04 - Antazolina,R01AC04 - Antazolina
4122,R01AC05,R01AC05,R01AC05 - Ácido espaglúmico,R01AC05 - Ácido espaglúmico
4123,R01AC06,R01AC06,R01AC06 - Tonzilamina,R01AC06 - Tonzilamina
4124,R01AC07,R01AC07,R01AC07 - NedocromilO,R01AC07 - NedocromilO
4125,R01AC51,R01AC51,"R01AC51 - Ácido cromoglícico, combinaciones con","R01AC51 - Ácido cromoglícico, combinaciones con"
4126,R01AD,R01AD,R01AD - Corticosteroides,R01AD - Corticosteroides
4127,R01AD01,R01AD01,R01AD01 - Beclometasona,R01AD01 - Beclometasona
4128,R01AD02,R01AD02,R01AD02 - Prednisolona,R01AD02 - Prednisolona
4129,R01AD03,R01AD03,R01AD03 - Dexametasona,R01AD03 - Dexametasona
4130,R01AD04,R01AD04,R01AD04 - Flunisolida,R01AD04 - Flunisolida
4131,R01AD05,R01AD05,R01AD05 - Budesonida,R01AD05 - Budesonida
4132,R01AD06,R01AD06,R01AD06 - Betametasona,R01AD06 - Betametasona
4133,R01AD07,R01AD07,R01AD07 - Tixocortol,R01AD07 - Tixocortol
4134,R01AD08,R01AD08,R01AD08 - Fluticasona,R01AD08 - Fluticasona
4135,R01AD09,R01AD09,R01AD09 - Mometasona,R01AD09 - Mometasona
4136,R01AD11,R01AD11,R01AD11 - Triamcinolona,R01AD11 - Triamcinolona
4137,R01AD52,R01AD52,"R01AD52 - Prednisolona, combinaciones con","R01AD52 - Prednisolona, combinaciones con"
4138,R01AD53,R01AD53,"R01AD53 - Dexametasona, combinaciones con","R01AD53 - Dexametasona, combinaciones con"
4139,R01AD57,R01AD57,"R01AD57 - Tixocortol, combinaciones con","R01AD57 - Tixocortol, combinaciones con"
4140,R01AD60,R01AD60,"R01AD60 - Hidrocortisona, combinaciones con","R01AD60 - Hidrocortisona, combinaciones con"
4141,R01AX,R01AX,R01AX - Otros preparados nasales,R01AX - Otros preparados nasales
4142,R01AX01,R01AX01,R01AX01 - Tiocianato de hexamida y calcio,R01AX01 - Tiocianato de hexamida y calcio
4143,R01AX02,R01AX02,R01AX02 - Retinol,R01AX02 - Retinol
4144,R01AX03,R01AX03,"R01AX03 - Ipratropio, bromuro de","R01AX03 - Ipratropio, bromuro de"
4145,R01AX05,R01AX05,R01AX05 - Ritiometán,R01AX05 - Ritiometán
4146,R01AX06,R01AX06,R01AX06 - Mupirocina,R01AX06 - Mupirocina
4147,R01AX07,R01AX07,R01AX07 - Hexamidina,R01AX07 - Hexamidina
4148,R01AX08,R01AX08,R01AX08 - Framicetina,R01AX08 - Framicetina
4149,R01AX10,R01AX10,R01AX10 - Varios,R01AX10 - Varios
4150,R01AX30,R01AX30,R01AX30 - Combinaciones,R01AX30 - Combinaciones
4151,R01B,R01B,R01B - DESCONGESTIVOS NASALES PARA USO SISTÉMICO,R01B - DESCONGESTIVOS NASALES PARA USO SISTÉMICO
4152,R01BA,R01BA,R01BA - Simpaticomiméticos,R01BA - Simpaticomiméticos
4153,R01BA01,R01BA01,R01BA01 - Fenilpropanolamina,R01BA01 - Fenilpropanolamina
4154,R01BA02,R01BA02,R01BA02 - Pseudoefedrina,R01BA02 - Pseudoefedrina
4155,R01BA03,R01BA03,R01BA03 - Fenilefrina,R01BA03 - Fenilefrina
4156,R01BA51,R01BA51,"R01BA51 - Fenilpropanolamina, combinaciones con","R01BA51 - Fenilpropanolamina, combinaciones con"
4157,R01BA52,R01BA52,"R01BA52 - Pseudoefedrina, combinaciones con","R01BA52 - Pseudoefedrina, combinaciones con"
4158,R01BA53,R01BA53,"R01BA53 - Fenilefrina, combinaciones con","R01BA53 - Fenilefrina, combinaciones con"
4159,R02,R02,R02 - PREPARADOS PARA LA GARGANTA,R02 - PREPARADOS PARA LA GARGANTA
4160,R02A,R02A,R02A - PREPARADOS PARA LA GARGANTA,R02A - PREPARADOS PARA LA GARGANTA
4161,R02AA,R02AA,R02AA - Antisépticos,R02AA - Antisépticos
4162,R02AA01,R02AA01,R02AA01 - Ambazona,R02AA01 - Ambazona
4163,R02AA02,R02AA02,"R02AA02 - Decualinio, cloruro de","R02AA02 - Decualinio, cloruro de"
4164,R02AA03,R02AA03,R02AA03 - Alcohol diclorobencílico,R02AA03 - Alcohol diclorobencílico
4165,R02AA05,R02AA05,R02AA05 - Clorhexidina,R02AA05 - Clorhexidina
4166,R02AA06,R02AA06,"R02AA06 - Cetilpiridinio, cloruro de","R02AA06 - Cetilpiridinio, cloruro de"
4167,R02AA09,R02AA09,"R02AA09 - Bencetonio, cloruro de","R02AA09 - Bencetonio, cloruro de"
4168,R02AA10,R02AA10,"R02AA10 - Benzalconio, miristilato de","R02AA10 - Benzalconio, miristilato de"
4169,R02AA11,R02AA11,R02AA11 - Clorquinaldol,R02AA11 - Clorquinaldol
4170,R02AA12,R02AA12,R02AA12 - Hexilresorcinol,R02AA12 - Hexilresorcinol
4171,R02AA13,R02AA13,"R02AA13 - Acriflavinio, cloruro de","R02AA13 - Acriflavinio, cloruro de"
4172,R02AA14,R02AA14,R02AA14 - Oxiquinolina,R02AA14 - Oxiquinolina
4173,R02AA15,R02AA15,R02AA15 - Povidona iodada,R02AA15 - Povidona iodada
4174,R02AA16,R02AA16,"R02AA16 - Benzalconio, cloruro de","R02AA16 - Benzalconio, cloruro de"
4175,R02AA17,R02AA17,"R02AA17 - Cetrimonio, bromuro de","R02AA17 - Cetrimonio, bromuro de"
4176,R02AA18,R02AA18,R02AA18 - Hexamidina,R02AA18 - Hexamidina
4177,R02AA19,R02AA19,R02AA19 - Fenol,R02AA19 - Fenol
4178,R02AA20,R02AA20,R02AA20 - Varios,R02AA20 - Varios
4179,R02AB,R02AB,R02AB - Antibióticos,R02AB - Antibióticos
4180,R02AB01,R02AB01,R02AB01 - Neomicina,R02AB01 - Neomicina
4181,R02AB02,R02AB02,R02AB02 - Tirotricina,R02AB02 - Tirotricina
4182,R02AB03,R02AB03,R02AB03 - Fusafungina,R02AB03 - Fusafungina
4183,R02AB04,R02AB04,R02AB04 - Bacitracina,R02AB04 - Bacitracina
4184,R02AB30,R02AB30,R02AB30 - Gramicidina,R02AB30 - Gramicidina
4185,R02AD,R02AD,R02AD - Anestésicos locales,R02AD - Anestésicos locales
4186,R02AD01,R02AD01,R02AD01 - Benzocaína,R02AD01 - Benzocaína
4187,R02AD02,R02AD02,R02AD02 - Lidocaína,R02AD02 - Lidocaína
4188,R02AD03,R02AD03,R02AD03 - Cocaína,R02AD03 - Cocaína
4189,R02AD04,R02AD04,R02AD04 - Diclonina,R02AD04 - Diclonina
4190,R03,R03,R03 - AGENTES CONTRA PADECIMIENTOS OBSTRUCTIVOS DE LAS VÍAS RESPIRATORIAS,R03 - AGENTES CONTRA PADECIMIENTOS OBSTRUCTIVOS DE LAS VÍAS RESPIRATORIAS
4191,R03A,R03A,"R03A - ADRENÉRGICOS, INHALATORIOS","R03A - ADRENÉRGICOS, INHALATORIOS"
4192,R03AA,R03AA,R03AA - Agonistas de receptores adrenérgicos alfa y beta,R03AA - Agonistas de receptores adrenérgicos alfa y beta
4193,R03AA01,R03AA01,R03AA01 - Epinefrina,R03AA01 - Epinefrina
4194,R03AB,R03AB,R03AB - Agonistas de receptores beta-adrenérgicos no selectivos,R03AB - Agonistas de receptores beta-adrenérgicos no selectivos
4195,R03AB02,R03AB02,R03AB02 - Isoprenalina,R03AB02 - Isoprenalina
4196,R03AB03,R03AB03,R03AB03 - Orciprenalina,R03AB03 - Orciprenalina
4197,R03AC,R03AC,R03AC - Agonistas selectivos de receptores beta-2 adrenérgicos,R03AC - Agonistas selectivos de receptores beta-2 adrenérgicos
4198,R03AC02,R03AC02,R03AC02 - Salbutamol,R03AC02 - Salbutamol
4199,R03AC03,R03AC03,R03AC03 - Terbutalina,R03AC03 - Terbutalina
4200,R03AC04,R03AC04,R03AC04 - Fenoterol,R03AC04 - Fenoterol
4201,R03AC05,R03AC05,R03AC05 - Rimiterol,R03AC05 - Rimiterol
4202,R03AC06,R03AC06,R03AC06 - Hexoprenalina,R03AC06 - Hexoprenalina
4203,R03AC07,R03AC07,R03AC07 - Isoetarina,R03AC07 - Isoetarina
4204,R03AC08,R03AC08,R03AC08 - Pirbuterol,R03AC08 - Pirbuterol
4205,R03AC09,R03AC09,R03AC09 - Tretoquinol,R03AC09 - Tretoquinol
4206,R03AC10,R03AC10,R03AC10 - Carbuterol,R03AC10 - Carbuterol
4207,R03AC11,R03AC11,R03AC11 - Tulobuterol,R03AC11 - Tulobuterol
4208,R03AC12,R03AC12,R03AC12 - Salmeterol,R03AC12 - Salmeterol
4209,R03AC13,R03AC13,R03AC13 - Formoterol,R03AC13 - Formoterol
4210,R03AC14,R03AC14,R03AC14 - Clenbuterol,R03AC14 - Clenbuterol
4211,R03AC15,R03AC15,R03AC15 - Reproterol,R03AC15 - Reproterol
4212,R03AC16,R03AC16,R03AC16 - Procaterol,R03AC16 - Procaterol
4213,R03AC17,R03AC17,R03AC17 - Bitolterol,R03AC17 - Bitolterol
4214,R03AH,R03AH,R03AH - Combinaciones de agentes adrenérgicos,R03AH - Combinaciones de agentes adrenérgicos
4215,R03AK,R03AK,"R03AK - Adrenergicos en combinacion con corticosteroides u otras agentes, excluyendo los anticolinergicos","R03AK - Adrenergicos en combinacion con corticosteroides u otras agentes, excluyendo los anticolinergicos"
4216,R03AK01,R03AK01,R03AK01 - Epinefrina y otros agentes contra padecimientos obstructivos de las vías respiratorias,R03AK01 - Epinefrina y otros agentes contra padecimientos obstructivos de las vías respiratorias
4217,R03AK02,R03AK02,R03AK02 - Isoprenalina y otros agentes contra padecimientos obstructivos de las vías respiratorias,R03AK02 - Isoprenalina y otros agentes contra padecimientos obstructivos de las vías respiratorias
4218,R03AK03,R03AK03,R03AK03 - Fenoterol y bromuro de ipratropio,R03AK03 - Fenoterol y bromuro de ipratropio
4219,R03AK04,R03AK04,R03AK04 - Salbutamol y cromoglicato de sodio,R03AK04 - Salbutamol y cromoglicato de sodio
4220,R03AK05,R03AK05,R03AK05 - Reproterol y cromoglicato de sodio,R03AK05 - Reproterol y cromoglicato de sodio
4221,R03AK06,R03AK06,R03AK06 - Salmeterol y fluticasona,R03AK06 - Salmeterol y fluticasona
4222,R03AK07,R03AK07,R03AK07 - Formoterol y budesonida,R03AK07 - Formoterol y budesonida
4223,R03B,R03B,"R03B - OTROS AGENTES CONTRA PADECIMIENTOS OBSTRUCTIVOS DE LAS VÍAS RESPIRATORIAS, INHALATORIOS","R03B - OTROS AGENTES CONTRA PADECIMIENTOS OBSTRUCTIVOS DE LAS VÍAS RESPIRATORIAS, INHALATORIOS"
4224,R03BA,R03BA,R03BA - Glucocortocoides,R03BA - Glucocortocoides
4225,R03BA01,R03BA01,R03BA01 - Beclometasona,R03BA01 - Beclometasona
4226,R03BA02,R03BA02,R03BA02 - Budesonida,R03BA02 - Budesonida
4227,R03BA03,R03BA03,R03BA03 - Flunisolida,R03BA03 - Flunisolida
4228,R03BA04,R03BA04,R03BA04 - Betametasona,R03BA04 - Betametasona
4229,R03BA05,R03BA05,R03BA05 - Fluticasona,R03BA05 - Fluticasona
4230,R03BA06,R03BA06,R03BA06 - Triamcinolona,R03BA06 - Triamcinolona
4231,R03BA07,R03BA07,R03BA07 - Mometasona,R03BA07 - Mometasona
4232,R03BB,R03BB,R03BB - Anticolinérgicos,R03BB - Anticolinérgicos
4233,R03BB01,R03BB01,"R03BB01 - Ipratropio, bromuro de","R03BB01 - Ipratropio, bromuro de"
4234,R03BB02,R03BB02,"R03BB02 - Oxitropio, bromuro de","R03BB02 - Oxitropio, bromuro de"
4235,R03BB03,R03BB03,"R03BB03 - Estramonio, preparados con","R03BB03 - Estramonio, preparados con"
4236,R03BB04,R03BB04,"R03BB04 - Tiotropio, bromuro de,","R03BB04 - Tiotropio, bromuro de,"
4237,R03BC,R03BC,"R03BC - Agentes antialérgicos, excluyendo corticosteroides","R03BC - Agentes antialérgicos, excluyendo corticosteroides"
4238,R03BC01,R03BC01,R03BC01 - Ácido cromoglícico,R03BC01 - Ácido cromoglícico
4239,R03BC03,R03BC03,R03BC03 - Nedocromilo,R03BC03 - Nedocromilo
4240,R03BX,R03BX,"R03BX - Otros agentes contra padecimientos obstructivos de las vías respiratorias, inhalatorios","R03BX - Otros agentes contra padecimientos obstructivos de las vías respiratorias, inhalatorios"
4241,R03BX01,R03BX01,R03BX01 - Fenspirida,R03BX01 - Fenspirida
4242,R03C,R03C,R03C - ADRENÉRGICOS PARA USO SISTÉMICO,R03C - ADRENÉRGICOS PARA USO SISTÉMICO
4243,R03CA,R03CA,R03CA - Agonistas de receptores adrenérgicos alfa y beta,R03CA - Agonistas de receptores adrenérgicos alfa y beta
4244,R03CA02,R03CA02,R03CA02 - Efedrina,R03CA02 - Efedrina
4245,R03CB,R03CB,R03CB - Agonistas de receptores beta-adrenérgicos no selectivos,R03CB - Agonistas de receptores beta-adrenérgicos no selectivos
4246,R03CB01,R03CB01,R03CB01 - Isoprenalina,R03CB01 - Isoprenalina
4247,R03CB02,R03CB02,R03CB02 - Metoxifenamina,R03CB02 - Metoxifenamina
4248,R03CB03,R03CB03,R03CB03 - Orciprenalina,R03CB03 - Orciprenalina
4249,R03CB51,R03CB51,"R03CB51 - Isoprenalina, combinaciones con","R03CB51 - Isoprenalina, combinaciones con"
4250,R03CB53,R03CB53,"R03CB53 - Orciprenalina, combinaciones con","R03CB53 - Orciprenalina, combinaciones con"
4251,R03CC,R03CC,R03CC - Agonistas selectivos de receptores beta-2 adrenérgicos,R03CC - Agonistas selectivos de receptores beta-2 adrenérgicos
4252,R03CC02,R03CC02,R03CC02 - Salbutamol,R03CC02 - Salbutamol
4253,R03CC03,R03CC03,R03CC03 - Terbutalina,R03CC03 - Terbutalina
4254,R03CC04,R03CC04,R03CC04 - Fenoterol,R03CC04 - Fenoterol
4255,R03CC05,R03CC05,R03CC05 - Hexoprenalina,R03CC05 - Hexoprenalina
4256,R03CC06,R03CC06,R03CC06 - Isoetarina,R03CC06 - Isoetarina
4257,R03CC07,R03CC07,R03CC07 - Pirbuterol,R03CC07 - Pirbuterol
4258,R03CC08,R03CC08,R03CC08 - Procaterol,R03CC08 - Procaterol
4259,R03CC09,R03CC09,R03CC09 - Tretoquinol,R03CC09 - Tretoquinol
4260,R03CC10,R03CC10,R03CC10 - Carbuterol,R03CC10 - Carbuterol
4261,R03CC11,R03CC11,R03CC11 - Tulobuterol,R03CC11 - Tulobuterol
4262,R03CC12,R03CC12,R03CC12 - Bambuterol,R03CC12 - Bambuterol
4263,R03CC13,R03CC13,R03CC13 - Clenbuterol,R03CC13 - Clenbuterol
4264,R03CC14,R03CC14,R03CC14 - Reproterol,R03CC14 - Reproterol
4265,R03CC53,R03CC53,"R03CC53 - Terbutalina, combinaciones con","R03CC53 - Terbutalina, combinaciones con"
4266,R03CK,R03CK,R03CK - Adrenérgicos y otros agentes contra padecimientos obstructivos de las vías respiratorias,R03CK - Adrenérgicos y otros agentes contra padecimientos obstructivos de las vías respiratorias
4267,R03D,R03D,R03D - OTROS AGENTES CONTRA PADECIMIENTOS OBSTRUCTIVOS DE LAS,R03D - OTROS AGENTES CONTRA PADECIMIENTOS OBSTRUCTIVOS DE LAS
4268,R03DA,R03DA,R03DA - Xantinas,R03DA - Xantinas
4269,R03DA01,R03DA01,R03DA01 - Diprofilina,R03DA01 - Diprofilina
4270,R03DA02,R03DA02,R03DA02 - Teofilinato de colina,R03DA02 - Teofilinato de colina
4271,R03DA03,R03DA03,R03DA03 - Proxifilina,R03DA03 - Proxifilina
4272,R03DA04,R03DA04,R03DA04 - Teofilina,R03DA04 - Teofilina
4273,R03DA05,R03DA05,R03DA05 - Aminofilina,R03DA05 - Aminofilina
4274,R03DA06,R03DA06,R03DA06 - Etamifilina,R03DA06 - Etamifilina
4275,R03DA07,R03DA07,R03DA07 - Teobromina,R03DA07 - Teobromina
4276,R03DA08,R03DA08,R03DA08 - Bamifilina,R03DA08 - Bamifilina
4277,R03DA09,R03DA09,R03DA09 - Acefilina piperazína,R03DA09 - Acefilina piperazína
4278,R03DA10,R03DA10,R03DA10 - Bufilina,R03DA10 - Bufilina
4279,R03DA11,R03DA11,R03DA11 - Doxofilina,R03DA11 - Doxofilina
4280,R03DA20,R03DA20,"R03DA20 - Xantinas, combinaciones de","R03DA20 - Xantinas, combinaciones de"
4281,R03DA51,R03DA51,"R03DA51 - Diprofilina, combinaciones con","R03DA51 - Diprofilina, combinaciones con"
4282,R03DA54,R03DA54,"R03DA54 - Teofilina, combinaciones con, excluyendo psicolépticos","R03DA54 - Teofilina, combinaciones con, excluyendo psicolépticos"
4283,R03DA55,R03DA55,"R03DA55 - Aminofilina, combinaciones con","R03DA55 - Aminofilina, combinaciones con"
4284,R03DA57,R03DA57,"R03DA57 - Teobromina, combinaciones con","R03DA57 - Teobromina, combinaciones con"
4285,R03DA74,R03DA74,"R03DA74 - Teofilina, combinaciones con psicolépticos","R03DA74 - Teofilina, combinaciones con psicolépticos"
4286,R03DB,R03DB,R03DB - Xantinas y adrenérgicos,R03DB - Xantinas y adrenérgicos
4287,R03DB01,R03DB01,R03DB01 - Diprofilina y adrenérgicos,R03DB01 - Diprofilina y adrenérgicos
4288,R03DB02,R03DB02,R03DB02 - Teofilinato de colina y adrenérgicos,R03DB02 - Teofilinato de colina y adrenérgicos
4289,R03DB03,R03DB03,R03DB03 - Proxifilina y adrenérgicos,R03DB03 - Proxifilina y adrenérgicos
4290,R03DB04,R03DB04,R03DB04 - Teofilina y adrenérgicos,R03DB04 - Teofilina y adrenérgicos
4291,R03DB05,R03DB05,R03DB05 - Aminofilina y adrenérgicos,R03DB05 - Aminofilina y adrenérgicos
4292,R03DB06,R03DB06,R03DB06 - Etamifilina y adrenérgicos,R03DB06 - Etamifilina y adrenérgicos
4293,R03DC,R03DC,R03DC - Antagonistas del receptor de leucotrienos,R03DC - Antagonistas del receptor de leucotrienos
4294,R03DC01,R03DC01,R03DC01 - Zafirlukast,R03DC01 - Zafirlukast
4295,R03DC02,R03DC02,R03DC02 - Pranlukast,R03DC02 - Pranlukast
4296,R03DC03,R03DC03,R03DC03 - Montelukast,R03DC03 - Montelukast
4297,R03DC04,R03DC04,R03DC04 - Ibudilast,R03DC04 - Ibudilast
4298,R03DX,R03DX,"R03DX - Otros agentes contra padecimientos obstructivos de las vias respiratorias, inhalatorios para uso sistemico","R03DX - Otros agentes contra padecimientos obstructivos de las vias respiratorias, inhalatorios para uso sistemico"
4299,R03DX01,R03DX01,R03DX01 - Amlexanoxo,R03DX01 - Amlexanoxo
4300,R03DX02,R03DX02,R03DX02 - Eprozinol,R03DX02 - Eprozinol
4301,R03DX03,R03DX03,R03DX03 - Fenspirida,R03DX03 - Fenspirida
4302,R03DX05,R03DX05,R03DX05 - Omalizumab,R03DX05 - Omalizumab
4303,R05,R05,R05 - PREPARADOS PARA LA TOS Y EL RESFRÍADO,R05 - PREPARADOS PARA LA TOS Y EL RESFRÍADO
4304,R05C,R05C,"R05C - EXPECTORANTES, EXCLUYENDO COMBINACIONES CON SUPRESORES DE LA TOS","R05C - EXPECTORANTES, EXCLUYENDO COMBINACIONES CON SUPRESORES DE LA TOS"
4305,R05CA,R05CA,R05CA - Expectorantes,R05CA - Expectorantes
4306,R05CA01,R05CA01,R05CA01 - Tiloxapol,R05CA01 - Tiloxapol
4307,R05CA02,R05CA02,R05CA02 - Ioduro de potasio,R05CA02 - Ioduro de potasio
4308,R05CA03,R05CA03,R05CA03 - Guaifenesina,R05CA03 - Guaifenesina
4309,R05CA04,R05CA04,R05CA04 - Ipecacuana,R05CA04 - Ipecacuana
4310,R05CA05,R05CA05,"R05CA05 - Altea, raíz de","R05CA05 - Altea, raíz de"
4311,R05CA06,R05CA06,R05CA06 - Poligala,R05CA06 - Poligala
4312,R05CA07,R05CA07,"R05CA07 - Antimonio, pentasulfito de","R05CA07 - Antimonio, pentasulfito de"
4313,R05CA08,R05CA08,R05CA08 - Creosota,R05CA08 - Creosota
4314,R05CA09,R05CA09,R05CA09 - Guayacolsulfonato,R05CA09 - Guayacolsulfonato
4315,R05CA10,R05CA10,R05CA10 - Combinaciones,R05CA10 - Combinaciones
4316,R05CA11,R05CA11,R05CA11 - Levoverbenona,R05CA11 - Levoverbenona
4317,R05CB,R05CB,R05CB - Mucolíticos,R05CB - Mucolíticos
4318,R05CB01,R05CB01,R05CB01 - Acetilcisteína,R05CB01 - Acetilcisteína
4319,R05CB02,R05CB02,R05CB02 - Bromhexina,R05CB02 - Bromhexina
4320,R05CB03,R05CB03,R05CB03 - Carbocisteína,R05CB03 - Carbocisteína
4321,R05CB04,R05CB04,R05CB04 - Eprazinona,R05CB04 - Eprazinona
4322,R05CB05,R05CB05,R05CB05 - Mesna,R05CB05 - Mesna
4323,R05CB06,R05CB06,R05CB06 - Ambroxol,R05CB06 - Ambroxol
4324,R05CB07,R05CB07,R05CB07 - Sobrerol,R05CB07 - Sobrerol
4325,R05CB08,R05CB08,R05CB08 - Domiodol,R05CB08 - Domiodol
4326,R05CB09,R05CB09,R05CB09 - Letosteína,R05CB09 - Letosteína
4327,R05CB10,R05CB10,R05CB10 - Combinaciones,R05CB10 - Combinaciones
4328,R05CB11,R05CB11,R05CB11 - Estepronina,R05CB11 - Estepronina
4329,G04BX16,G04BX16,G04BX16 - Tiopronina,G04BX16 - Tiopronina
4330,R05CB13,R05CB13,R05CB13 - Dornasa alfa (desoxirribonucleasa),R05CB13 - Dornasa alfa (desoxirribonucleasa)
4331,R05CB14,R05CB14,R05CB14 - Neltenexina,R05CB14 - Neltenexina
4332,R05CB15,R05CB15,R05CB15 - Erdosteína,R05CB15 - Erdosteína
4333,R05D,R05D,"R05D - SUPRESORES DE LA TOS, EXCLUYENDO COMBINACIONES CON EXPECTORANTES","R05D - SUPRESORES DE LA TOS, EXCLUYENDO COMBINACIONES CON EXPECTORANTES"
4334,R05DA,R05DA,R05DA - Alcaloides del opio y derivados,R05DA - Alcaloides del opio y derivados
4335,R05DA01,R05DA01,R05DA01 - Etilmorfina,R05DA01 - Etilmorfina
4336,R05DA03,R05DA03,R05DA03 - Hidrocodona,R05DA03 - Hidrocodona
4337,R05DA04,R05DA04,R05DA04 - Codeína,R05DA04 - Codeína
4338,R05DA05,R05DA05,"R05DA05 - Opio, alcaloides del, con morfina","R05DA05 - Opio, alcaloides del, con morfina"
4339,R05DA06,R05DA06,R05DA06 - Normetadona,R05DA06 - Normetadona
4340,R05DA07,R05DA07,R05DA07 - Noscapina,R05DA07 - Noscapina
4341,R05DA08,R05DA08,R05DA08 - Folcodina,R05DA08 - Folcodina
4342,R05DA09,R05DA09,R05DA09 - Dextrometorfano,R05DA09 - Dextrometorfano
4343,R05DA10,R05DA10,R05DA10 - Tebacón,R05DA10 - Tebacón
4344,R05DA11,R05DA11,R05DA11 - Dimemorfano,R05DA11 - Dimemorfano
4345,R05DA20,R05DA20,R05DA20 - Combinaciones,R05DA20 - Combinaciones
4346,R05DB,R05DB,R05DB - Otros supresores de la tos,R05DB - Otros supresores de la tos
4347,R05DB01,R05DB01,R05DB01 - Benzonatato,R05DB01 - Benzonatato
4348,R05DB02,R05DB02,R05DB02 - Benproperina,R05DB02 - Benproperina
4349,R05DB03,R05DB03,R05DB03 - Clobutinol,R05DB03 - Clobutinol
4350,R05DB04,R05DB04,R05DB04 - Isoaminilo,R05DB04 - Isoaminilo
4351,R05DB05,R05DB05,R05DB05 - Pentoxiverina,R05DB05 - Pentoxiverina
4352,R05DB07,R05DB07,R05DB07 - Oxolamina,R05DB07 - Oxolamina
4353,R05DB09,R05DB09,R05DB09 - Oxeladina,R05DB09 - Oxeladina
4354,R05DB10,R05DB10,R05DB10 - Clofedanol,R05DB10 - Clofedanol
4355,R05DB11,R05DB11,R05DB11 - Pipazetato,R05DB11 - Pipazetato
4356,R05DB12,R05DB12,"R05DB12 - Bibenzonio, bromuro de","R05DB12 - Bibenzonio, bromuro de"
4357,R05DB13,R05DB13,R05DB13 - Butamirato,R05DB13 - Butamirato
4358,R05DB14,R05DB14,R05DB14 - Fedrilato,R05DB14 - Fedrilato
4359,R05DB15,R05DB15,R05DB15 - Zipeprol,R05DB15 - Zipeprol
4360,R05DB16,R05DB16,R05DB16 - Dibunato,R05DB16 - Dibunato
4361,R05DB17,R05DB17,R05DB17 - Droxipropina,R05DB17 - Droxipropina
4362,R05DB18,R05DB18,R05DB18 - Prenoxdiazina,R05DB18 - Prenoxdiazina
4363,R05DB19,R05DB19,R05DB19 - Dropropizina,R05DB19 - Dropropizina
4364,R05DB20,R05DB20,R05DB20 - Combinaciones,R05DB20 - Combinaciones
4365,R05DB21,R05DB21,R05DB21 - Cloperastina,R05DB21 - Cloperastina
4366,R05DB22,R05DB22,R05DB22 - Meprotixol,R05DB22 - Meprotixol
4367,R05DB23,R05DB23,R05DB23 - Piperidiona,R05DB23 - Piperidiona
4368,R05DB24,R05DB24,R05DB24 - Tipepidina,R05DB24 - Tipepidina
4369,R05DB25,R05DB25,R05DB25 - Morclofona,R05DB25 - Morclofona
4370,R05DB26,R05DB26,R05DB26 - Nepinalona,R05DB26 - Nepinalona
4371,R05DB27,R05DB27,R05DB27 - Levodropropizina,R05DB27 - Levodropropizina
4372,R05F,R05F,R05F - COMBINACIONES DE SUPRESORES DE LA TOS Y EXPECTORANTES,R05F - COMBINACIONES DE SUPRESORES DE LA TOS Y EXPECTORANTES
4373,R05FA,R05FA,R05FA - Derivados del opio y expectorantes,R05FA - Derivados del opio y expectorantes
4374,R05FA01,R05FA01,R05FA01 - Derivados del opio y mucolíticos,R05FA01 - Derivados del opio y mucolíticos
4375,R05FA02,R05FA02,R05FA02 - Derivados del opio y expectorantes,R05FA02 - Derivados del opio y expectorantes
4376,R05FB,R05FB,R05FB - Otros supresores de la tos y expectorantes,R05FB - Otros supresores de la tos y expectorantes
4377,R05FB01,R05FB01,R05FB01 - Supresores de la tos y mucolíticos,R05FB01 - Supresores de la tos y mucolíticos
4378,R05FB02,R05FB02,R05FB02 - Supresores de la tos y expectorantes,R05FB02 - Supresores de la tos y expectorantes
4379,R05X_,R05X_,R05X - OTROS PREPARADOS COMBINADOS PARA EL RESFRIADO,R05X - OTROS PREPARADOS COMBINADOS PARA EL RESFRIADO
4380,R06,R06,R06 - ANTIHISTAMÍNICOS PARA USO SISTÉMICO,R06 - ANTIHISTAMÍNICOS PARA USO SISTÉMICO
4381,R06A,R06A,R06A - ANTIHISTAMÍNICOS PARA USO SISTÉMICO,R06A - ANTIHISTAMÍNICOS PARA USO SISTÉMICO
4382,R06AA,R06AA,R06AA - Aminoalquil éteres,R06AA - Aminoalquil éteres
4383,R06AA01,R06AA01,R06AA01 - Bromazina,R06AA01 - Bromazina
4384,R06AA02,R06AA02,R06AA02 - Difenhidramina,R06AA02 - Difenhidramina
4385,R06AA04,R06AA04,R06AA04 - Clemastina,R06AA04 - Clemastina
4386,R06AA06,R06AA06,R06AA06 - Clorfenoxamina,R06AA06 - Clorfenoxamina
4387,R06AA07,R06AA07,R06AA07 - Difenilpiralina,R06AA07 - Difenilpiralina
4388,R06AA08,R06AA08,R06AA08 - Carbinoxamina,R06AA08 - Carbinoxamina
4389,R06AA09,R06AA09,R06AA09 - Doxilamina,R06AA09 - Doxilamina
4390,R06AA52,R06AA52,"R06AA52 - Difenhidramina, combinaciones con","R06AA52 - Difenhidramina, combinaciones con"
4391,R06AA54,R06AA54,"R06AA54 - Clemastina, combinaciones con","R06AA54 - Clemastina, combinaciones con"
4392,R06AA56,R06AA56,"R06AA56 - Clorfenoxamina, combinaciones con","R06AA56 - Clorfenoxamina, combinaciones con"
4393,R06AA57,R06AA57,"R06AA57 - Difenilpiralina, combinaciones con","R06AA57 - Difenilpiralina, combinaciones con"
4394,R06AB,R06AB,R06AB - Alquilaminas sustituidas,R06AB - Alquilaminas sustituidas
4395,R06AB01,R06AB01,R06AB01 - Bromfeniramina,R06AB01 - Bromfeniramina
4396,R06AB02,R06AB02,R06AB02 - Dexclorfeniramina,R06AB02 - Dexclorfeniramina
4397,R06AB03,R06AB03,R06AB03 - Dimetindeno,R06AB03 - Dimetindeno
4398,R06AB04,R06AB04,R06AB04 - Clorfenamina,R06AB04 - Clorfenamina
4399,R06AB05,R06AB05,R06AB05 - Feniramina,R06AB05 - Feniramina
4400,R06AB06,R06AB06,R06AB06 - Dexbromfeniramina,R06AB06 - Dexbromfeniramina
4401,R06AB07,R06AB07,R06AB07 - Talastina,R06AB07 - Talastina
4402,R06AB51,R06AB51,"R06AB51 - Bromfeniramina, combinaciones con","R06AB51 - Bromfeniramina, combinaciones con"
4403,R06AB52,R06AB52,"R06AB52 - Dexclorfeniramina, combinaciones con","R06AB52 - Dexclorfeniramina, combinaciones con"
4404,R06AB54,R06AB54,"R06AB54 - Clorfeniramina, combinaciones con","R06AB54 - Clorfeniramina, combinaciones con"
4405,R06AB56,R06AB56,"R06AB56 - Dexbromfeniramina, combinaciones con","R06AB56 - Dexbromfeniramina, combinaciones con"
4406,R06AC,R06AC,R06AC - Etilendiaminas sustituidas,R06AC - Etilendiaminas sustituidas
4407,R06AC01,R06AC01,R06AC01 - Mepiramina,R06AC01 - Mepiramina
4408,R06AC02,R06AC02,R06AC02 - Histapirrodina,R06AC02 - Histapirrodina
4409,R06AC03,R06AC03,R06AC03 - Cloropiramina,R06AC03 - Cloropiramina
4410,R06AC04,R06AC04,R06AC04 - Tripelenamina,R06AC04 - Tripelenamina
4411,R06AC05,R06AC05,R06AC05 - Metapirileno,R06AC05 - Metapirileno
4412,R06AC06,R06AC06,R06AC06 - Tonzilamina,R06AC06 - Tonzilamina
4413,R06AC52,R06AC52,"R06AC52 - Histapirrodina, combinaciones con","R06AC52 - Histapirrodina, combinaciones con"
4414,R06AC53,R06AC53,"R06AC53 - Cloropiramina, combinaciones con","R06AC53 - Cloropiramina, combinaciones con"
4415,R06AD,R06AD,R06AD - Derivados de la fenotiazina,R06AD - Derivados de la fenotiazina
4416,R06AD01,R06AD01,R06AD01 - Alimemazina,R06AD01 - Alimemazina
4417,R06AD02,R06AD02,R06AD02 - Prometazina,R06AD02 - Prometazina
4418,R06AD03,R06AD03,R06AD03 - Tietilperazina,R06AD03 - Tietilperazina
4419,R06AD04,R06AD04,R06AD04 - Metdilazina,R06AD04 - Metdilazina
4420,R06AD05,R06AD05,R06AD05 - Hidroxietilprometazina,R06AD05 - Hidroxietilprometazina
4421,R06AD06,R06AD06,"R06AD06 - Tiazinamio, metilsulfato de","R06AD06 - Tiazinamio, metilsulfato de"
4422,R06AD07,R06AD07,R06AD07 - Mequitazina,R06AD07 - Mequitazina
4423,R06AD08,R06AD08,R06AD08 - Oxomemazina,R06AD08 - Oxomemazina
4424,R06AD09,R06AD09,R06AD09 - Isotipendilo,R06AD09 - Isotipendilo
4425,R06AD52,R06AD52,"R06AD52 - Prometazina, combinaciones con","R06AD52 - Prometazina, combinaciones con"
4426,R06AD55,R06AD55,"R06AD55 - Hidroxietilprometazina, combinaciones con","R06AD55 - Hidroxietilprometazina, combinaciones con"
4427,R06AE,R06AE,R06AE - Derivados de la piperazina,R06AE - Derivados de la piperazina
4428,R06AE01,R06AE01,R06AE01 - Buclizina,R06AE01 - Buclizina
4429,R06AE03,R06AE03,R06AE03 - Ciclizina,R06AE03 - Ciclizina
4430,R06AE04,R06AE04,R06AE04 - Clorciclizina,R06AE04 - Clorciclizina
4431,R06AE05,R06AE05,R06AE05 - Meclozina,R06AE05 - Meclozina
4432,R06AE06,R06AE06,R06AE06 - Oxatomida,R06AE06 - Oxatomida
4433,R06AE07,R06AE07,R06AE07 - Cetirizina,R06AE07 - Cetirizina
4434,A10BD08,A10BD08,A10BD08 - Metformina y vildagliptina,A10BD08 - Metformina y vildagliptina
4435,R06AE51,R06AE51,"R06AE51 - Buclizina, combinaciones con","R06AE51 - Buclizina, combinaciones con"
4436,R06AE53,R06AE53,"R06AE53 - Ciclizina, combinaciones con","R06AE53 - Ciclizina, combinaciones con"
4437,R06AE55,R06AE55,"R06AE55 - Meclozina, combinaciones con","R06AE55 - Meclozina, combinaciones con"
4438,R06AK,R06AK,R06AK - Combinaciones de antihistamínicos,R06AK - Combinaciones de antihistamínicos
4439,R06AX,R06AX,R06AX - Otros antihistamínicos para uso sistémico,R06AX - Otros antihistamínicos para uso sistémico
4440,R06AX01,R06AX01,R06AX01 - Bamipina,R06AX01 - Bamipina
4441,R06AX02,R06AX02,R06AX02 - Ciproheptadina,R06AX02 - Ciproheptadina
4442,R06AX03,R06AX03,R06AX03 - Tenalidina,R06AX03 - Tenalidina
4443,R06AX04,R06AX04,R06AX04 - Fenindamina,R06AX04 - Fenindamina
4444,R06AX05,R06AX05,R06AX05 - Antazolina,R06AX05 - Antazolina
4445,R06AX07,R06AX07,R06AX07 - Triprolidina,R06AX07 - Triprolidina
4446,R06AX08,R06AX08,R06AX08 - Pirrobutamina,R06AX08 - Pirrobutamina
4447,R06AX09,R06AX09,R06AX09 - Azatadina,R06AX09 - Azatadina
4448,R06AX11,R06AX11,R06AX11 - Astemizol,R06AX11 - Astemizol
4449,R06AX12,R06AX12,R06AX12 - Terfenadina,R06AX12 - Terfenadina
4450,R06AX13,R06AX13,R06AX13 - Loratadina,R06AX13 - Loratadina
4451,R06AX15,R06AX15,R06AX15 - Mebhidrolina,R06AX15 - Mebhidrolina
4452,R06AX16,R06AX16,R06AX16 - Deptropina,R06AX16 - Deptropina
4453,R06AX17,R06AX17,R06AX17 - Ketotifeno,R06AX17 - Ketotifeno
4454,R06AX18,R06AX18,R06AX18 - Acrivastina,R06AX18 - Acrivastina
4455,R06AX19,R06AX19,R06AX19 - Azelastina,R06AX19 - Azelastina
4456,R06AX21,R06AX21,R06AX21 - Tritocualina,R06AX21 - Tritocualina
4457,R06AX22,R06AX22,R06AX22 - Ebastina,R06AX22 - Ebastina
4458,R06AX23,R06AX23,R06AX23 - Pimetixeno,R06AX23 - Pimetixeno
4459,R06AX24,R06AX24,R06AX24 - Epinastina,R06AX24 - Epinastina
4460,R06AX25,R06AX25,R06AX25 - Mizolastina,R06AX25 - Mizolastina
4461,R06AX26,R06AX26,R06AX26 - Fexofenadina,R06AX26 - Fexofenadina
4462,R06AX27,R06AX27,R06AX27 - Desloratadina,R06AX27 - Desloratadina
4463,R06AX28,R06AX28,R06AX28 - Rupatadina,R06AX28 - Rupatadina
4464,R06AX53,R06AX53,"R06AX53 - Tenalidina, combinaciones con","R06AX53 - Tenalidina, combinaciones con"
4465,R06AX58,R06AX58,"R06AX58 - Pirrobutamina, combinaciones con","R06AX58 - Pirrobutamina, combinaciones con"
4466,R07,R07,R07 - OTROS PRODUCTOS PARA EL SISTEMA RESPIRATORIO,R07 - OTROS PRODUCTOS PARA EL SISTEMA RESPIRATORIO
4467,R07A,R07A,R07A - OTROS PRODUCTOS PARA EL SISTEMA RESPIRATORIO,R07A - OTROS PRODUCTOS PARA EL SISTEMA RESPIRATORIO
4468,R07AA,R07AA,R07AA - Surfactantes pulmonares,R07AA - Surfactantes pulmonares
4469,R07AA01,R07AA01,"R07AA01 - Colfoscerilo, palmitato de","R07AA01 - Colfoscerilo, palmitato de"
4470,R07AA02,R07AA02,R07AA02 - Fosfolípidos naturales,R07AA02 - Fosfolípidos naturales
4471,R07AA30,R07AA30,R07AA30 - Combinaciones,R07AA30 - Combinaciones
4472,R07AB,R07AB,R07AB - Estimulantes respiratorios,R07AB - Estimulantes respiratorios
4473,R07AB01,R07AB01,R07AB01 - Doxapram,R07AB01 - Doxapram
4474,R07AB02,R07AB02,R07AB02 - Niketamida,R07AB02 - Niketamida
4475,R07AB03,R07AB03,R07AB03 - Pentetrazol,R07AB03 - Pentetrazol
4476,R07AB04,R07AB04,R07AB04 - Etamiván,R07AB04 - Etamiván
4477,R07AB05,R07AB05,R07AB05 - Bemegrida,R07AB05 - Bemegrida
4478,R07AB06,R07AB06,R07AB06 - Pretcamida,R07AB06 - Pretcamida
4479,R07AB07,R07AB07,R07AB07 - Almitrina,R07AB07 - Almitrina
4480,R07AB08,R07AB08,R07AB08 - Dimeflina,R07AB08 - Dimeflina
4481,R07AB09,R07AB09,R07AB09 - Mepixanox,R07AB09 - Mepixanox
4482,R07AB52,R07AB52,"R07AB52 - Niketamida, combinaciones con","R07AB52 - Niketamida, combinaciones con"
4483,R07AB53,R07AB53,"R07AB53 - Pentetrazol, combinaciones con","R07AB53 - Pentetrazol, combinaciones con"
4484,R07AX,R07AX,R07AX - Otros productos para el sistema respiratorio,R07AX - Otros productos para el sistema respiratorio
4485,S,S,S - ÓRGANOS DE LOS SENTIDOS,S - ÓRGANOS DE LOS SENTIDOS
4486,S01,S01,S01 - OFTALMOLÓGICOS,S01 - OFTALMOLÓGICOS
4487,S01A,S01A,S01A - ANTIINFECCIOSOS,S01A - ANTIINFECCIOSOS
4488,S01AA,S01AA,S01AA - Antibióticos,S01AA - Antibióticos
4489,S01AA01,S01AA01,S01AA01 - Cloranfenicol,S01AA01 - Cloranfenicol
4490,S01AA02,S01AA02,S01AA02 - Clortetraciclina,S01AA02 - Clortetraciclina
4491,S01AA03,S01AA03,S01AA03 - Neomicina,S01AA03 - Neomicina
4492,S01AA04,S01AA04,S01AA04 - Oxitetraciclina,S01AA04 - Oxitetraciclina
4493,S01AA05,S01AA05,S01AA05 - Tirotricina,S01AA05 - Tirotricina
4494,S01AA07,S01AA07,S01AA07 - Framicetina,S01AA07 - Framicetina
4495,S01AA09,S01AA09,S01AA09 - Tetraciclina,S01AA09 - Tetraciclina
4496,S01AA10,S01AA10,S01AA10 - Natamicina,S01AA10 - Natamicina
4497,S01AA11,S01AA11,S01AA11 - Gentamicina,S01AA11 - Gentamicina
4498,S01AA12,S01AA12,S01AA12 - Tobramicina,S01AA12 - Tobramicina
4499,S01AA13,S01AA13,S01AA13 - Ácido fusídico,S01AA13 - Ácido fusídico
4500,S01AA14,S01AA14,S01AA14 - Bencilpenicilina,S01AA14 - Bencilpenicilina
4501,S01AA15,S01AA15,S01AA15 - Dihidroestreptomicina,S01AA15 - Dihidroestreptomicina
4502,S01AA16,S01AA16,S01AA16 - Rifamicina,S01AA16 - Rifamicina
4503,S01AA17,S01AA17,S01AA17 - Eritromicina,S01AA17 - Eritromicina
4504,S01AA18,S01AA18,S01AA18 - Polimixina B,S01AA18 - Polimixina B
4505,S01AA19,S01AA19,S01AA19 - Ampicilina,S01AA19 - Ampicilina
4506,S01AA20,S01AA20,S01AA20 - Antibióticos en combinación con otras farmacos,S01AA20 - Antibióticos en combinación con otras farmacos
4507,S01AA21,S01AA21,S01AA21 - Amikacina,S01AA21 - Amikacina
4508,S01AA22,S01AA22,S01AA22 - Micronomicina,S01AA22 - Micronomicina
4509,S01AA23,S01AA23,S01AA23 - Netilmicina,S01AA23 - Netilmicina
4510,S01AA24,S01AA24,S01AA24 - Kanamicina,S01AA24 - Kanamicina
4511,S01AA25,S01AA25,S01AA25 - Azidamfenicol,S01AA25 - Azidamfenicol
4512,S01AA30,S01AA30,S01AA30 - Combinaciones de diferentes antibióticos,S01AA30 - Combinaciones de diferentes antibióticos
4513,S01AB,S01AB,S01AB - Sulfonamidas,S01AB - Sulfonamidas
4514,S01AB01,S01AB01,S01AB01 - Sulfametizol,S01AB01 - Sulfametizol
4515,S01AB02,S01AB02,S01AB02 - Sulfafurazol,S01AB02 - Sulfafurazol
4516,S01AB03,S01AB03,S01AB03 - Sulfadicramida,S01AB03 - Sulfadicramida
4517,S01AB04,S01AB04,S01AB04 - Sulfacetamida,S01AB04 - Sulfacetamida
4518,S01AB05,S01AB05,S01AB05 - Sulfafenazol,S01AB05 - Sulfafenazol
4519,S01AD,S01AD,S01AD - Antivirales,S01AD - Antivirales
4520,S01AD01,S01AD01,S01AD01 - Idoxuridina,S01AD01 - Idoxuridina
4521,S01AD02,S01AD02,S01AD02 - Trifluridina,S01AD02 - Trifluridina
4522,S01AD03,S01AD03,S01AD03 - Aciclovir,S01AD03 - Aciclovir
4523,S01AD05,S01AD05,S01AD05 - Interferón,S01AD05 - Interferón
4524,S01AD06,S01AD06,S01AD06 - Vidarabina,S01AD06 - Vidarabina
4525,S01AD07,S01AD07,S01AD07 - Famciclovir,S01AD07 - Famciclovir
4526,S01AD08,S01AD08,S01AD08 - Fomivirseno,S01AD08 - Fomivirseno
4527,S01AD09,S01AD09,S01AD09 - Ganciclovir,S01AD09 - Ganciclovir
4528,S01AX,S01AX,S01AX - Otros antiinfecciosos,S01AX - Otros antiinfecciosos
4529,S01AX01,S01AX01,"S01AX01 - Mercurio, compuestos de","S01AX01 - Mercurio, compuestos de"
4530,S01AX02,S01AX02,"S01AX02 - Plata, compuestos de","S01AX02 - Plata, compuestos de"
4531,S01AX03,S01AX03,"S01AX03 - Zinc, compuestos de","S01AX03 - Zinc, compuestos de"
4532,S01AX04,S01AX04,S01AX04 - Nitrofural,S01AX04 - Nitrofural
4533,S01AX05,S01AX05,S01AX05 - Bibrocatol,S01AX05 - Bibrocatol
4534,S01AX06,S01AX06,S01AX06 - Resorcinol,S01AX06 - Resorcinol
4535,S01AX07,S01AX07,S01AX07 - Borato de sodio,S01AX07 - Borato de sodio
4536,S01AX08,S01AX08,S01AX08 - Hexamidina,S01AX08 - Hexamidina
4537,S01AX09,S01AX09,S01AX09 - Clorhexidina,S01AX09 - Clorhexidina
4538,S01AX10,S01AX10,S01AX10 - Propionato de sodio,S01AX10 - Propionato de sodio
4539,S01AX11,S01AX11,S01AX11 - Ofloxacino,S01AX11 - Ofloxacino
4540,S01AX12,S01AX12,S01AX12 - Norfloxacino,S01AX12 - Norfloxacino
4541,S01AX13,S01AX13,S01AX13 - Ciprofloxacino,S01AX13 - Ciprofloxacino
4542,S01AX14,S01AX14,S01AX14 - Dibrompropamidina,S01AX14 - Dibrompropamidina
4543,S01AX15,S01AX15,S01AX15 - Propamidina,S01AX15 - Propamidina
4544,S01AX16,S01AX16,S01AX16 - Picloxidina,S01AX16 - Picloxidina
4545,S01AX17,S01AX17,S01AX17 - Lomefloxacino,S01AX17 - Lomefloxacino
4546,S01B,S01B,S01B - AGENTES ANTIINFLAMATORIOS,S01B - AGENTES ANTIINFLAMATORIOS
4547,S01BA,S01BA,"S01BA - Corticosteroides, monofármacos","S01BA - Corticosteroides, monofármacos"
4548,S01BA01,S01BA01,S01BA01 - Dexametasona,S01BA01 - Dexametasona
4549,S01BA02,S01BA02,S01BA02 - Hidrocortisona,S01BA02 - Hidrocortisona
4550,S01BA03,S01BA03,S01BA03 - Cortisona,S01BA03 - Cortisona
4551,S01BA04,S01BA04,S01BA04 - Prednisolona,S01BA04 - Prednisolona
4552,S01BA05,S01BA05,S01BA05 - Triamcinolona,S01BA05 - Triamcinolona
4553,S01BA06,S01BA06,S01BA06 - Betametasona,S01BA06 - Betametasona
4554,S01BA07,S01BA07,S01BA07 - Fluorometolona,S01BA07 - Fluorometolona
4555,S01BA08,S01BA08,S01BA08 - Medrisona,S01BA08 - Medrisona
4556,S01BA09,S01BA09,S01BA09 - Clobetasona,S01BA09 - Clobetasona
4557,S01BA10,S01BA10,S01BA10 - Alclometasona,S01BA10 - Alclometasona
4558,S01BA11,S01BA11,S01BA11 - Desonida,S01BA11 - Desonida
4559,S01BA12,S01BA12,S01BA12 - Formocortal,S01BA12 - Formocortal
4560,S01BA13,S01BA13,S01BA13 - Rimexolona,S01BA13 - Rimexolona
4561,S01BB,S01BB,S01BB - Corticosteroides y midriáticos en combinación,S01BB - Corticosteroides y midriáticos en combinación
4562,S01BB01,S01BB01,S01BB01 - Hidrocortisona y midriáticos,S01BB01 - Hidrocortisona y midriáticos
4563,S01BB02,S01BB02,S01BB02 - Prednisolona y midriáticos,S01BB02 - Prednisolona y midriáticos
4564,S01BB03,S01BB03,S01BB03 - Fluorometolona y midriáticos,S01BB03 - Fluorometolona y midriáticos
4565,S01BB04,S01BB04,S01BB04 - Betametasona y midriáticos,S01BB04 - Betametasona y midriáticos
4566,S01BC,S01BC,S01BC - Agentes antiinflamatorios no esteroideos,S01BC - Agentes antiinflamatorios no esteroideos
4567,S01BC01,S01BC01,S01BC01 - Indometacina,S01BC01 - Indometacina
4568,S01BC02,S01BC02,S01BC02 - Oxifenbutasona,S01BC02 - Oxifenbutasona
4569,S01BC03,S01BC03,S01BC03 - Diclofenaco,S01BC03 - Diclofenaco
4570,S01BC04,S01BC04,S01BC04 - Flurbiprofeno,S01BC04 - Flurbiprofeno
4571,S01BC05,S01BC05,S01BC05 - Ketorolaco,S01BC05 - Ketorolaco
4572,S01BC06,S01BC06,S01BC06 - Piroxicam,S01BC06 - Piroxicam
4573,S01BC07,S01BC07,S01BC07 - Bendazaco,S01BC07 - Bendazaco
4574,S01BC08,S01BC08,S01BC08 - Ácido salicílico,S01BC08 - Ácido salicílico
4575,S01BC09,S01BC09,S01BC09 - Pranoprofeno,S01BC09 - Pranoprofeno
4576,S01C,S01C,S01C - AGENTES ANTIINFLAMATORIOS Y ANTIINFECCIOSOS EN COMBINACIÓN,S01C - AGENTES ANTIINFLAMATORIOS Y ANTIINFECCIOSOS EN COMBINACIÓN
4577,S01CA,S01CA,S01CA - Corticosteroides y antiinfecciosos en combinación,S01CA - Corticosteroides y antiinfecciosos en combinación
4578,S01CA01,S01CA01,S01CA01 - Dexametasona y antiinfecciosos,S01CA01 - Dexametasona y antiinfecciosos
4579,S01CA02,S01CA02,S01CA02 - Prednisolona y antiinfecciosos,S01CA02 - Prednisolona y antiinfecciosos
4580,S01CA03,S01CA03,S01CA03 - Hidrocortisona y antiinfecciosos,S01CA03 - Hidrocortisona y antiinfecciosos
4581,S01CA04,S01CA04,S01CA04 - Fluocortolona y antiinfecciosos,S01CA04 - Fluocortolona y antiinfecciosos
4582,S01CA05,S01CA05,S01CA05 - Betametasona y antiinfecciosos,S01CA05 - Betametasona y antiinfecciosos
4583,S01CA06,S01CA06,S01CA06 - Fludrocortisona y antiinfecciosos,S01CA06 - Fludrocortisona y antiinfecciosos
4584,S01CA07,S01CA07,S01CA07 - Fluorometolona y antiinfecciosos,S01CA07 - Fluorometolona y antiinfecciosos
4585,S01CA08,S01CA08,S01CA08 - Metilprednisolona y antiinfecciosos,S01CA08 - Metilprednisolona y antiinfecciosos
4586,S01CA09,S01CA09,S01CA09 - Cloroprednisona y antiinfecciosos,S01CA09 - Cloroprednisona y antiinfecciosos
4587,S01CA10,S01CA10,S01CA10 - Fluocinolona y antiinfecciosos,S01CA10 - Fluocinolona y antiinfecciosos
4588,S01CA11,S01CA11,S01CA11 - Clobetasona y antiinfecciosos,S01CA11 - Clobetasona y antiinfecciosos
4589,S01CB,S01CB,"S01CB - Corticoesteriodes, antiinfecciosos y midriáticos en combinación","S01CB - Corticoesteriodes, antiinfecciosos y midriáticos en combinación"
4590,S01CB01,S01CB01,S01CB01 - Dexametasona,S01CB01 - Dexametasona
4591,S01CB02,S01CB02,S01CB02 - Prednisolona,S01CB02 - Prednisolona
4592,S01CB03,S01CB03,S01CB03 - Hidrocortisona,S01CB03 - Hidrocortisona
4593,S01CB04,S01CB04,S01CB04 - Betametasona,S01CB04 - Betametasona
4594,S01CB05,S01CB05,S01CB05 - Fluorometolona,S01CB05 - Fluorometolona
4595,S01CC,S01CC,S01CC - Agentes antiinflamatorios no esteroideos y antiinfecciosos en combinación,S01CC - Agentes antiinflamatorios no esteroideos y antiinfecciosos en combinación
4596,S01CC01,S01CC01,S01CC01 - Diclofenaco y antiinfecciosos,S01CC01 - Diclofenaco y antiinfecciosos
4597,S01E,S01E,S01E - PREPARADOS CONTRA EL GLAUCOMA Y MIÓTICOS1),S01E - PREPARADOS CONTRA EL GLAUCOMA Y MIÓTICOS1)
4598,S01EA,S01EA,S01EA - Simpaticomiméticos en la terapia del glaucoma,S01EA - Simpaticomiméticos en la terapia del glaucoma
4599,S01EA01,S01EA01,S01EA01 - Epinefrina,S01EA01 - Epinefrina
4600,S01EA02,S01EA02,S01EA02 - Dipivefrina,S01EA02 - Dipivefrina
4601,S01EA03,S01EA03,S01EA03 - Apraclonidina,S01EA03 - Apraclonidina
4602,S01EA04,S01EA04,S01EA04 - Clonidina,S01EA04 - Clonidina
4603,S01EA05,S01EA05,S01EA05 - Brimonidina,S01EA05 - Brimonidina
4604,S01EA51,S01EA51,"S01EA51 - Epinefrina, combinaciones con","S01EA51 - Epinefrina, combinaciones con"
4605,S01EB,S01EB,S01EB - Parasimpaticomiméticos,S01EB - Parasimpaticomiméticos
4606,S01EB01,S01EB01,S01EB01 - Pilocarpina,S01EB01 - Pilocarpina
4607,S01EB02,S01EB02,S01EB02 - Carbacol,S01EB02 - Carbacol
4608,S01EB03,S01EB03,S01EB03 - Ecotiopato,S01EB03 - Ecotiopato
4609,S01EB04,S01EB04,"S01EB04 - Demecario, bromuro de","S01EB04 - Demecario, bromuro de"
4610,S01EB05,S01EB05,S01EB05 - Fisostigmina,S01EB05 - Fisostigmina
4611,S01EB06,S01EB06,S01EB06 - Neostigmina,S01EB06 - Neostigmina
4612,S01EB07,S01EB07,S01EB07 - Fluostigmina,S01EB07 - Fluostigmina
4613,S01EB08,S01EB08,S01EB08 - Aceclidina,S01EB08 - Aceclidina
4614,S01EB09,S01EB09,S01EB09 - Acetilcolina,S01EB09 - Acetilcolina
4615,S01EB10,S01EB10,S01EB10 - Paraoxón,S01EB10 - Paraoxón
4616,S01EB51,S01EB51,"S01EB51 - Pilocarpina, combinaciones con","S01EB51 - Pilocarpina, combinaciones con"
4617,S01EB58,S01EB58,"S01EB58 - Aceclidina, combinaciones con","S01EB58 - Aceclidina, combinaciones con"
4618,S01EC,S01EC,S01EC - Inhibidores de la anhidrasa carbónica,S01EC - Inhibidores de la anhidrasa carbónica
4619,S01EC01,S01EC01,S01EC01 - Acetazolamida,S01EC01 - Acetazolamida
4620,S01EC02,S01EC02,S01EC02 - Diclofenamida,S01EC02 - Diclofenamida
4621,S01EC03,S01EC03,S01EC03 - Dorzolamida,S01EC03 - Dorzolamida
4622,S01EC04,S01EC04,S01EC04 - Brinzolamida,S01EC04 - Brinzolamida
4623,S01ED,S01ED,S01ED - Agentes betabloqueantes,S01ED - Agentes betabloqueantes
4624,S01ED01,S01ED01,S01ED01 - Timolol,S01ED01 - Timolol
4625,S01ED02,S01ED02,S01ED02 - Betaxolol,S01ED02 - Betaxolol
4626,S01ED03,S01ED03,S01ED03 - Levobunolol,S01ED03 - Levobunolol
4627,S01ED04,S01ED04,S01ED04 - Metipranolol,S01ED04 - Metipranolol
4628,S01ED05,S01ED05,S01ED05 - Carteolol,S01ED05 - Carteolol
4629,S01ED06,S01ED06,S01ED06 - Befunolol,S01ED06 - Befunolol
4630,S01ED51,S01ED51,"S01ED51 - Timolol, combinaciones con","S01ED51 - Timolol, combinaciones con"
4631,S01ED52,S01ED52,"S01ED52 - Betaxolol, combinaciones con","S01ED52 - Betaxolol, combinaciones con"
4632,S01ED54,S01ED54,"S01ED54 - Metipranolol, combinaciones con","S01ED54 - Metipranolol, combinaciones con"
4633,S01EX,S01EX,S01EX - Otros preparados contra el glaucoma,S01EX - Otros preparados contra el glaucoma
4634,S01EX01,S01EX01,S01EX01 - Guanetidina,S01EX01 - Guanetidina
4635,S01EX02,S01EX02,S01EX02 - Dapiprazol,S01EX02 - Dapiprazol
4636,A10BX05,A10BX05,A10BX05 - Pramlintida,A10BX05 - Pramlintida
4637,A10BJ02,A10BJ02,A10BJ02 - Liraglutida,A10BJ02 - Liraglutida
4638,S01F,S01F,S01F - MIDRIÁTICOS Y CICLOPLÉJICOS,S01F - MIDRIÁTICOS Y CICLOPLÉJICOS
4639,S01FA,S01FA,S01FA - Anticolinérgicos,S01FA - Anticolinérgicos
4640,S01FA01,S01FA01,S01FA01 - Atropina,S01FA01 - Atropina
4641,S01FA02,S01FA02,S01FA02 - Escopolamina,S01FA02 - Escopolamina
4642,S01FA03,S01FA03,S01FA03 - Metilescopolamina,S01FA03 - Metilescopolamina
4643,S01FA04,S01FA04,S01FA04 - Ciclopentolato,S01FA04 - Ciclopentolato
4644,S01FA05,S01FA05,S01FA05 - Homatropina,S01FA05 - Homatropina
4645,S01FA06,S01FA06,S01FA06 - Tropicamida,S01FA06 - Tropicamida
4646,S01FA56,S01FA56,"S01FA56 - Tropicamida, combinaciones con","S01FA56 - Tropicamida, combinaciones con"
4647,S01FB,S01FB,"S01FB - Simpaticomiméticos, excluyendo preparados contra el glaucoma","S01FB - Simpaticomiméticos, excluyendo preparados contra el glaucoma"
4648,S01FB01,S01FB01,S01FB01 - Fenilefrina,S01FB01 - Fenilefrina
4649,S01FB02,S01FB02,S01FB02 - Efedrina,S01FB02 - Efedrina
4650,S01FB03,S01FB03,S01FB03 - Ibopamina,S01FB03 - Ibopamina
4651,S01G,S01G,S01G - DESCONGESTIVOS Y ANTIALÉRGICOS,S01G - DESCONGESTIVOS Y ANTIALÉRGICOS
4652,S01GA,S01GA,S01GA - Simpaticomiméticos usados como descongestivos,S01GA - Simpaticomiméticos usados como descongestivos
4653,S01GA01,S01GA01,S01GA01 - Nafazolina,S01GA01 - Nafazolina
4654,S01GA02,S01GA02,S01GA02 - Tetrizolina,S01GA02 - Tetrizolina
4655,S01GA03,S01GA03,S01GA03 - Xilometazolina,S01GA03 - Xilometazolina
4656,S01GA04,S01GA04,S01GA04 - Oximetazolina,S01GA04 - Oximetazolina
4657,S01GA05,S01GA05,S01GA05 - Fenilefrina,S01GA05 - Fenilefrina
4658,S01GA06,S01GA06,S01GA06 - Oxedrina,S01GA06 - Oxedrina
4659,S01GA51,S01GA51,"S01GA51 - Nafazolina, combinaciones con","S01GA51 - Nafazolina, combinaciones con"
4660,S01GA52,S01GA52,"S01GA52 - Tetrizolina, combinaciones con","S01GA52 - Tetrizolina, combinaciones con"
4661,S01GA53,S01GA53,"S01GA53 - Xilometazolina, combinaciones con","S01GA53 - Xilometazolina, combinaciones con"
4662,S01GA55,S01GA55,"S01GA55 - Fenilefrina, combinaciones con","S01GA55 - Fenilefrina, combinaciones con"
4663,S01GA56,S01GA56,"S01GA56 - Oxedrina, combinaciones con","S01GA56 - Oxedrina, combinaciones con"
4664,S01GX,S01GX,S01GX - Otros antialérgicos,S01GX - Otros antialérgicos
4665,S01GX01,S01GX01,S01GX01 - Ácido cromoglícico,S01GX01 - Ácido cromoglícico
4666,S01GX02,S01GX02,S01GX02 - Levocabastina,S01GX02 - Levocabastina
4667,S01GX03,S01GX03,S01GX03 - Ácido espaglúmico,S01GX03 - Ácido espaglúmico
4668,S01GX04,S01GX04,S01GX04 - Nedocromil,S01GX04 - Nedocromil
4669,S01GX05,S01GX05,S01GX05 - Lodoxamida,S01GX05 - Lodoxamida
4670,S01GX06,S01GX06,S01GX06 - Emedastina,S01GX06 - Emedastina
4671,S01GX07,S01GX07,S01GX07 - Azelastina,S01GX07 - Azelastina
4672,S01GX08,S01GX08,S01GX08 - Ketotifeno,S01GX08 - Ketotifeno
4673,S01GX09,S01GX09,S01GX09 - Olopatadina,S01GX09 - Olopatadina
4674,S01GX51,S01GX51,"S01GX51 - Ácido cromoglícico, combinaciones con","S01GX51 - Ácido cromoglícico, combinaciones con"
4675,S01H,S01H,S01H - ANESTÉSICOS LOCALES,S01H - ANESTÉSICOS LOCALES
4676,S01HA,S01HA,S01HA - Anestésicos locales,S01HA - Anestésicos locales
4677,S01HA01,S01HA01,S01HA01 - Cocaína,S01HA01 - Cocaína
4678,S01HA02,S01HA02,S01HA02 - Oxibuprocaína,S01HA02 - Oxibuprocaína
4679,S01HA03,S01HA03,S01HA03 - Tetracaína,S01HA03 - Tetracaína
4680,S01HA04,S01HA04,S01HA04 - Proximetacaína,S01HA04 - Proximetacaína
4681,S01HA05,S01HA05,S01HA05 - Procaína,S01HA05 - Procaína
4682,S01HA06,S01HA06,S01HA06 - Cincocaína,S01HA06 - Cincocaína
4683,S01HA07,S01HA07,S01HA07 - Lidocaína,S01HA07 - Lidocaína
4684,S01HA30,S01HA30,S01HA30 - Combinaciones,S01HA30 - Combinaciones
4685,S01J,S01J,S01J - AGENTES DE DIAGNÓSTICO,S01J - AGENTES DE DIAGNÓSTICO
4686,S01JA,S01JA,S01JA - Agentes colorantes,S01JA - Agentes colorantes
4687,S01JA01,S01JA01,S01JA01 - Fluoresceína,S01JA01 - Fluoresceína
4688,S01JA02,S01JA02,S01JA02 - Rosa de bengala sódico,S01JA02 - Rosa de bengala sódico
4689,S01JA51,S01JA51,"S01JA51 - Fluoresceína, combinaciones con","S01JA51 - Fluoresceína, combinaciones con"
4690,S01JX,S01JX,S01JX - Otros agentes usados en diagnóstico oftalmológico,S01JX - Otros agentes usados en diagnóstico oftalmológico
4691,S01K,S01K,S01K - AUXILIARES EN CIRUGÍA,S01K - AUXILIARES EN CIRUGÍA
4692,S01KA,S01KA,S01KA - Sustancias viscosoelásticas,S01KA - Sustancias viscosoelásticas
4693,S01KA01,S01KA01,S01KA01 - Ácido hialurónico,S01KA01 - Ácido hialurónico
4694,S01KA02,S01KA02,S01KA02 - Hipromelosa,S01KA02 - Hipromelosa
4695,S01KA51,S01KA51,"S01KA51 - Ácido hialurónico, combinaciones con","S01KA51 - Ácido hialurónico, combinaciones con"
4696,S01KX,S01KX,S01KX - Otros auxiliares en cirugía,S01KX - Otros auxiliares en cirugía
4697,S01KX01,S01KX01,S01KX01 - Quimotripsina,S01KX01 - Quimotripsina
4698,S01X,S01X,S01X - OTROS OFTALMOLÓGICOS,S01X - OTROS OFTALMOLÓGICOS
4699,S01XA,S01XA,S01XA - Otros oftalmológicos,S01XA - Otros oftalmológicos
4700,S01XA01,S01XA01,S01XA01 - Guaiazuleno,S01XA01 - Guaiazuleno
4701,S01XA02,S01XA02,S01XA02 - Retinol,S01XA02 - Retinol
4702,S01XA03,S01XA03,"S01XA03 - Cloruro de sodio, hipertónico","S01XA03 - Cloruro de sodio, hipertónico"
4703,S01XA04,S01XA04,S01XA04 - Ioduro de potasio,S01XA04 - Ioduro de potasio
4704,S01XA05,S01XA05,S01XA05 - Edetato de sodio,S01XA05 - Edetato de sodio
4705,S01XA06,S01XA06,S01XA06 - Etilmorfina,S01XA06 - Etilmorfina
4706,S01XA07,S01XA07,S01XA07 - Alumbre,S01XA07 - Alumbre
4707,S01XA08,S01XA08,S01XA08 - Acetilcisteína,S01XA08 - Acetilcisteína
4708,S01XA09,S01XA09,S01XA09 - Iodoheparinato de sodio,S01XA09 - Iodoheparinato de sodio
4709,S01XA10,S01XA10,S01XA10 - Inosina,S01XA10 - Inosina
4710,S01XA11,S01XA11,S01XA11 - Nandrolona,S01XA11 - Nandrolona
4711,S01XA12,S01XA12,S01XA12 - Dexpantenol,S01XA12 - Dexpantenol
4712,S01XA13,S01XA13,S01XA13 - Alteplasa,S01XA13 - Alteplasa
4713,S01XA14,S01XA14,S01XA14 - Heparina,S01XA14 - Heparina
4714,S01XA15,S01XA15,S01XA15 - Ácido ascórbico,S01XA15 - Ácido ascórbico
4715,S01XA20,S01XA20,S01XA20 - Lágrimas artificiales y otros preparados inertes,S01XA20 - Lágrimas artificiales y otros preparados inertes
4716,S02,S02,S02 - OTOLÓGICOS,S02 - OTOLÓGICOS
4717,S02A,S02A,S02A - ANTIINFECCIOSOS,S02A - ANTIINFECCIOSOS
4718,S02AA,S02AA,S02AA - Antiinfecciosos,S02AA - Antiinfecciosos
4719,S02AA01,S02AA01,S02AA01 - Cloranfenicol,S02AA01 - Cloranfenicol
4720,S02AA02,S02AA02,S02AA02 - Nitrofural,S02AA02 - Nitrofural
4721,S02AA03,S02AA03,S02AA03 - Ácido bórico,S02AA03 - Ácido bórico
4722,S02AA04,S02AA04,S02AA04 - Acetotartrato de aluminio,S02AA04 - Acetotartrato de aluminio
4723,S02AA05,S02AA05,S02AA05 - Clioquinol,S02AA05 - Clioquinol
4724,S02AA06,S02AA06,S02AA06 - Peróxido de hidrógeno,S02AA06 - Peróxido de hidrógeno
4725,S02AA07,S02AA07,S02AA07 - Neomicina,S02AA07 - Neomicina
4726,S02AA08,S02AA08,S02AA08 - Tetraciclina,S02AA08 - Tetraciclina
4727,S02AA09,S02AA09,S02AA09 - Clorhexidina,S02AA09 - Clorhexidina
4728,S02AA10,S02AA10,S02AA10 - Ácido acético,S02AA10 - Ácido acético
4729,S02AA11,S02AA11,S02AA11 - Polimixina B,S02AA11 - Polimixina B
4730,S02AA12,S02AA12,S02AA12 - Rifamicina,S02AA12 - Rifamicina
4731,S02AA13,S02AA13,S02AA13 - Miconazol,S02AA13 - Miconazol
4732,S02AA14,S02AA14,S02AA14 - Gentamicina,S02AA14 - Gentamicina
4733,S02AA30,S02AA30,"S02AA30 - Antiinfecciosos, combinaciones","S02AA30 - Antiinfecciosos, combinaciones"
4734,S02B,S02B,S02B - CORTICOSTEROIDES,S02B - CORTICOSTEROIDES
4735,S02BA,S02BA,S02BA - Corticosteroides,S02BA - Corticosteroides
4736,S02BA01,S02BA01,S02BA01 - Hidrocortisona,S02BA01 - Hidrocortisona
4737,S02BA03,S02BA03,S02BA03 - Prednisolona,S02BA03 - Prednisolona
4738,S02BA06,S02BA06,S02BA06 - Dexametasona,S02BA06 - Dexametasona
4739,S02BA07,S02BA07,S02BA07 - Betametasona,S02BA07 - Betametasona
4740,S02C,S02C,S02C - CORTICOSTEROIDES Y ANTIINFECCIOSOS EN COMBINACIÓN,S02C - CORTICOSTEROIDES Y ANTIINFECCIOSOS EN COMBINACIÓN
4741,S02CA,S02CA,S02CA - Corticosteroides y antiinfecciosos en combinación,S02CA - Corticosteroides y antiinfecciosos en combinación
4742,S02CA01,S02CA01,S02CA01 - Prednisolona y antiinfecciosos,S02CA01 - Prednisolona y antiinfecciosos
4743,S02CA02,S02CA02,S02CA02 - Flumetasona y antiinfecciosos,S02CA02 - Flumetasona y antiinfecciosos
4744,S02CA03,S02CA03,S02CA03 - Hidrocortisona y antiinfecciosos,S02CA03 - Hidrocortisona y antiinfecciosos
4745,S02CA04,S02CA04,S02CA04 - Triamcinolona y antiinfecciosos,S02CA04 - Triamcinolona y antiinfecciosos
4746,S02CA05,S02CA05,"S02CA05 - Fluocinolona, acetónido y antiinfecciosos","S02CA05 - Fluocinolona, acetónido y antiinfecciosos"
4747,S02CA06,S02CA06,S02CA06 - Dexametasona y antiinfecciosos,S02CA06 - Dexametasona y antiinfecciosos
4748,S02CA07,S02CA07,S02CA07 - Fludrocortisona y antiinfecciosos,S02CA07 - Fludrocortisona y antiinfecciosos
4749,S02D,S02D,S02D - OTROS OTOLÓGICOS,S02D - OTROS OTOLÓGICOS
4750,S02DA,S02DA,S02DA - Analgésicos y anestésicos,S02DA - Analgésicos y anestésicos
4751,S02DA01,S02DA01,S02DA01 - Lidocaína,S02DA01 - Lidocaína
4752,S02DA02,S02DA02,S02DA02 - Cocaína,S02DA02 - Cocaína
4753,S02DA30,S02DA30,S02DA30 - Combinaciones,S02DA30 - Combinaciones
4754,S02DC,S02DC,S02DC - Preparados inertes,S02DC - Preparados inertes
4755,S03,S03,S03 - PREPARADOS OFTALMOLÓGICOS Y OTOLÓGICOS,S03 - PREPARADOS OFTALMOLÓGICOS Y OTOLÓGICOS
4756,S03A,S03A,S03A - ANTIINFECCIOSOS,S03A - ANTIINFECCIOSOS
4757,S03AA,S03AA,S03AA - Antiinfecciosos,S03AA - Antiinfecciosos
4758,S03AA01,S03AA01,S03AA01 - Neomicina,S03AA01 - Neomicina
4759,S03AA02,S03AA02,S03AA02 - Tetraciclina,S03AA02 - Tetraciclina
4760,S03AA03,S03AA03,S03AA03 - Polimixina B,S03AA03 - Polimixina B
4761,S03AA04,S03AA04,S03AA04 - Clorhexidina,S03AA04 - Clorhexidina
4762,S03AA05,S03AA05,S03AA05 - Hexamidina,S03AA05 - Hexamidina
4763,S03AA06,S03AA06,S03AA06 - Gentamicina,S03AA06 - Gentamicina
4764,S03AA07,S03AA07,S03AA07 - Ciprofloxacino,S03AA07 - Ciprofloxacino
4765,S03AA08,S03AA08,S03AA08 - Cloranfenicol,S03AA08 - Cloranfenicol
4766,S03AA30,S03AA30,"S03AA30 - Antiinfecciosos, combinaciones","S03AA30 - Antiinfecciosos, combinaciones"
4767,S03B,S03B,S03B - CORTICOSTEROIDES,S03B - CORTICOSTEROIDES
4768,S03BA,S03BA,S03BA - Corticosteroides,S03BA - Corticosteroides
4769,S03BA01,S03BA01,S03BA01 - Dexametasona,S03BA01 - Dexametasona
4770,S03BA02,S03BA02,S03BA02 - Prednisolona,S03BA02 - Prednisolona
4771,S03BA03,S03BA03,S03BA03 - Betametasona,S03BA03 - Betametasona
4772,S03C,S03C,S03C - CORTICOSTEROIDES Y ANTIINFECCIOSOS EN COMBINACIÓN,S03C - CORTICOSTEROIDES Y ANTIINFECCIOSOS EN COMBINACIÓN
4773,S03CA,S03CA,S03CA - Corticosteroides y antiinfecciosos en combinación,S03CA - Corticosteroides y antiinfecciosos en combinación
4774,S03CA01,S03CA01,S03CA01 - Dexametasona y antiinfecciosos,S03CA01 - Dexametasona y antiinfecciosos
4775,S03CA02,S03CA02,S03CA02 - Prednisolona y antiinfecciosos,S03CA02 - Prednisolona y antiinfecciosos
4776,S03CA04,S03CA04,S03CA04 - Hidrocortisona y antiinfecciosos,S03CA04 - Hidrocortisona y antiinfecciosos
4777,S03CA05,S03CA05,S03CA05 - Fludrocortisona y antiinfecciosos,S03CA05 - Fludrocortisona y antiinfecciosos
4778,S03CA06,S03CA06,S03CA06 - Betametasona y antiinfecciosos,S03CA06 - Betametasona y antiinfecciosos
4779,S03D,S03D,S03D - OTROS PREPARADOS OFTALMOLÓGICOS Y OTOLÓGICOS,S03D - OTROS PREPARADOS OFTALMOLÓGICOS Y OTOLÓGICOS
4780,V,V,V - VARIOS,V - VARIOS
4781,V01,V01,V01 - ALERGENOS,V01 - ALERGENOS
4782,V01A,V01A,V01A - ALERGENOS,V01A - ALERGENOS
4783,V01AA,V01AA,V01AA - Extractos alergénicos,V01AA - Extractos alergénicos
4784,V01AA01,V01AA01,V01AA01 - Plumas,V01AA01 - Plumas
4785,V01AA02,V01AA02,V01AA02 - Polen de plantas,V01AA02 - Polen de plantas
4786,V01AA03,V01AA03,V01AA03 - Ácaros de polvo ambiental,V01AA03 - Ácaros de polvo ambiental
4787,V01AA04,V01AA04,V01AA04 - Moho y levaduras de hongos,V01AA04 - Moho y levaduras de hongos
4788,V01AA05,V01AA05,V01AA05 - Polen de árboles,V01AA05 - Polen de árboles
4789,V01AA07,V01AA07,V01AA07 - Insectos,V01AA07 - Insectos
4790,V01AA08,V01AA08,V01AA08 - Comidas,V01AA08 - Comidas
4791,V01AA09,V01AA09,V01AA09 - Tejidos,V01AA09 - Tejidos
4792,V01AA10,V01AA10,V01AA10 - Flores,V01AA10 - Flores
4793,V01AA11,V01AA11,V01AA11 - Animales,V01AA11 - Animales
4794,V01AA20,V01AA20,V01AA20 - Varios,V01AA20 - Varios
4795,V03,V03,V03 - TODO EL RESTO DE LOS PRODUCTOS TERAPÉUTICOS,V03 - TODO EL RESTO DE LOS PRODUCTOS TERAPÉUTICOS
4796,V03A,V03A,V03A - TODO EL RESTO DE LOS PRODUCTOS TERAPÉUTICOS,V03A - TODO EL RESTO DE LOS PRODUCTOS TERAPÉUTICOS
4797,V03AB,V03AB,V03AB - Antídotos,V03AB - Antídotos
4798,V03AB01,V03AB01,V03AB01 - Ipecacuana,V03AB01 - Ipecacuana
4799,V03AB02,V03AB02,V03AB02 - Nalorfina,V03AB02 - Nalorfina
4800,V03AB03,V03AB03,V03AB03 - Edetatos,V03AB03 - Edetatos
4801,V03AB04,V03AB04,V03AB04 - Pralidoxima,V03AB04 - Pralidoxima
4802,V03AB05,V03AB05,V03AB05 - Prednisolona y prometazina,V03AB05 - Prednisolona y prometazina
4803,V03AB06,V03AB06,V03AB06 - Tiosulfato,V03AB06 - Tiosulfato
4804,V03AB08,V03AB08,V03AB08 - Nitrito de sodio,V03AB08 - Nitrito de sodio
4805,V03AB09,V03AB09,V03AB09 - Dimercaprol,V03AB09 - Dimercaprol
4806,V03AB13,V03AB13,V03AB13 - Obidoxima,V03AB13 - Obidoxima
4807,V03AB14,V03AB14,V03AB14 - Protamina,V03AB14 - Protamina
4808,V03AB15,V03AB15,V03AB15 - Naloxona,V03AB15 - Naloxona
4809,V03AB16,V03AB16,V03AB16 - Etanol,V03AB16 - Etanol
4810,V03AB17,V03AB17,V03AB17 - Cloruro de metiltioninio,V03AB17 - Cloruro de metiltioninio
4811,V03AB18,V03AB18,V03AB18 - Permanganato de potasio,V03AB18 - Permanganato de potasio
4812,V03AB19,V03AB19,V03AB19 - Fisostigmina,V03AB19 - Fisostigmina
4813,V03AB20,V03AB20,V03AB20 - Sulfato de cobre,V03AB20 - Sulfato de cobre
4814,V03AB21,V03AB21,V03AB21 - Ioduro de potasio,V03AB21 - Ioduro de potasio
4815,V03AB22,V03AB22,V03AB22 - Nitrato de amilo,V03AB22 - Nitrato de amilo
4816,V03AB23,V03AB23,V03AB23 - Acetilcisteína,V03AB23 - Acetilcisteína
4817,V03AB24,V03AB24,V03AB24 - Antitoxina digitálica,V03AB24 - Antitoxina digitálica
4818,V03AB25,V03AB25,V03AB25 - Flumazenil,V03AB25 - Flumazenil
4819,V03AB26,V03AB26,V03AB26 - Metionina,V03AB26 - Metionina
4820,V03AB27,V03AB27,V03AB27 - 4-dimetilaminofenol,V03AB27 - 4-dimetilaminofenol
4821,V03AB29,V03AB29,V03AB29 - Colinesterasa,V03AB29 - Colinesterasa
4822,V03AB31,V03AB31,V03AB31 - Azul de Prusia,V03AB31 - Azul de Prusia
4823,V03AB32,V03AB32,V03AB32 - Glutation,V03AB32 - Glutation
4824,V03AB33,V03AB33,V03AB33 - Hidroxocobalamina,V03AB33 - Hidroxocobalamina
4825,V03AB34,V03AB34,V03AB34 - Fomepizol,V03AB34 - Fomepizol
4826,V03AC,V03AC,V03AC - Agentes quelantes del hierro,V03AC - Agentes quelantes del hierro
4827,V03AC01,V03AC01,V03AC01 - Deferoxamina,V03AC01 - Deferoxamina
4828,V03AC02,V03AC02,V03AC02 - Deferiprona,V03AC02 - Deferiprona
4829,V03AE,V03AE,V03AE - Fármacos para el tratamiento de la hiperpotasemia e hiperfosfatemia,V03AE - Fármacos para el tratamiento de la hiperpotasemia e hiperfosfatemia
4830,V03AE01,V03AE01,"V03AE01 - Poliestireno, sulfonato de","V03AE01 - Poliestireno, sulfonato de"
4831,V03AE02,V03AE02,V03AE02 - Sevelámero,V03AE02 - Sevelámero
4832,V03AF,V03AF,V03AF - Agentes detoxificantes para tratamientos antineoplásicos,V03AF - Agentes detoxificantes para tratamientos antineoplásicos
4833,V03AF01,V03AF01,V03AF01 - Mesna,V03AF01 - Mesna
4834,V03AF02,V03AF02,V03AF02 - Dexrazoxano,V03AF02 - Dexrazoxano
4835,V03AF03,V03AF03,V03AF03 - Folinato de calcio,V03AF03 - Folinato de calcio
4836,V03AF04,V03AF04,V03AF04 - Levofolinato de calcio,V03AF04 - Levofolinato de calcio
4837,V03AF05,V03AF05,V03AF05 - Amifostina,V03AF05 - Amifostina
4838,V03AF06,V03AF06,V03AF06 - Folinato de sodio,V03AF06 - Folinato de sodio
4839,V03AF07,V03AF07,V03AF07 - Rasburicasa,V03AF07 - Rasburicasa
4840,V03AG,V03AG,V03AG - Fármacos para el tratamiento de la hipercalcemia,V03AG - Fármacos para el tratamiento de la hipercalcemia
4841,V03AG01,V03AG01,V03AG01 - Celulosa fosfato de sodio,V03AG01 - Celulosa fosfato de sodio
4842,V03AH,V03AH,V03AH - Fármacos para el tratamiento de la hipoglucemia,V03AH - Fármacos para el tratamiento de la hipoglucemia
4843,V03AH01,V03AH01,V03AH01 - Diazóxido,V03AH01 - Diazóxido
4844,A11HA08,A11HA08,A11HA08 - Tocofersolán,A11HA08 - Tocofersolán
4845,V03AM,V03AM,V03AM - Fármacos para embolización,V03AM - Fármacos para embolización
4846,V03AN,V03AN,V03AN - Gases medicinales,V03AN - Gases medicinales
4847,V03AX,V03AX,V03AX - Otros productos terapéuticos,V03AX - Otros productos terapéuticos
4848,V03AZ,V03AZ,V03AZ - Depresores del nervio,V03AZ - Depresores del nervio
4849,V03AZ01,V03AZ01,V03AZ01 - Etanol,V03AZ01 - Etanol
4850,V04,V04,V04 - AGENTES DIAGNÓSTICOS,V04 - AGENTES DIAGNÓSTICOS
4851,V04B,V04B,V04B - PRUEBAS URINARIAS,V04B - PRUEBAS URINARIAS
4852,V04C,V04C,V04C - OTROS AGENTES DIAGNÓSTICOS,V04C - OTROS AGENTES DIAGNÓSTICOS
4853,V04CA,V04CA,V04CA - Pruebas para diabetes,V04CA - Pruebas para diabetes
4854,V04CA01,V04CA01,V04CA01 - Tolbutamida,V04CA01 - Tolbutamida
4855,V04CA02,V04CA02,V04CA02 - Glucosa,V04CA02 - Glucosa
4856,V04CB,V04CB,V04CB - Pruebas para absorción de grasas,V04CB - Pruebas para absorción de grasas
4857,V04CB01,V04CB01,"V04CB01 - Vitamina A, concentrados de","V04CB01 - Vitamina A, concentrados de"
4858,V04CC,V04CC,V04CC - Pruebas de permeabilidad del conducto biliar,V04CC - Pruebas de permeabilidad del conducto biliar
4859,V04CC01,V04CC01,V04CC01 - Sorbitol,V04CC01 - Sorbitol
4860,V04CC02,V04CC02,V04CC02 - Sulfato de magnesio,V04CC02 - Sulfato de magnesio
4861,V04CC03,V04CC03,V04CC03 - Sincalida,V04CC03 - Sincalida
4862,V04CC04,V04CC04,V04CC04 - Ceruletida,V04CC04 - Ceruletida
4863,V04CD,V04CD,V04CD - Pruebas de función hipofisaria,V04CD - Pruebas de función hipofisaria
4864,V04CD01,V04CD01,V04CD01 - Metirapona,V04CD01 - Metirapona
4865,V04CD03,V04CD03,V04CD03 - Sermorelina,V04CD03 - Sermorelina
4866,V04CD04,V04CD04,V04CD04 - Corticoliberina,V04CD04 - Corticoliberina
4867,V04CD05,V04CD05,V04CD05 - Somatorelina,V04CD05 - Somatorelina
4868,V04CE,V04CE,V04CE - Pruebas para evaluar capacidad funcional hepática,V04CE - Pruebas para evaluar capacidad funcional hepática
4869,V04CE01,V04CE01,V04CE01 - Galactosa,V04CE01 - Galactosa
4870,V04CE02,V04CE02,V04CE02 - Sulfobromoftaleína,V04CE02 - Sulfobromoftaleína
4871,V04CF,V04CF,V04CF - Agentes para el diagnóstico de tuberculosis,V04CF - Agentes para el diagnóstico de tuberculosis
4872,V04CF01,V04CF01,V04CF01 - Tuberculina,V04CF01 - Tuberculina
4873,V04CG,V04CG,V04CG - Pruebas de secreción gástrica,V04CG - Pruebas de secreción gástrica
4874,V04CG01,V04CG01,V04CG01 - Resinas de intercambio catiónico,V04CG01 - Resinas de intercambio catiónico
4875,V04CG02,V04CG02,V04CG02 - Betazol,V04CG02 - Betazol
4876,V04CG03,V04CG03,"V04CG03 - Histamina, fosfato de","V04CG03 - Histamina, fosfato de"
4877,V04CG04,V04CG04,V04CG04 - Pentagastrina,V04CG04 - Pentagastrina
4878,V04CG05,V04CG05,"V04CG05 - Metiltioninio, cloruro de","V04CG05 - Metiltioninio, cloruro de"
4879,V04CG30,V04CG30,V04CG30 - Cafeína y benzoato de sodio,V04CG30 - Cafeína y benzoato de sodio
4880,V04CH,V04CH,V04CH - Pruebas de función renal,V04CH - Pruebas de función renal
4881,V04CH01,V04CH01,V04CH01 - Inulina y otros polifructosanos,V04CH01 - Inulina y otros polifructosanos
4882,V04CH02,V04CH02,V04CH02 - Indigo carmín,V04CH02 - Indigo carmín
4883,V04CH03,V04CH03,V04CH03 - Fenosulfoftaleína,V04CH03 - Fenosulfoftaleína
4884,V04CH04,V04CH04,V04CH04 - Alsactida,V04CH04 - Alsactida
4885,V04CH30,V04CH30,V04CH30 - Ácido aminohipúrico,V04CH30 - Ácido aminohipúrico
4886,V04CJ,V04CJ,V04CJ - Pruebas de función tiroidea,V04CJ - Pruebas de función tiroidea
4887,V04CJ01,V04CJ01,V04CJ01 - Tirotropina,V04CJ01 - Tirotropina
4888,V04CJ02,V04CJ02,V04CJ02 - Protirelina,V04CJ02 - Protirelina
4889,V04CK,V04CK,V04CK - Pruebas de función pancreática,V04CK - Pruebas de función pancreática
4890,V04CK01,V04CK01,V04CK01 - Secretina,V04CK01 - Secretina
4891,V04CK02,V04CK02,V04CK02 - Pancreozimina (colecistoquinina),V04CK02 - Pancreozimina (colecistoquinina)
4892,V04CK03,V04CK03,V04CK03 - Bentiromida,V04CK03 - Bentiromida
4893,V04CL,V04CL,V04CL - Pruebas para enfermedades alérgicas,V04CL - Pruebas para enfermedades alérgicas
4894,V04CM,V04CM,V04CM - Pruebas para alteraciones de la fertilidad,V04CM - Pruebas para alteraciones de la fertilidad
4895,V04CM01,V04CM01,V04CM01 - Gonadorelina,V04CM01 - Gonadorelina
4896,V04CX,V04CX,V04CX - Otros agentes diagnósticos,V04CX - Otros agentes diagnósticos
4897,V06,V06,V06 - NUTRIENTES GENERALES,V06 - NUTRIENTES GENERALES
4898,V06A,V06A,V06A - FORMULACIONES DIETÉTICAS PARA EL TRATAMIENTO DE LA OBESIDAD,V06A - FORMULACIONES DIETÉTICAS PARA EL TRATAMIENTO DE LA OBESIDAD
4899,V06AA,V06AA,V06AA - Dietas de baja energía,V06AA - Dietas de baja energía
4900,V06B,V06B,V06B - SUPLEMENTOS PROTEICOS,V06B - SUPLEMENTOS PROTEICOS
4901,V06C,V06C,V06C - FÓRMULAS PARA INFANTES,V06C - FÓRMULAS PARA INFANTES
4902,V06CA,V06CA,V06CA - Nutrientes sin fenilalanina,V06CA - Nutrientes sin fenilalanina
4903,V06D,V06D,V06D - OTROS NUTRIENTES,V06D - OTROS NUTRIENTES
4904,V06DA,V06DA,"V06DA - Combinaciones de carbohidratos, proteínas, minerales y vitaminas","V06DA - Combinaciones de carbohidratos, proteínas, minerales y vitaminas"
4905,V06DB,V06DB,"V06DB - Combinaciones de lípidos, carbohidratos, proteínas, minerales y vitaminas","V06DB - Combinaciones de lípidos, carbohidratos, proteínas, minerales y vitaminas"
4906,V06DC,V06DC,V06DC - Carbohidratos,V06DC - Carbohidratos
4907,V06DC01,V06DC01,V06DC01 - Glucosa,V06DC01 - Glucosa
4908,V06DC02,V06DC02,V06DC02 - Fructosa,V06DC02 - Fructosa
4909,V06DD,V06DD,"V06DD - Aminoácidos, incluyendo combinaciones con polipéptidos","V06DD - Aminoácidos, incluyendo combinaciones con polipéptidos"
4910,V06DE,V06DE,"V06DE - Combinaciones de aminoácidos, carbohidratos, minerales y vitaminas","V06DE - Combinaciones de aminoácidos, carbohidratos, minerales y vitaminas"
4911,V06DF,V06DF,V06DF - Sustitutos de la leche,V06DF - Sustitutos de la leche
4912,V06DX,V06DX,V06DX - Otras combinaciones de nutrientes,V06DX - Otras combinaciones de nutrientes
4913,V07,V07,V07 - TODO EL RESTO DE LOS PRODUCTOS NO TERAPÉUTICOS,V07 - TODO EL RESTO DE LOS PRODUCTOS NO TERAPÉUTICOS
4914,V07A,V07A,V07A - TODO EL RESTO DE LOS PRODUCTOS NO TERAPÉUTICOS,V07A - TODO EL RESTO DE LOS PRODUCTOS NO TERAPÉUTICOS
4915,V07AA,V07AA,V07AA - Emplastos,V07AA - Emplastos
4916,V07AB,V07AB,"V07AB - Agentes solventes y diluyentes, incluyendo soluciones para irrigación","V07AB - Agentes solventes y diluyentes, incluyendo soluciones para irrigación"
4917,V07AC,V07AC,V07AC - Productos auxiliares para trasfusiones sanguíneas,V07AC - Productos auxiliares para trasfusiones sanguíneas
4918,V07AD,V07AD,V07AD - Productos auxiliares para pruebas sanguíneos,V07AD - Productos auxiliares para pruebas sanguíneos
4919,V07AN,V07AN,V07AN - Equipamiento para la incontinencia,V07AN - Equipamiento para la incontinencia
4920,V07AR,V07AR,V07AR - Discos y tabletas para pruebas de sensibilidad,V07AR - Discos y tabletas para pruebas de sensibilidad
4921,V07AS,V07AS,V07AS - Equipamiento para estomas,V07AS - Equipamiento para estomas
4922,V07AT,V07AT,V07AT - Cosméticos,V07AT - Cosméticos
4923,V07AV,V07AV,V07AV - Desinfectantes de uso técnico,V07AV - Desinfectantes de uso técnico
4924,V07AX,V07AX,"V07AX - Agentes para el lavado, etc.","V07AX - Agentes para el lavado, etc."
4925,V07AY,V07AY,V07AY - Otros productos auxiliares no terapéuticos,V07AY - Otros productos auxiliares no terapéuticos
4926,V07AZ,V07AZ,V07AZ - Productos químicos y reactivos para análisis,V07AZ - Productos químicos y reactivos para análisis
4927,V08,V08,V08 - MEDIOS DE CONTRASTE,V08 - MEDIOS DE CONTRASTE
4928,V08A,V08A,"V08A - MEDIOS DE CONTRASTE PARA RAYOS-X, IODADOS","V08A - MEDIOS DE CONTRASTE PARA RAYOS-X, IODADOS"
4929,V08AA,V08AA,"V08AA - Medios de contraste para rayos-X de alta osmolaridad, hidrosolubles y nefrotrópicos","V08AA - Medios de contraste para rayos-X de alta osmolaridad, hidrosolubles y nefrotrópicos"
4930,V08AA01,V08AA01,V08AA01 - Ácido diatrizoico,V08AA01 - Ácido diatrizoico
4931,V08AA02,V08AA02,V08AA02 - Ácido metrizoico,V08AA02 - Ácido metrizoico
4932,V08AA03,V08AA03,V08AA03 - Iodamida,V08AA03 - Iodamida
4933,V08AA04,V08AA04,V08AA04 - Ácido iotalámico,V08AA04 - Ácido iotalámico
4934,V08AA05,V08AA05,V08AA05 - Ácido ioxitalámico,V08AA05 - Ácido ioxitalámico
4935,V08AA06,V08AA06,V08AA06 - Ácido ioglícico,V08AA06 - Ácido ioglícico
4936,V08AA07,V08AA07,V08AA07 - Ácido acetrizoico,V08AA07 - Ácido acetrizoico
4937,V08AA08,V08AA08,V08AA08 - Ácido iocármico,V08AA08 - Ácido iocármico
4938,V08AA09,V08AA09,V08AA09 - Metiodal sódico,V08AA09 - Metiodal sódico
4939,V08AA10,V08AA10,V08AA10 - Diodona,V08AA10 - Diodona
4940,V08AB,V08AB,"V08AB - Medios de contraste para rayos-X de baja osmolaridad, hidrosolubles y nefrotrópicos","V08AB - Medios de contraste para rayos-X de baja osmolaridad, hidrosolubles y nefrotrópicos"
4941,V08AB01,V08AB01,V08AB01 - Metrizamida,V08AB01 - Metrizamida
4942,V08AB02,V08AB02,V08AB02 - Iohexol,V08AB02 - Iohexol
4943,V08AB03,V08AB03,V08AB03 - Ácido ioxáglico,V08AB03 - Ácido ioxáglico
4944,V08AB04,V08AB04,V08AB04 - Iopamidol,V08AB04 - Iopamidol
4945,V08AB05,V08AB05,V08AB05 - Iopromida,V08AB05 - Iopromida
4946,V08AB06,V08AB06,V08AB06 - Iotrolán,V08AB06 - Iotrolán
4947,V08AB07,V08AB07,V08AB07 - Ioversol,V08AB07 - Ioversol
4948,V08AB08,V08AB08,V08AB08 - Iopentol,V08AB08 - Iopentol
4949,V08AB09,V08AB09,V08AB09 - Iodixanol,V08AB09 - Iodixanol
4950,V08AB10,V08AB10,V08AB10 - Iomeprol,V08AB10 - Iomeprol
4951,V08AB11,V08AB11,V08AB11 - Iobitridol,V08AB11 - Iobitridol
4952,V08AB12,V08AB12,V08AB12 - Ioxilán,V08AB12 - Ioxilán
4953,V08AC,V08AC,V08AC - Medios de contraste para rayos-X hidrosolubles y hepatotrópicos,V08AC - Medios de contraste para rayos-X hidrosolubles y hepatotrópicos
4954,V08AC01,V08AC01,V08AC01 - Ácido iodoxámico,V08AC01 - Ácido iodoxámico
4955,V08AC02,V08AC02,V08AC02 - Ácido iotróxico,V08AC02 - Ácido iotróxico
4956,V08AC03,V08AC03,V08AC03 - Ácido ioglicámico,V08AC03 - Ácido ioglicámico
4957,V08AC04,V08AC04,V08AC04 - Adipiodona,V08AC04 - Adipiodona
4958,V08AC05,V08AC05,V08AC05 - Ácido iobenzámico,V08AC05 - Ácido iobenzámico
4959,V08AC06,V08AC06,V08AC06 - Ácido iopanoico,V08AC06 - Ácido iopanoico
4960,V08AC07,V08AC07,V08AC07 - Ácido iocetámico,V08AC07 - Ácido iocetámico
4961,V08AC08,V08AC08,V08AC08 - Iopodato de sodio,V08AC08 - Iopodato de sodio
4962,V08AC09,V08AC09,V08AC09 - Ácido tiropanoico,V08AC09 - Ácido tiropanoico
4963,V08AC10,V08AC10,V08AC10 - Iopodato de calcio,V08AC10 - Iopodato de calcio
4964,V08AD,V08AD,V08AD - Medios de contraste para rayos-X no hidrosolubles,V08AD - Medios de contraste para rayos-X no hidrosolubles
4965,V08AD01,V08AD01,V08AD01 - Ésteres etílicos de ácidos grasos,V08AD01 - Ésteres etílicos de ácidos grasos
4966,V08AD02,V08AD02,V08AD02 - Iopidol,V08AD02 - Iopidol
4967,V08AD03,V08AD03,V08AD03 - Propiliodona,V08AD03 - Propiliodona
4968,V08AD04,V08AD04,V08AD04 - Iofendilato,V08AD04 - Iofendilato
4969,V08B,V08B,"V08B - MEDIOS DE CONTRASTE PARA RAYOS-X, NO IODADOS","V08B - MEDIOS DE CONTRASTE PARA RAYOS-X, NO IODADOS"
4970,V08BA,V08BA,V08BA - Medios de contraste para rayos-X que contienen sulfato de bario,V08BA - Medios de contraste para rayos-X que contienen sulfato de bario
4971,V08BA01,V08BA01,V08BA01 - Sulfato de bario con agentes en suspensión,V08BA01 - Sulfato de bario con agentes en suspensión
4972,V08BA02,V08BA02,V08BA02 - Sulfato de bario sin agentes en suspensión,V08BA02 - Sulfato de bario sin agentes en suspensión
4973,V08C,V08C,V08C - MEDIOS DE CONTRASTE PARA ÍMÁGENES DE RESONANCIA MAGNÉTICA,V08C - MEDIOS DE CONTRASTE PARA ÍMÁGENES DE RESONANCIA MAGNÉTICA
4974,V08CA,V08CA,V08CA - Medios de contraste paramagnéticos,V08CA - Medios de contraste paramagnéticos
4975,V08CA01,V08CA01,V08CA01 - Ácido gadopentético,V08CA01 - Ácido gadopentético
4976,V08CA02,V08CA02,V08CA02 - Ácido gadotérico,V08CA02 - Ácido gadotérico
4977,V08CA03,V08CA03,V08CA03 - Gadodiamida,V08CA03 - Gadodiamida
4978,V08CA04,V08CA04,V08CA04 - Gadoteridol,V08CA04 - Gadoteridol
4979,V08CA05,V08CA05,V08CA05 - Mangafodipir,V08CA05 - Mangafodipir
4980,V08CA06,V08CA06,V08CA06 - Gadoversetamida,V08CA06 - Gadoversetamida
4981,V08CA07,V08CA07,V08CA07 - Citrato férrico amónico,V08CA07 - Citrato férrico amónico
4982,V08CA08,V08CA08,V08CA08 - Ácido gadobénico,V08CA08 - Ácido gadobénico
4983,V08CA09,V08CA09,V08CA09 - Gadobutrol,V08CA09 - Gadobutrol
4984,V08CB,V08CB,V08CB - Medios de contraste superparamagnéticos,V08CB - Medios de contraste superparamagnéticos
4985,V08CB01,V08CB01,V08CB01 - Ferumoxsil,V08CB01 - Ferumoxsil
4986,V08CB02,V08CB02,V08CB02 - Ferristeno,V08CB02 - Ferristeno
4987,V08CB03,V08CB03,"V08CB03 - Óxido de hierro, nanopartículas","V08CB03 - Óxido de hierro, nanopartículas"
4988,V08CX,V08CX,V08CX - Otros medios de contraste para imágenes de resonancia magnética,V08CX - Otros medios de contraste para imágenes de resonancia magnética
4989,V08CX01,V08CX01,V08CX01 - Perflubrón,V08CX01 - Perflubrón
4990,V08D,V08D,V08D - MEDIOS DE CONTRASTE PARA ULTRASONIDO,V08D - MEDIOS DE CONTRASTE PARA ULTRASONIDO
4991,V08DA,V08DA,V08DA - Medios de contraste para ultrasonido,V08DA - Medios de contraste para ultrasonido
4992,V08DA01,V08DA01,"V08DA01 - Albúmina humana, microesferas de","V08DA01 - Albúmina humana, microesferas de"
4993,V08DA02,V08DA02,"V08DA02 - Galactosa, micropartículas de","V08DA02 - Galactosa, micropartículas de"
4994,V08DA03,V08DA03,V08DA03 - Perflenapent,V08DA03 - Perflenapent
4995,V08DA04,V08DA04,"V08DA04 - Fosfolípidos, microesferas de","V08DA04 - Fosfolípidos, microesferas de"
4996,V09,V09,V09 - PRODUCTOS RADIOFARMACÉUTICOS PARA DIAGNÓSTICO,V09 - PRODUCTOS RADIOFARMACÉUTICOS PARA DIAGNÓSTICO
4997,V09A,V09A,V09A - SISTEMA NERVIOSO CENTRAL,V09A - SISTEMA NERVIOSO CENTRAL
4998,V09AA,V09AA,V09AA - Compuestos con Tecnecio (99mTc),V09AA - Compuestos con Tecnecio (99mTc)
4999,V09AA01,V09AA01,V09AA01 - Tecnecio (99mTc) exametazima,V09AA01 - Tecnecio (99mTc) exametazima
5000,V09AA02,V09AA02,"V09AA02 - Tecnecio (99mTc), bicisato de","V09AA02 - Tecnecio (99mTc), bicisato de"
5001,V09AB,V09AB,V09AB - Compuestos con Iodo (123I),V09AB - Compuestos con Iodo (123I)
5002,V09AB01,V09AB01,V09AB01 - Iodo (123I) iofetamina,V09AB01 - Iodo (123I) iofetamina
5003,V09AB02,V09AB02,V09AB02 - Iodo (123I) ioloprida,V09AB02 - Iodo (123I) ioloprida
5004,V09AB03,V09AB03,V09AB03 - Iodo (123I) ioflupano,V09AB03 - Iodo (123I) ioflupano
5005,V09AX,V09AX,V09AX - Otros radiofarmacéuticos para el diagnóstico del sistema nervioso central,V09AX - Otros radiofarmacéuticos para el diagnóstico del sistema nervioso central
5006,V09AX01,V09AX01,"V09AX01 - Indio (111In), pentetato de","V09AX01 - Indio (111In), pentetato de"
5007,L01XE05,L01XE05,L01XE05 - Sorafenib,L01XE05 - Sorafenib
5008,V09B,V09B,V09B - ESQUELETO,V09B - ESQUELETO
5009,V09BA,V09BA,V09BA - Compuestos con Tecnecio (99mTc),V09BA - Compuestos con Tecnecio (99mTc)
5010,V09BA01,V09BA01,V09BA01 - Tecnecio (99mTc) ácido oxidrónico,V09BA01 - Tecnecio (99mTc) ácido oxidrónico
5011,V09BA02,V09BA02,V09BA02 - Tecnecio (99mTc) ácido medrónico,V09BA02 - Tecnecio (99mTc) ácido medrónico
5012,V09BA03,V09BA03,"V09BA03 - Tecnecio (99mTc), pirofosfato de","V09BA03 - Tecnecio (99mTc), pirofosfato de"
5013,V09BA04,V09BA04,V09BA04 - Tecnecio (99mTc) ácido butedrónico,V09BA04 - Tecnecio (99mTc) ácido butedrónico
5014,V09C,V09C,V09C - SISTEMA RENAL,V09C - SISTEMA RENAL
5015,V09CA,V09CA,V09CA - Compuestos con Tecnecio (99mTc),V09CA - Compuestos con Tecnecio (99mTc)
5016,V09CA01,V09CA01,V09CA01 - Tecnecio (99mTc) ácido pentético,V09CA01 - Tecnecio (99mTc) ácido pentético
5017,V09CA02,V09CA02,V09CA02 - Tecnecio (99mTc) succímero,V09CA02 - Tecnecio (99mTc) succímero
5018,V09CA03,V09CA03,V09CA03 - Tecnecio (99mTc) mertiátida,V09CA03 - Tecnecio (99mTc) mertiátida
5019,V09CA04,V09CA04,"V09CA04 - Tecnecio (99mTc), glucoheptonato de","V09CA04 - Tecnecio (99mTc), glucoheptonato de"
5020,V09CA05,V09CA05,"V09CA05 - Tecnecio (99mTc), gluconato de","V09CA05 - Tecnecio (99mTc), gluconato de"
5021,V09CX,V09CX,V09CX - Otros productos radiofarmacéuticos para el diagnóstico del sistema renal,V09CX - Otros productos radiofarmacéuticos para el diagnóstico del sistema renal
5022,V09CX01,V09CX01,V09CX01 - Iodohipurato de sodio (123I),V09CX01 - Iodohipurato de sodio (123I)
5023,V09CX02,V09CX02,V09CX02 - Iodohipurato de sodio (131I),V09CX02 - Iodohipurato de sodio (131I)
5024,V09CX03,V09CX03,V09CX03 - Iotalamato de sodio (125I),V09CX03 - Iotalamato de sodio (125I)
5025,V09CX04,V09CX04,"V09CX04 - Cromo(51Cr), edetato de","V09CX04 - Cromo(51Cr), edetato de"
5026,V09D,V09D,V09D - HÍGADO Y SISTEMA RETÍCULO ENDOTELIAL,V09D - HÍGADO Y SISTEMA RETÍCULO ENDOTELIAL
5027,V09DA,V09DA,V09DA - Compuestos con Tecnecio (99mTc),V09DA - Compuestos con Tecnecio (99mTc)
5028,V09DA01,V09DA01,V09DA01 - Tecnecio (99mTc) disofenina,V09DA01 - Tecnecio (99mTc) disofenina
5029,V09DA02,V09DA02,V09DA02 - Tecnecio (99mTc) etifenina,V09DA02 - Tecnecio (99mTc) etifenina
5030,V09DA03,V09DA03,V09DA03 - Tecnecio (99mTc) lidofenina,V09DA03 - Tecnecio (99mTc) lidofenina
5031,V09DA04,V09DA04,V09DA04 - Tecnecio (99mTc) mebrofenina,V09DA04 - Tecnecio (99mTc) mebrofenina
5032,V09DA05,V09DA05,V09DA05 - Tecnecio (99mTc) galtifenina,V09DA05 - Tecnecio (99mTc) galtifenina
5033,V09DB,V09DB,V09DB - Partículas y coloides con Tecnecio (99mTc),V09DB - Partículas y coloides con Tecnecio (99mTc)
5034,V09DB01,V09DB01,V09DB01 - Tecnecio (99mTc) nanocoloidal,V09DB01 - Tecnecio (99mTc) nanocoloidal
5035,V09DB02,V09DB02,V09DB02 - Tecnecio (99mTc) microcoloidal,V09DB02 - Tecnecio (99mTc) microcoloidal
5036,V09DB03,V09DB03,V09DB03 - Tecnecio (99mTc) milimicroesferas,V09DB03 - Tecnecio (99mTc) milimicroesferas
5037,V09DB04,V09DB04,V09DB04 - Tecnecio (99mTc) lámina coloide,V09DB04 - Tecnecio (99mTc) lámina coloide
5038,V09DB05,V09DB05,V09DB05 - Tecnecio (99mTc) azufre colide,V09DB05 - Tecnecio (99mTc) azufre colide
5039,V09DB06,V09DB06,V09DB06 - Tecnecio (99mTc) reniosulfuro,V09DB06 - Tecnecio (99mTc) reniosulfuro
5040,V09DB07,V09DB07,V09DB07 - Tecnecio (99mTc) fitato,V09DB07 - Tecnecio (99mTc) fitato
5041,V09DX,V09DX,V09DX - Otros productos radiofarmacéuticospara el diagnóstico del hígado y el sistema retículo endotelial,V09DX - Otros productos radiofarmacéuticospara el diagnóstico del hígado y el sistema retículo endotelial
5042,V09DX01,V09DX01,V09DX01 - Selenio (75Se) acido tauroselcólico,V09DX01 - Selenio (75Se) acido tauroselcólico
5043,V09E,V09E,V09E - SISTEMA RESPIRATORIO,V09E - SISTEMA RESPIRATORIO
5044,V09EA,V09EA,V09EA - Inhalaciones con Tecnecio (99mTc),V09EA - Inhalaciones con Tecnecio (99mTc)
5045,V09EA01,V09EA01,V09EA01 - Tecnecio (99mTc) ácido pentético,V09EA01 - Tecnecio (99mTc) ácido pentético
5046,V09EA02,V09EA02,V09EA02 - Tecnecio (99mTc) tecnegas,V09EA02 - Tecnecio (99mTc) tecnegas
5047,V09EA03,V09EA03,V09EA03 - Tecnecio (99mTc) nanocoloidal,V09EA03 - Tecnecio (99mTc) nanocoloidal
5048,V09EB,V09EB,V09EB - Partículas de Tecnecio (99mTc) para inyección,V09EB - Partículas de Tecnecio (99mTc) para inyección
5049,V09EB01,V09EB01,V09EB01 - Tecnecio (99mTc) macrosalb,V09EB01 - Tecnecio (99mTc) macrosalb
5050,V09EB02,V09EB02,V09EB02 - Tecnecio (99mTc) microesferas,V09EB02 - Tecnecio (99mTc) microesferas
5051,V09EX,V09EX,V09EX - Otros productos radiofarmacéuticos para el diagnóstico del sistema respiratorio,V09EX - Otros productos radiofarmacéuticos para el diagnóstico del sistema respiratorio
5052,V09EX01,V09EX01,V09EX01 - Criptón(81mKr) gas,V09EX01 - Criptón(81mKr) gas
5053,V09EX02,V09EX02,V09EX02 - Xenón (127Xe) gas,V09EX02 - Xenón (127Xe) gas
5054,V09EX03,V09EX03,V09EX03 - Xenón (133Xe) gas,V09EX03 - Xenón (133Xe) gas
5055,V09F,V09F,V09F - TIROIDES,V09F - TIROIDES
5056,V09FX,V09FX,"V09FX - Productos radiofarmacéuticos para el diagnóstico de la tiroides, varios","V09FX - Productos radiofarmacéuticos para el diagnóstico de la tiroides, varios"
5057,V09FX01,V09FX01,"V09FX01 - Tecnecio (99mTc), pertecnetato de","V09FX01 - Tecnecio (99mTc), pertecnetato de"
5058,V09FX02,V09FX02,V09FX02 - Ioduro (123I) de sodio,V09FX02 - Ioduro (123I) de sodio
5059,V09FX03,V09FX03,V09FX03 - Ioduro (131I) de sodio,V09FX03 - Ioduro (131I) de sodio
5060,V09G,V09G,V09G - SISTEMA CARDIOVASCULAR,V09G - SISTEMA CARDIOVASCULAR
5061,V09GA,V09GA,V09GA - Compuestos con Tecnecio (99mTc),V09GA - Compuestos con Tecnecio (99mTc)
5062,V09GA01,V09GA01,V09GA01 - Tecnecio (99mTc) sestamibi,V09GA01 - Tecnecio (99mTc) sestamibi
5063,V09GA02,V09GA02,V09GA02 - Tecnecio (99mTc) tetrofosmina,V09GA02 - Tecnecio (99mTc) tetrofosmina
5064,V09GA03,V09GA03,V09GA03 - Tecnecio (99mTc) teboroxima,V09GA03 - Tecnecio (99mTc) teboroxima
5065,C01EB18,C01EB18,C01EB18 - Ranolazina,C01EB18 - Ranolazina
5066,V09GA05,V09GA05,"V09GA05 - Tecnecio (99mTc), furifosmina de","V09GA05 - Tecnecio (99mTc), furifosmina de"
5067,V09GA06,V09GA06,V09GA06 - Tecnecio (99mTc) células marcadas con estaño,V09GA06 - Tecnecio (99mTc) células marcadas con estaño
5068,V09GA07,V09GA07,V09GA07 - Tecnecio (99mTc) apcitida,V09GA07 - Tecnecio (99mTc) apcitida
5069,V09GB,V09GB,V09GB - Compuestos con Iodo (125I),V09GB - Compuestos con Iodo (125I)
5070,V09GB01,V09GB01,V09GB01 - Fibrinógeno (125I),V09GB01 - Fibrinógeno (125I)
5071,V09GB02,V09GB02,V09GB02 - Iodo (125I) albúmina humana,V09GB02 - Iodo (125I) albúmina humana
5072,V09GX,V09GX,V09GX - Otros radiofarmacéuticos para el diagnóstico del sistema cardiovascular,V09GX - Otros radiofarmacéuticos para el diagnóstico del sistema cardiovascular
5073,V09GX01,V09GX01,"V09GX01 - Talio (201TL), cloruro de","V09GX01 - Talio (201TL), cloruro de"
5074,V09GX02,V09GX02,V09GX02 - Indio (111In) imciromab,V09GX02 - Indio (111In) imciromab
5075,V09GX03,V09GX03,"V09GX03 - Cromo (51Cr), células marcadas con","V09GX03 - Cromo (51Cr), células marcadas con"
5076,V09H,V09H,V09H - DETECCIÓN DE INFLAMACIÓN E INFECCIONES,V09H - DETECCIÓN DE INFLAMACIÓN E INFECCIONES
5077,V09HA,V09HA,V09HA - Compuestos con Tecnecio (99mTc),V09HA - Compuestos con Tecnecio (99mTc)
5078,V09HA01,V09HA01,V09HA01 - Tecnecio (99mTc) inmunoglobulina humana,V09HA01 - Tecnecio (99mTc) inmunoglobulina humana
5079,V09HA02,V09HA02,"V09HA02 - Tecnecio (99mTc) exametazima, células marcadas con","V09HA02 - Tecnecio (99mTc) exametazima, células marcadas con"
5080,V09HA03,V09HA03,V09HA03 - Tecnecio (99mTc) anticuerpos antigranulocitos,V09HA03 - Tecnecio (99mTc) anticuerpos antigranulocitos
5081,V09HA04,V09HA04,V09HA04 - Tecnecio (99mTc) sulesomab,V09HA04 - Tecnecio (99mTc) sulesomab
5082,V09HB,V09HB,V09HB - Compuestos con Indio (111In),V09HB - Compuestos con Indio (111In)
5083,V09HB01,V09HB01,"V09HB01 - Indio (111In), oxinato de, células marcadas con","V09HB01 - Indio (111In), oxinato de, células marcadas con"
5084,V09HB02,V09HB02,"V09HB02 - Indio (111In), tropolonato de, células marcadas con","V09HB02 - Indio (111In), tropolonato de, células marcadas con"
5085,V09HX,V09HX,V09HX - Otros productos radiofarmacéuticos para la detección de la inflamación y las infecciones,V09HX - Otros productos radiofarmacéuticos para la detección de la inflamación y las infecciones
5086,V09HX01,V09HX01,"V09HX01 - Galio (67Ga), citrato de","V09HX01 - Galio (67Ga), citrato de"
5087,V09I,V09I,V09I - DETECCIÓN DE TUMORES,V09I - DETECCIÓN DE TUMORES
5088,V09IA,V09IA,V09IA - Compuestos con Tecnecio (99mTc),V09IA - Compuestos con Tecnecio (99mTc)
5089,V09IA01,V09IA01,V09IA01 - Tecnecio (99mTc) anticuerpo contra antígeno carcinoembrionario,V09IA01 - Tecnecio (99mTc) anticuerpo contra antígeno carcinoembrionario
5090,V09IA02,V09IA02,V09IA02 - Tecnecio (99mTc) anticuerpo antimelanoma,V09IA02 - Tecnecio (99mTc) anticuerpo antimelanoma
5091,V09IA03,V09IA03,V09IA03 - Tecnecio (99mTc) succímero pentavalente,V09IA03 - Tecnecio (99mTc) succímero pentavalente
5092,V09IA04,V09IA04,V09IA04 - Tecnecio (99mTc) votumumab,V09IA04 - Tecnecio (99mTc) votumumab
5093,V09IA05,V09IA05,V09IA05 - Tecnecio (99mTc) depreotida,V09IA05 - Tecnecio (99mTc) depreotida
5094,V09IA06,V09IA06,V09IA06 - Tecnecio (99m Tc) arcitumomab,V09IA06 - Tecnecio (99m Tc) arcitumomab
5095,V09IB,V09IB,V09IB - Compuestos con Indio (111In),V09IB - Compuestos con Indio (111In)
5096,V09IB01,V09IB01,V09IB01 - Indio (111In) pentetreotida,V09IB01 - Indio (111In) pentetreotida
5097,V09IB02,V09IB02,V09IB02 - Indio (111In) satumomab pentetida,V09IB02 - Indio (111In) satumomab pentetida
5098,V09IB03,V09IB03,V09IB03 - Indio (111In) anticuerpo anticarcinoma de ovario,V09IB03 - Indio (111In) anticuerpo anticarcinoma de ovario
5099,V09IB04,V09IB04,V09IB04 - Indio (111In) capromab pentetida,V09IB04 - Indio (111In) capromab pentetida
5100,V09IX,V09IX,V09IX - Otros productos radiofarmacéuticos para la detección de tumores,V09IX - Otros productos radiofarmacéuticos para la detección de tumores
5101,V09IX01,V09IX01,V09IX01 - Iobenguano (123I),V09IX01 - Iobenguano (123I)
5102,V09IX02,V09IX02,V09IX02 - Iobenguano (131I),V09IX02 - Iobenguano (131I)
5103,V09IX03,V09IX03,V09IX03 - Iodo (125I) CC49-anticuerpo monoclonal,V09IX03 - Iodo (125I) CC49-anticuerpo monoclonal
5104,V09X,V09X,V09X - OTROS PRODUCTOS RADIOFARMACÉUTICOS PARA DIAGNÓSTICO,V09X - OTROS PRODUCTOS RADIOFARMACÉUTICOS PARA DIAGNÓSTICO
5105,V09XA,V09XA,V09XA - Compuestos con Iodo (131I),V09XA - Compuestos con Iodo (131I)
5106,V09XA01,V09XA01,V09XA01 - Iodo (131I) norcolesterol,V09XA01 - Iodo (131I) norcolesterol
5107,V09XA02,V09XA02,V09XA02 - Iodocolesterol (131I),V09XA02 - Iodocolesterol (131I)
5108,V09XX,V09XX,"V09XX - Productos radiofarmacéuticos para diagnóstico, varios","V09XX - Productos radiofarmacéuticos para diagnóstico, varios"
5109,V09XX01,V09XX01,V09XX01 - Cobalto (57Co) cianocobalamina,V09XX01 - Cobalto (57Co) cianocobalamina
5110,V09XX02,V09XX02,V09XX02 - Cobalto (58Co) cianocobalamina,V09XX02 - Cobalto (58Co) cianocobalamina
5111,V09XX03,V09XX03,V09XX03 - Selenio (75Se) norcolesterol,V09XX03 - Selenio (75Se) norcolesterol
5112,V09XX04,V09XX04,V09XX04 - Férrico (59Fe) citrato,V09XX04 - Férrico (59Fe) citrato
5113,V10,V10,V10 - PRODUCTOS RADIOFARMACÉUTICOS TERAPÉUTICOS,V10 - PRODUCTOS RADIOFARMACÉUTICOS TERAPÉUTICOS
5114,V10A,V10A,V10A - AGENTES ANTIINFLAMATORIOS,V10A - AGENTES ANTIINFLAMATORIOS
5115,V10AA,V10AA,V10AA - Compuestos con Itrio (90Y),V10AA - Compuestos con Itrio (90Y)
5116,V10AA01,V10AA01,V10AA01 - Itrio (90Y) citrato coloidal,V10AA01 - Itrio (90Y) citrato coloidal
5117,V10AA02,V10AA02,V10AA02 - Itrio (90Y) ferrihidróxido coloidal,V10AA02 - Itrio (90Y) ferrihidróxido coloidal
5118,V10AA03,V10AA03,V10AA03 - Itrio (90Y) silicato coloidal,V10AA03 - Itrio (90Y) silicato coloidal
5119,V10AX,V10AX,V10AX - Otros productos radiofarmacéuticos antiinflamatorios,V10AX - Otros productos radiofarmacéuticos antiinflamatorios
5120,V10AX01,V10AX01,V10AX01 - Fósforo (32P) fosfato crómico coloidal,V10AX01 - Fósforo (32P) fosfato crómico coloidal
5121,V10AX02,V10AX02,V10AX02 - Samario (153Sm) hidroxiapatita coloidal,V10AX02 - Samario (153Sm) hidroxiapatita coloidal
5122,V10AX03,V10AX03,V10AX03 - Disprosio (165Dy) coloidal,V10AX03 - Disprosio (165Dy) coloidal
5123,V10AX04,V10AX04,V10AX04 - Erbio (169Er) citrato coloidal,V10AX04 - Erbio (169Er) citrato coloidal
5124,V10AX05,V10AX05,V10AX05 - Renio (185Re) sulfuro coloidal,V10AX05 - Renio (185Re) sulfuro coloidal
5125,V10AX06,V10AX06,V10AX06 - Oro (198Au) coloidal,V10AX06 - Oro (198Au) coloidal
5126,V10B,V10B,V10B - PALIACIÓN DEL DOLOR (AGENTES CON TROPISMO ÓSEO),V10B - PALIACIÓN DEL DOLOR (AGENTES CON TROPISMO ÓSEO)
5127,V10BX,V10BX,"V10BX - Productos radiofarmacéuticos para la paliación del dolor, varios","V10BX - Productos radiofarmacéuticos para la paliación del dolor, varios"
5128,V10BX01,V10BX01,V10BX01 - Estroncio (89Sr) cloruro de,V10BX01 - Estroncio (89Sr) cloruro de
5129,V10BX02,V10BX02,V10BX02 - Samario (153Sm) lexidronam,V10BX02 - Samario (153Sm) lexidronam
5130,V10BX03,V10BX03,V10BX03 - Renio (185Re) ácido etidrónico,V10BX03 - Renio (185Re) ácido etidrónico
5131,V10X,V10X,V10X - OTROS PRODUCTOS RADIOFARMACÉUTICOS TERAPÉUTICOS,V10X - OTROS PRODUCTOS RADIOFARMACÉUTICOS TERAPÉUTICOS
5132,V10XA,V10XA,V10XA - Compuestos con Iodo (131I),V10XA - Compuestos con Iodo (131I)
5133,V10XA01,V10XA01,V10XA01 - Ioduro de sodio (131I),V10XA01 - Ioduro de sodio (131I)
5134,V10XA02,V10XA02,V10XA02 - Iobenguano (131I),V10XA02 - Iobenguano (131I)
5135,V10XA53,V10XA53,V10XA53 - Tositumomab/iodo (131I) tositumomab,V10XA53 - Tositumomab/iodo (131I) tositumomab
5136,V10XX,V10XX,"V10XX - Productos radiofarmacéuticos terapéuticos, varios","V10XX - Productos radiofarmacéuticos terapéuticos, varios"
5137,V10XX01,V10XX01,V10XX01 - Fosfato de sodio (32P),V10XX01 - Fosfato de sodio (32P)
5138,V20,V20,V20 - VENDAJES QUIRÚRGICOS,V20 - VENDAJES QUIRÚRGICOS
5139,S01EE02,S01EE02,S01EE02 - Unoprostona,S01EE02 - Unoprostona
5140,R06AE09,R06AE09,R06AE09 - Levocetirizina,R06AE09 - Levocetirizina
5141,S01EE01,S01EE01,S01EE01 - Latanoprost,S01EE01 - Latanoprost
5142,A02BA08,A02BA08,A02BA08 - Lafutidina,A02BA08 - Lafutidina
5143,A02BA53,A02BA53,"A02BA53 - Famotidina, combinaciones con","A02BA53 - Famotidina, combinaciones con"
5144,A16AB05,A16AB05,A16AB05 - Laronidase,A16AB05 - Laronidase
5145,A16AX06,A16AX06,A16AX06 - Miglustat,A16AX06 - Miglustat
5146,B01AD11,B01AD11,B01AD11 - Tenecteplasa,B01AD11 - Tenecteplasa
5147,B01AD12,B01AD12,B01AD12 - Proteína C,B01AD12 - Proteína C
5148,B01AX05,B01AX05,B01AX05 - Fondaparinux,B01AX05 - Fondaparinux
5149,B03AC07,B03AC07,"B03AC07 - Ferrico sodico gluconato, complejo de","B03AC07 - Ferrico sodico gluconato, complejo de"
5150,C02KX,C02KX,C02KX - Otros antihipertensivos,C02KX - Otros antihipertensivos
5151,C02KX01,C02KX01,C02KX01 - Bosentano,C02KX01 - Bosentano
5152,C09BB12,C09BB12,C09BB12 - Delapril y manidipino,C09BB12 - Delapril y manidipino
5153,C10AA07,C10AA07,C10AA07 - Rosuvastatina,C10AA07 - Rosuvastatina
5154,C10AA51,C10AA51,"C10AA51 - Simvastatina, envases combinados","C10AA51 - Simvastatina, envases combinados"
5155,C10AC04,C10AC04,C10AC04 - Colesevelam,C10AC04 - Colesevelam
5156,C10AX09,C10AX09,C10AX09 - Ezetimiba,C10AX09 - Ezetimiba
5157,D01AE23,D01AE23,D01AE23 - Butenafina,D01AE23 - Butenafina
5158,D05AX52,D05AX52,"D05AX52 - Calcipotriol, combinaciones con","D05AX52 - Calcipotriol, combinaciones con"
5159,D08AJ59,D08AJ59,"D08AJ59 - Dodeclonio, bromuro de, combinaciones con","D08AJ59 - Dodeclonio, bromuro de, combinaciones con"
5160,G03CC06,G03CC06,G03CC06 - Estriol,G03CC06 - Estriol
5161,G03GA08,G03GA08,G03GA08 - Coriogonadotropina alfa,G03GA08 - Coriogonadotropina alfa
5162,G04BE07,G04BE07,G04BE07 - Apomorfina,G04BE07 - Apomorfina
5163,G04BE08,G04BE08,G04BE08 - Tadalafilo,G04BE08 - Tadalafilo
5164,G04BE09,G04BE09,G04BE09 - Vardenafilo,G04BE09 - Vardenafilo
5165,G04CB02,G04CB02,G04CB02 - Dutasterida,G04CB02 - Dutasterida
5166,H05AA02,H05AA02,H05AA02 - Teriparatida,H05AA02 - Teriparatida
5167,J01FA15,J01FA15,J01FA15 - Telitromicina,J01FA15 - Telitromicina
5168,J02AC03,J02AC03,J02AC03 - Voriconazol,J02AC03 - Voriconazol
5169,J05AB14,J05AB14,J05AB14 - Valganciclovir,J05AB14 - Valganciclovir
5170,J05AF07,J05AF07,J05AF07 - Tenofovir disoproxilo,J05AF07 - Tenofovir disoproxilo
5171,J05AX06,J05AX06,J05AX06 - Pleconarilo,J05AX06 - Pleconarilo
5172,J07AH07,J07AH07,"J07AH07 - Meningococo C, antígenos conjugado de polisacáridos purificados","J07AH07 - Meningococo C, antígenos conjugado de polisacáridos purificados"
5173,J07CA09,J07CA09,J07CA09 - Difteria-Haemophilus influenzae B- pertussis-poliomielitis- tétanos-hepatitis B,J07CA09 - Difteria-Haemophilus influenzae B- pertussis-poliomielitis- tétanos-hepatitis B
5174,L01CX,L01CX,L01CX - Otros alcaloides de plantas y productos naturales,L01CX - Otros alcaloides de plantas y productos naturales
5175,L01CX01,L01CX01,L01CX01 - Trabectedina,L01CX01 - Trabectedina
5176,L04AA34,L04AA34,L04AA34 - Alemtuzumab,L04AA34 - Alemtuzumab
5177,L01XD04,L01XD04,L01XD04 - Ácido aminolevulinico,L01XD04 - Ácido aminolevulinico
5178,L01XX31,L01XX31,L01XX31 - Gefitinib,L01XX31 - Gefitinib
5179,L03AA13,L03AA13,L03AA13 - Pegfilgrastim,L03AA13 - Pegfilgrastim
5180,M01AH03,M01AH03,M01AH03 - Valdecoxib,M01AH03 - Valdecoxib
5181,M01AH04,M01AH04,M01AH04 - Parecoxib,M01AH04 - Parecoxib
5182,M01AX25,M01AX25,M01AX25 - Condroitin sulfato,M01AX25 - Condroitin sulfato
5183,N02CC06,N02CC06,N02CC06 - Eletriptán,N02CC06 - Eletriptán
5184,N03AX15,N03AX15,N03AX15 - Zonisamida,N03AX15 - Zonisamida
5185,N04BA01,N04BA01,N04BA01 - Levodopa,N04BA01 - Levodopa
5186,N06AB10,N06AB10,N06AB10 - Escitalopram,N06AB10 - Escitalopram
5187,N06AX19,N06AX19,N06AX19 - Gepirona,N06AX19 - Gepirona
5188,N07XX03,N07XX03,N07XX03 - Xaliprodeno,N07XX03 - Xaliprodeno
5189,P01AA01,P01AA01,P01AA01 - Broxiquinolina,P01AA01 - Broxiquinolina
5190,R03DX06,R03DX06,R03DX06 - Seratrodast,R03DX06 - Seratrodast
5191,B02BX04,B02BX04,B02BX04 - Romiplostim,B02BX04 - Romiplostim
5192,R07AX01,R07AX01,R07AX01 - Óxido nítrico,R07AX01 - Óxido nítrico
5193,S01AX18,S01AX18,S01AX18 - Povidona iodada,S01AX18 - Povidona iodada
5194,C01EB19,C01EB19,C01EB19 - Icatibanto,C01EB19 - Icatibanto
5195,V08DA05,V08DA05,V08DA05 - Hexafluoruro de azufre,V08DA05 - Hexafluoruro de azufre
5196,V09XA03,V09XA03,V09XA03 - Iodo (131I) albúmina humana,V09XA03 - Iodo (131I) albúmina humana
5197,R03BA08,R03BA08,R03BA08 - Ciclesonida,R03BA08 - Ciclesonida
5198,B01AE04,B01AE04,B01AE04 - Melagatran,B01AE04 - Melagatran
5199,B01AE05,B01AE05,B01AE05 - Ximelagatran,B01AE05 - Ximelagatran
5200,C03DA04,C03DA04,C03DA04 - Eplerenona,C03DA04 - Eplerenona
5201,S01GX10,S01GX10,S01GX10 - Epinastina,S01GX10 - Epinastina
5202,N02CC07,N02CC07,N02CC07 - Frovatriptan,N02CC07 - Frovatriptan
5203,C03X,C03X,C03X - OTROS DIURÉTICOS,C03X - OTROS DIURÉTICOS
5204,C03XA,C03XA,C03XA - Antagonistas de la vasopresina,C03XA - Antagonistas de la vasopresina
5205,C03XA01,C03XA01,C03XA01 - Tolvaptán,C03XA01 - Tolvaptán
5206,V09GA04,V09GA04,V09GA04 - Tecnecio (99mTc) albúmina humana,V09GA04 - Tecnecio (99mTc) albúmina humana
5207,C03XA02,C03XA02,C03XA02 - Conivaptán,C03XA02 - Conivaptán
5208,J01DD01,J01DD01,J01DD01 - Cefotaxima,J01DD01 - Cefotaxima
5209,C09BB04,C09BB04,C09BB04 - Perindopril y amlodipino,C09BB04 - Perindopril y amlodipino
5210,L01XX33,L01XX33,L01XX33 - Celecoxib,L01XX33 - Celecoxib
5211,C09DB02,C09DB02,C09DB02 - Olmesartán medoxomilo y amlodipino,C09DB02 - Olmesartán medoxomilo y amlodipino
5212,N05AX12,N05AX12,N05AX12 - Aripiprazol,N05AX12 - Aripiprazol
5213,C01EB17,C01EB17,C01EB17 - Ivabradina,C01EB17 - Ivabradina
5214,A01AB23,A01AB23,A01AB23 - Minociclina,A01AB23 - Minociclina
5216,A04AD12,A04AD12,A04AD12 - Aprepitant,A04AD12 - Aprepitant
5217,L01XE10,L01XE10,L01XE10 - Everolimus,L01XE10 - Everolimus
5218,C10AX10,C10AX10,C10AX10 - Alipogén tiparvovec,C10AX10 - Alipogén tiparvovec
5219,D11AX19,D11AX19,D11AX19 - Alitretinoína,D11AX19 - Alitretinoína
5220,G02CB06,G02CB06,G02CB06 - Tergurida,G02CB06 - Tergurida
5221,A10AB06,A10AB06,A10AB06 - Insulina glulisina,A10AB06 - Insulina glulisina
5222,A10AD05,A10AD05,A10AD05 - Insulina asparta,A10AD05 - Insulina asparta
5223,A10AE05,A10AE05,A10AE05 - Insulina detemir,A10AE05 - Insulina detemir
5224,A10BD03,A10BD03,A10BD03 - Metformina y rosiglitazona,A10BD03 - Metformina y rosiglitazona
5225,A11CC07,A11CC07,A11CC07 - Paricalcitol,A11CC07 - Paricalcitol
5226,A11DA03,A11DA03,A11DA03 - Benfotiamina,A11DA03 - Benfotiamina
5227,A16AB06,A16AB06,A16AB06 - Sacrosidasa,A16AB06 - Sacrosidasa
5228,A16AB07,A16AB07,A16AB07 - Alglucosidasa alfa,A16AB07 - Alglucosidasa alfa
5229,B01AB12,B01AB12,B01AB12 - Bemiparina,B01AB12 - Bemiparina
5230,B01AC19,B01AC19,B01AC19 - Beraprost,B01AC19 - Beraprost
5231,B01AC21,B01AC21,B01AC21 - Treprostinilo,B01AC21 - Treprostinilo
5232,B01AE,B01AE,B01AE - Inhibidores directos de la trombina,B01AE - Inhibidores directos de la trombina
5233,B01AE01,B01AE01,B01AE01 - Desirudina,B01AE01 - Desirudina
5234,B01AE02,B01AE02,B01AE02 - Lepirudina,B01AE02 - Lepirudina
5235,B01AE03,B01AE03,B01AE03 - Argatroban,B01AE03 - Argatroban
5236,B01AE06,B01AE06,B01AE06 - Bivalirudina,B01AE06 - Bivalirudina
5237,B02BC30,B02BC30,B02BC30 - Combinaciones,B02BC30 - Combinaciones
5238,B03AD04,B03AD04,B03AD04 - Complejos polimaltosados de óxido férrico y ácido fólico,B03AD04 - Complejos polimaltosados de óxido férrico y ácido fólico
5239,B03BA05,B03BA05,B03BA05 - Mecobalamina,B03BA05 - Mecobalamina
5240,C01DX19,C01DX19,C01DX19 - Nesiritida,C01DX19 - Nesiritida
5241,C01EB16,C01EB16,C01EB16 - Ibuprofeno,C01EB16 - Ibuprofeno
5242,C02CA05,C02CA05,C02CA05 - Terazosina,C02CA05 - Terazosina
5243,C02LC05,C02LC05,C02LC05 - Moxonidina y diuréticos,C02LC05 - Moxonidina y diuréticos
5244,C04AX32,C04AX32,C04AX32 - Fasudil,C04AX32 - Fasudil
5245,C08CA15,C08CA15,C08CA15 - Benidipino,C08CA15 - Benidipino
5246,C09BB02,C09BB02,C09BB02 - Enalapril y lercanidipino,C09BB02 - Enalapril y lercanidipino
5247,C09CA08,C09CA08,C09CA08 - Olmesartan medoxomilo,C09CA08 - Olmesartan medoxomilo
5248,C09DA02,C09DA02,C09DA02 - Eprosartan y diuréticos,C09DA02 - Eprosartan y diuréticos
5249,C09DA07,C09DA07,C09DA07 - Telmisartán y diuréticos,C09DA07 - Telmisartán y diuréticos
5250,C09DA08,C09DA08,C09DA08 - Olmesartán medoxomilo y diuréticos,C09DA08 - Olmesartán medoxomilo y diuréticos
5251,C10AA52,C10AA52,"C10AA52 - Lovastatina, combinaciones","C10AA52 - Lovastatina, combinaciones"
5252,C10AA53,C10AA53,"C10AA53 - Pravastatina, combinaciones","C10AA53 - Pravastatina, combinaciones"
5253,C10AA55,C10AA55,"C10AA55 - Atorvastatina, combinaciones","C10AA55 - Atorvastatina, combinaciones"
5254,D03AX10,D03AX10,D03AX10 - Enoxolona,D03AX10 - Enoxolona
5255,D06BA05,D06BA05,D06BA05 - Sulfanilamida,D06BA05 - Sulfanilamida
5256,D06BA06,D06BA06,D06BA06 - Sulfamerazina,D06BA06 - Sulfamerazina
5257,D06BA55,D06BA55,"D06BA55 - Sulfanilamida, combinaciones con","D06BA55 - Sulfanilamida, combinaciones con"
5258,D06BB11,D06BB11,D06BB11 - Docosanol,D06BB11 - Docosanol
5259,D06BB51,D06BB51,"D06BB51 - Idoxuridina, combinaciones con","D06BB51 - Idoxuridina, combinaciones con"
5260,D07AC30,D07AC30,D07AC30 - Asoc.corticosteroides moderad. Potentes,D07AC30 - Asoc.corticosteroides moderad. Potentes
5261,D09AA13,D09AA13,D09AA13 - Iodoformo,D09AA13 - Iodoformo
5262,D10AA52,D10AA52,"D10AA52 - Metilprednisolona, combinaciones con","D10AA52 - Metilprednisolona, combinaciones con"
5263,D10AB52,D10AB52,"D10AB52 - Azufre, combinaciones con","D10AB52 - Azufre, combinaciones con"
5264,D11AX15,D11AX15,D11AX15 - Pimecrolimus,D11AX15 - Pimecrolimus
5265,D11AX16,D11AX16,D11AX16 - Eflornitina,D11AX16 - Eflornitina
5266,D11AX17,D11AX17,D11AX17 - Cromoglícico ácido,D11AX17 - Cromoglícico ácido
5267,G01AF18,G01AF18,G01AF18 - Flutrimazol,G01AF18 - Flutrimazol
5268,G03AA13,G03AA13,G03AA13 - Norelgestromina y estrógeno,G03AA13 - Norelgestromina y estrógeno
5269,G03FA16,G03FA16,G03FA16 - Trimegestona y estrógeno,G03FA16 - Trimegestona y estrógeno
5270,G03FA17,G03FA17,G03FA17 - Drospirenona y estrógeno,G03FA17 - Drospirenona y estrógeno
5271,G04BD08,G04BD08,G04BD08 - Solifenacina,G04BD08 - Solifenacina
5272,G04BD09,G04BD09,"G04BD09 - Trospio, cloruro de","G04BD09 - Trospio, cloruro de"
5273,G04BD10,G04BD10,G04BD10 - Darifenacina,G04BD10 - Darifenacina
5274,H01AX,H01AX,H01AX - Otras hormonas del lóbulo anterior de la hipófisis y sus análogos,H01AX - Otras hormonas del lóbulo anterior de la hipófisis y sus análogos
5275,H01AX01,H01AX01,H01AX01 - Pegvisomat,H01AX01 - Pegvisomat
5276,H05BX01,H05BX01,H05BX01 - Cinacalcet,H05BX01 - Cinacalcet
5277,J01DB,J01DB,J01DB - Cefalosporinas de primera generación,J01DB - Cefalosporinas de primera generación
5278,J01DB01,J01DB01,J01DB01 - Cefalexina,J01DB01 - Cefalexina
5279,J01DB02,J01DB02,J01DB02 - Cefaloridina,J01DB02 - Cefaloridina
5280,J01DB03,J01DB03,J01DB03 - Cefalotina,J01DB03 - Cefalotina
5281,J01DB04,J01DB04,J01DB04 - Cefazolina,J01DB04 - Cefazolina
5282,J01DB05,J01DB05,J01DB05 - Cefadroxilo,J01DB05 - Cefadroxilo
5283,J01DB06,J01DB06,J01DB06 - Cefazedona,J01DB06 - Cefazedona
5284,J01DB07,J01DB07,J01DB07 - Cefatrizina,J01DB07 - Cefatrizina
5285,J01DB08,J01DB08,J01DB08 - Cefapirina,J01DB08 - Cefapirina
5286,J01DB09,J01DB09,J01DB09 - Cefradina,J01DB09 - Cefradina
5287,J01DB10,J01DB10,J01DB10 - Cefacetrilo,J01DB10 - Cefacetrilo
5288,J01DB11,J01DB11,J01DB11 - Cefroxadina,J01DB11 - Cefroxadina
5289,J01DB12,J01DB12,J01DB12 - Ceftezol,J01DB12 - Ceftezol
5290,J01DC,J01DC,J01DC - Cefalosporinas de segunda generación,J01DC - Cefalosporinas de segunda generación
5291,J01DC01,J01DC01,J01DC01 - Cefoxitina,J01DC01 - Cefoxitina
5292,J01DC02,J01DC02,J01DC02 - Cefuroxima,J01DC02 - Cefuroxima
5293,J01DC03,J01DC03,J01DC03 - Cefamandol,J01DC03 - Cefamandol
5294,J01DC04,J01DC04,J01DC04 - Cefaclor,J01DC04 - Cefaclor
5295,J01DC05,J01DC05,J01DC05 - Cefotetán,J01DC05 - Cefotetán
5296,J01DC06,J01DC06,J01DC06 - Cefonicida,J01DC06 - Cefonicida
5297,J01DC07,J01DC07,J01DC07 - Cefotiam,J01DC07 - Cefotiam
5298,J01DC08,J01DC08,J01DC08 - Loracarbef,J01DC08 - Loracarbef
5299,J01DC09,J01DC09,J01DC09 - Cefmetazol,J01DC09 - Cefmetazol
5300,J01DC10,J01DC10,J01DC10 - Cefprozilo,J01DC10 - Cefprozilo
5301,J01DC11,J01DC11,J01DC11 - Ceforanida,J01DC11 - Ceforanida
5302,J01DD,J01DD,J01DD - Cefalosporinas de tercera generación,J01DD - Cefalosporinas de tercera generación
5303,J01DD02,J01DD02,J01DD02 - Ceftazidima,J01DD02 - Ceftazidima
5304,J01DD03,J01DD03,J01DD03 - Cefsulodina,J01DD03 - Cefsulodina
5305,J01DD04,J01DD04,J01DD04 - Ceftriaxona,J01DD04 - Ceftriaxona
5306,J01DD05,J01DD05,J01DD05 - Cefmenoxima,J01DD05 - Cefmenoxima
5307,J01DD06,J01DD06,J01DD06 - Latamoxef,J01DD06 - Latamoxef
5308,J01DD07,J01DD07,J01DD07 - Ceftizoxima,J01DD07 - Ceftizoxima
5309,J01DD08,J01DD08,J01DD08 - Cefixima,J01DD08 - Cefixima
5310,J01DD09,J01DD09,J01DD09 - Cefodizima,J01DD09 - Cefodizima
5311,J01DD10,J01DD10,J01DD10 - Cefetamet,J01DD10 - Cefetamet
5312,J01DD11,J01DD11,J01DD11 - Cefpiramida,J01DD11 - Cefpiramida
5313,J01DD12,J01DD12,J01DD12 - Cefoperazona,J01DD12 - Cefoperazona
5314,J01DD13,J01DD13,J01DD13 - Cefpodoxima,J01DD13 - Cefpodoxima
5315,J01DD14,J01DD14,J01DD14 - Ceftibuteno,J01DD14 - Ceftibuteno
5316,J01DD15,J01DD15,J01DD15 - Cefdinir,J01DD15 - Cefdinir
5317,J01DD16,J01DD16,J01DD16 - Cefditoreno,J01DD16 - Cefditoreno
5318,J01DD54,J01DD54,"J01DD54 - Ceftriaxona, combinaciones con","J01DD54 - Ceftriaxona, combinaciones con"
5319,J01DD62,J01DD62,J01DD62 - Cefoperazona e inhibidores de la betalactamasa,J01DD62 - Cefoperazona e inhibidores de la betalactamasa
5320,J01DE,J01DE,J01DE - Cefalosporinas de cuarta generación,J01DE - Cefalosporinas de cuarta generación
5321,J01DE01,J01DE01,J01DE01 - Cefepima,J01DE01 - Cefepima
5322,J01DE02,J01DE02,J01DE02 - Cefpiroma,J01DE02 - Cefpiroma
5323,J01DH03,J01DH03,J01DH03 - Ertapenem,J01DH03 - Ertapenem
5324,J01EE06,J01EE06,J01EE06 - Sulfadiazina y tetroxoprima,J01EE06 - Sulfadiazina y tetroxoprima
5325,J01EE07,J01EE07,J01EE07 - Sulfamerazina y trimetoprima,J01EE07 - Sulfamerazina y trimetoprima
5326,J01MA17,J01MA17,J01MA17 - Prulifloxacino,J01MA17 - Prulifloxacino
5327,J01RA04,J01RA04,"J01RA04 - Espiramicina, combinación con otros antibacterianos","J01RA04 - Espiramicina, combinación con otros antibacterianos"
5328,J02AX05,J02AX05,J02AX05 - Micafungina,J02AX05 - Micafungina
5329,J02AX06,J02AX06,J02AX06 - Anidulafungina,J02AX06 - Anidulafungina
5330,J04AB05,J04AB05,J04AB05 - Rifapentina,J04AB05 - Rifapentina
5331,J04AM05,J04AM05,"J04AM05 - Rifampicina, pirazinamida e isoniazida","J04AM05 - Rifampicina, pirazinamida e isoniazida"
5332,J04AM06,J04AM06,"J04AM06 - Rifampicina, pirazinamida, etambutol e isoniazida","J04AM06 - Rifampicina, pirazinamida, etambutol e isoniazida"
5333,J05AB15,J05AB15,J05AB15 - Brivudina,J05AB15 - Brivudina
5334,J05AE07,J05AE07,J05AE07 - Fosamprenavir,J05AE07 - Fosamprenavir
5335,J05AE08,J05AE08,J05AE08 - Atazanavir,J05AE08 - Atazanavir
5336,J05AF08,J05AF08,J05AF08 - Adefovir dipivoxilo,J05AF08 - Adefovir dipivoxilo
5337,J05AF09,J05AF09,J05AF09 - Emtricitabina,J05AF09 - Emtricitabina
5338,J05AX07,J05AX07,J05AX07 - Enfuvirtida,J05AX07 - Enfuvirtida
5339,J07BD54,J07BD54,"J07BD54 - Sarampión, virus vivo atenuado combinado con la vacuna frente a la parotiditis, la varicela y la rubeola","J07BD54 - Sarampión, virus vivo atenuado combinado con la vacuna frente a la parotiditis, la varicela y la rubeola"
5340,J07CA10,J07CA10,J07CA10 - Tifoidea-hepatitis A,J07CA10 - Tifoidea-hepatitis A
5341,L01BA04,L01BA04,L01BA04 - Pemetrexed,L01BA04 - Pemetrexed
5342,L01XC05,L01XC05,L01XC05 - Gemtuzumab ozogamicina,L01XC05 - Gemtuzumab ozogamicina
5343,L01XC06,L01XC06,L01XC06 - Cetuximab,L01XC06 - Cetuximab
5344,L01XC07,L01XC07,L01XC07 - Bevacizumab,L01XC07 - Bevacizumab
5345,L01XD05,L01XD05,L01XD05 - Temoporfina,L01XD05 - Temoporfina
5346,L01XX32,L01XX32,L01XX32 - Bortezomib,L01XX32 - Bortezomib
5347,L01XX34,L01XX34,L01XX34 - Erlotinib,L01XX34 - Erlotinib
5348,L01XX35,L01XX35,L01XX35 - Anagrelida,L01XX35 - Anagrelida
5349,L02BX,L02BX,L02BX - Otros antagonistas de hormonas y sustancias relacionadas,L02BX - Otros antagonistas de hormonas y sustancias relacionadas
5350,L02BX01,L02BX01,L02BX01 - Abarelix,L02BX01 - Abarelix
5351,L03AX14,L03AX14,"L03AX14 - Histamina, dihidrocloruro","L03AX14 - Histamina, dihidrocloruro"
5352,L04AA15,L04AA15,L04AA15 - Alefacept,L04AA15 - Alefacept
5353,L04AA16,L04AA16,L04AA16 - Afelimomab,L04AA16 - Afelimomab
5354,L04AA17,L04AA17,L04AA17 - Adalimumab,L04AA17 - Adalimumab
5355,L04AA18,L04AA18,L04AA18 - Everolimus,L04AA18 - Everolimus
5356,L04AA19,L04AA19,L04AA19 - Gusperimus,L04AA19 - Gusperimus
5357,L04AA21,L04AA21,L04AA21 - Efalizumab,L04AA21 - Efalizumab
5358,L04AA23,L04AA23,L04AA23 - Natalizumab,L04AA23 - Natalizumab
5359,L04AX03,L04AX03,L04AX03 - Metotrexato,L04AX03 - Metotrexato
5360,M01AH05,M01AH05,M01AH05 - Etoricoxib,M01AH05 - Etoricoxib
5361,M01AH06,M01AH06,M01AH06 - Lumiracoxib,M01AH06 - Lumiracoxib
5362,M05BB02,M05BB02,"M05BB02 - Ácido risedrónico y calcio, preparados secuenciales","M05BB02 - Ácido risedrónico y calcio, preparados secuenciales"
5363,M05BX03,M05BX03,"M05BX03 - Estroncio, ranelato de","M05BX03 - Estroncio, ranelato de"
5364,N01BA20,N01BA20,"N01BA20 - Anestésicos tópicos ésteres, combinaciones con","N01BA20 - Anestésicos tópicos ésteres, combinaciones con"
5365,N02BG08,N02BG08,N02BG08 - Ziconotida,N02BG08 - Ziconotida
5366,N02CA03,N02CA03,N02CA03 - Metisergida,N02CA03 - Metisergida
5367,N03AX16,N03AX16,N03AX16 - Pregabalina,N03AX16 - Pregabalina
5368,N04BA03,N04BA03,N04BA03 - Levodopa con inhibidor de la descarboxilasa e inhibidor de la COMT,N04BA03 - Levodopa con inhibidor de la descarboxilasa e inhibidor de la COMT
5369,N04BA04,N04BA04,N04BA04 - Melevodopa,N04BA04 - Melevodopa
5370,N04BA05,N04BA05,N04BA05 - Melevodopa con inhibidor de la descarboxilasa,N04BA05 - Melevodopa con inhibidor de la descarboxilasa
5371,N04BA06,N04BA06,N04BA06 - Etilevodopa con inhibidor de la descarboxilasa,N04BA06 - Etilevodopa con inhibidor de la descarboxilasa
5372,N04BC08,N04BC08,N04BC08 - Piribedil,N04BC08 - Piribedil
5373,N04BD02,N04BD02,N04BD02 - Rasagilina,N04BD02 - Rasagilina
5374,N05AL07,N05AL07,N05AL07 - Levosulpirida,N05AL07 - Levosulpirida
5375,N05CM17,N05CM17,N05CM17 - Melatonina,N05CM17 - Melatonina
5376,N06AX21,N06AX21,N06AX21 - Duloxetina,N06AX21 - Duloxetina
5377,N06BA09,N06BA09,N06BA09 - Atomoxetina,N06BA09 - Atomoxetina
5378,N06BA10,N06BA10,N06BA10 - Fenetilina,N06BA10 - Fenetilina
5379,N07BC04,N07BC04,N07BC04 - Lofexidina,N07BC04 - Lofexidina
5380,N07BC51,N07BC51,"N07BC51 - Buprenorfina, combinaciones con","N07BC51 - Buprenorfina, combinaciones con"
5381,N07XX04,N07XX04,N07XX04 - Oxibato de sodio,N07XX04 - Oxibato de sodio
5382,P01BA05,P01BA05,P01BA05 - Mefloquina,P01BA05 - Mefloquina
5383,P02BX04,P02BX04,P02BX04 - Triclabendazol,P02BX04 - Triclabendazol
5384,R03DX07,R03DX07,R03DX07 - Roflumilast,R03DX07 - Roflumilast
5385,R05DB28,R05DB28,R05DB28 - Dimetoxanato,R05DB28 - Dimetoxanato
5386,S01AX19,S01AX19,S01AX19 - Levofloxacino,S01AX19 - Levofloxacino
5387,S01AX21,S01AX21,S01AX21 - Gatifloxacino,S01AX21 - Gatifloxacino
5388,S01EC05,S01EC05,S01EC05 - Metazolamida,S01EC05 - Metazolamida
5389,S01EE,S01EE,S01EE - Análogos de prostaglandinas,S01EE - Análogos de prostaglandinas
5390,S01EE03,S01EE03,S01EE03 - Bimatoprost,S01EE03 - Bimatoprost
5391,S01EE04,S01EE04,S01EE04 - Travoprost,S01EE04 - Travoprost
5392,S01FA51,S01FA51,S01FA51 - Atropina en asociacion,S01FA51 - Atropina en asociacion
5393,S01FB51,S01FB51,S01FB51 - Fenilefrina en asociacion,S01FB51 - Fenilefrina en asociacion
5394,S01XA16,S01XA16,S01XA16 - Anecortava,S01XA16 - Anecortava
5395,V03AB07,V03AB07,V03AB07 - Apomorfina,V03AB07 - Apomorfina
5396,V03AE03,V03AE03,"V03AE03 - Lantano, carbonato de","V03AE03 - Lantano, carbonato de"
5397,V03AN01,V03AN01,V03AN01 - Oxígeno,V03AN01 - Oxígeno
5398,V03AN02,V03AN02,V03AN02 - Dióxido de carbono,V03AN02 - Dióxido de carbono
5399,V03AN03,V03AN03,V03AN03 - Helio,V03AN03 - Helio
5400,V03AN04,V03AN04,V03AN04 - Nitrógeno,V03AN04 - Nitrógeno
5401,V08CA10,V08CA10,V08CA10 - Ácido gadoxético,V08CA10 - Ácido gadoxético
5402,V09IX04,V09IX04,V09IX04 - Fluodesoxiglucosa (18F),V09IX04 - Fluodesoxiglucosa (18F)
5403,V10XX02,V10XX02,V10XX02 - Ibritumomab tiuxetán (90y),V10XX02 - Ibritumomab tiuxetán (90y)
5405,A01AB91,A01AB91,A01AB91 - Nistatina,A01AB91 - Nistatina
5406,A01AB92,A01AB92,"A01AB92 - Nistatina y corticosteroides, combinaciones con","A01AB92 - Nistatina y corticosteroides, combinaciones con"
5407,A01AB93,A01AB93,A01AB93 - Povidona iodada,A01AB93 - Povidona iodada
5408,A01AC53,A01AC53,"A01AC53 - Hidrocortisona, combinaciones con","A01AC53 - Hidrocortisona, combinaciones con"
5409,A01AD92,A01AD92,A01AD92 - Carbenoxolona,A01AD92 - Carbenoxolona
5410,A02AA91,A02AA91,"A02AA91 - Magnesio trisilicato y aluminio hidróxido, combinaciones con","A02AA91 - Magnesio trisilicato y aluminio hidróxido, combinaciones con"
5411,A02AA92,A02AA92,"A02AA92 - Magnesio hidróxido y aluminio hidróxido, combinaciones con","A02AA92 - Magnesio hidróxido y aluminio hidróxido, combinaciones con"
5412,A02AA93,A02AA93,"A02AA93 - Sales de Magnesio, algeldrato y calcio carbonato, combinacio","A02AA93 - Sales de Magnesio, algeldrato y calcio carbonato, combinacio"
5413,A02AA94,A02AA94,A02AA94 - Magnesio poligalacturonato,A02AA94 - Magnesio poligalacturonato
5414,A02AB91,A02AB91,A02AB91 - Aluminio aceglutamida,A02AB91 - Aluminio aceglutamida
5415,A02AD91,A02AD91,"A02AD91 - Combinaciones de compuestos de aluminio, calcio y magnesio","A02AD91 - Combinaciones de compuestos de aluminio, calcio y magnesio"
5416,A02AD92,A02AD92,"A02AD92 - Combinaciones de compuestos de calcio, magnesio y sodio","A02AD92 - Combinaciones de compuestos de calcio, magnesio y sodio"
5417,A02AD93,A02AD93,A02AD93 - Combinaciones de compuestos de aluminio y magnesio,A02AD93 - Combinaciones de compuestos de aluminio y magnesio
5418,A02AH91,A02AH91,A02AH91 - Sodio bicarbonato,A02AH91 - Sodio bicarbonato
5419,A02AX91,A02AX91,"A02AX91 - Magnesio hidróxido, calcio carbonato y famotidina, combinaci","A02AX91 - Magnesio hidróxido, calcio carbonato y famotidina, combinaci"
5420,A02BA91,A02BA91,A02BA91 - Ebrotidina,A02BA91 - Ebrotidina
5422,A02BX91,A02BX91,A02BX91 - Zinc acexamato,A02BX91 - Zinc acexamato
5423,A02BX92,A02BX92,A02BX92 - Dosmalfato,A02BX92 - Dosmalfato
5424,A03BB91,A03BB91,A03BB91 - Octatropina metilbromuro,A03BB91 - Octatropina metilbromuro
5425,A03DA91,A03DA91,A03DA91 - Drofenina y analgésicos,A03DA91 - Drofenina y analgésicos
5426,A03DA92,A03DA92,A03DA92 - Octatropina metilbromuro y analgésicos,A03DA92 - Octatropina metilbromuro y analgésicos
5427,A03DB91,A03DB91,A03DB91 - Atropina y analgésicos,A03DB91 - Atropina y analgésicos
5428,A03DB92,A03DB92,"A03DB92 - Atropina, papaverina y analgésicos","A03DB92 - Atropina, papaverina y analgésicos"
5429,A03DC91,A03DC91,A03DC91 - Papaverina y analgésicos,A03DC91 - Papaverina y analgésicos
5430,A03DC92,A03DC92,A03DC92 - Pramiverina y analgésicos,A03DC92 - Pramiverina y analgésicos
5431,A03ED91,A03ED91,"A03ED91 - Papaverina y magnesio sulfato, combinaciones con","A03ED91 - Papaverina y magnesio sulfato, combinaciones con"
5432,A03ED92,A03ED92,"A03ED92 - Butilescopolamina bromuro y metoclopramida, combinaciones co","A03ED92 - Butilescopolamina bromuro y metoclopramida, combinaciones co"
5433,A03ED93,A03ED93,A03ED93 - Metilescopolamina combinada con otras sustancias,A03ED93 - Metilescopolamina combinada con otras sustancias
5434,A03FA51,A03FA51,"A03FA51 - Metoclopramida, combinaciones con","A03FA51 - Metoclopramida, combinaciones con"
5435,A03FA56,A03FA56,"A03FA56 - Cleboprida, combinaciones con","A03FA56 - Cleboprida, combinaciones con"
5436,A03FA08,A03FA08,A03FA08 - Cinitaprida,A03FA08 - Cinitaprida
5437,A04AD93,A04AD93,"A04AD93 - Dixirazina, combinaciones con","A04AD93 - Dixirazina, combinaciones con"
5438,A04AD95,A04AD95,A04AD95 - Lóbulo anterior hipófisis extracto,A04AD95 - Lóbulo anterior hipófisis extracto
5439,A04AD96,A04AD96,"A04AD96 - Alcaloides de la belladona, combinaciones con","A04AD96 - Alcaloides de la belladona, combinaciones con"
5440,A04AD97,A04AD97,"A04AD97 - Corteza suprarrenal, combinaciones con","A04AD97 - Corteza suprarrenal, combinaciones con"
5441,A04AD98,A04AD98,"A04AD98 - Cerio oxalato y sodio citrato, combinaciones con","A04AD98 - Cerio oxalato y sodio citrato, combinaciones con"
5442,A05AX91,A05AX91,A05AX91 - Dimecrótico ácido,A05AX91 - Dimecrótico ácido
5443,A05AX92,A05AX92,"A05AX92 - Emodina, combinaciones con","A05AX92 - Emodina, combinaciones con"
5444,A06AB56,A06AB56,"A06AB56 - Glicósidos de sena, combinaciones con","A06AB56 - Glicósidos de sena, combinaciones con"
5445,A06AD91,A06AD91,A06AD91 - Magnesio hidroxido,A06AD91 - Magnesio hidroxido
5446,A07AA56,A07AA56,"A07AA56 - Paromomicina, combinaciones con","A07AA56 - Paromomicina, combinaciones con"
5447,A07CA91,A07CA91,A07CA91 - Sales para rehidratación oral,A07CA91 - Sales para rehidratación oral
5448,A07DA91,A07DA91,"A07DA91 - Etilmorfina, combinaciones con","A07DA91 - Etilmorfina, combinaciones con"
5449,A07EA91,A07EA91,A07EA91 - Triamcinolona,A07EA91 - Triamcinolona
5450,A09AA52,A09AA52,A09AA52 - Multienzimas asociados a otras sustancias,A09AA52 - Multienzimas asociados a otras sustancias
5451,A09AA93,A09AA93,"A09AA93 - Páncreas, extracto seco de","A09AA93 - Páncreas, extracto seco de"
5452,A10BB91,A10BB91,A10BB91 - Glisentida,A10BB91 - Glisentida
5453,A11BA91,A11BA91,"A11BA91 - Vitaminas A y E, combinaciones con","A11BA91 - Vitaminas A y E, combinaciones con"
5454,A11CB91,A11CB91,"A11CB91 - Retinol y ergocalciferol, combinaciones con","A11CB91 - Retinol y ergocalciferol, combinaciones con"
5455,A11DB91,A11DB91,A11DB91 - Vitamina B1 en combinación con vitamina B6 y/o vitamina B12,A11DB91 - Vitamina B1 en combinación con vitamina B6 y/o vitamina B12
5456,A11HA91,A11HA91,A11HA91 - Aminobenzoico ácido,A11HA91 - Aminobenzoico ácido
5457,A11HA92,A11HA92,A11HA92 - Nadida,A11HA92 - Nadida
5458,A11HA93,A11HA93,"A11HA93 - Piridoxina, piridoxal fosfato y piridoxamina, combinaciones","A11HA93 - Piridoxina, piridoxal fosfato y piridoxamina, combinaciones"
5459,A11JA91,A11JA91,A11JA91 - Complejos polivitamínicos,A11JA91 - Complejos polivitamínicos
5460,A12AA91,A12AA91,A12AA91 - Calcio pidolato,A12AA91 - Calcio pidolato
5461,A12AA92,A12AA92,A12AA92 - Complejo oseina-hidroxiapatita,A12AA92 - Complejo oseina-hidroxiapatita
5462,A12AX91,A12AX91,"A12AX91 - Calcio fosfato y colecalciferol, combinaciones con","A12AX91 - Calcio fosfato y colecalciferol, combinaciones con"
5463,A12AX92,A12AX92,"A12AX92 - Calcio lactato y colecalciferol, combinaciones con","A12AX92 - Calcio lactato y colecalciferol, combinaciones con"
5464,A12AX93,A12AX93,"A12AX93 - Calcio carbonato y colecalciferol, combinaciones con","A12AX93 - Calcio carbonato y colecalciferol, combinaciones con"
5465,A12AX94,A12AX94,"A12AX94 - Calcio glucoheptonato y colecalciferol, combinaciones con","A12AX94 - Calcio glucoheptonato y colecalciferol, combinaciones con"
5466,A12AX96,A12AX96,"A12AX96 - Calcio pidolato y colecalciferol, combinaciones con","A12AX96 - Calcio pidolato y colecalciferol, combinaciones con"
5467,A12AX97,A12AX97,A12AX97 - Otras asociaciones de calcio,A12AX97 - Otras asociaciones de calcio
5468,A12BA51,A12BA51,"A12BA51 - Cloruro de potasio, combinaciones con","A12BA51 - Cloruro de potasio, combinaciones con"
5469,A12BA91,A12BA91,A12BA91 - Potasio gluceptato,A12BA91 - Potasio gluceptato
5470,A12BA92,A12BA92,A12BA92 - Potasio ascorbato,A12BA92 - Potasio ascorbato
5471,A12BA93,A12BA93,A12BA93 - Potasio ascorbato-aspartato,A12BA93 - Potasio ascorbato-aspartato
5472,A12CX91,A12CX91,A12CX91 - Fosforo,A12CX91 - Fosforo
5473,A15ZZ91,A15ZZ91,"A15ZZ91 - Ciproheptadina, combinaciones con","A15ZZ91 - Ciproheptadina, combinaciones con"
5474,A16AX91,A16AX91,A16AX91 - Tetrahidrobiopterina,A16AX91 - Tetrahidrobiopterina
5475,C01EB95,C01EB95,C01EB95 - Potasio ioduro,C01EB95 - Potasio ioduro
5476,C02DB91,C02DB91,"C02DB91 - Picodralazina, combinaciones con","C02DB91 - Picodralazina, combinaciones con"
5477,C02LA91,C02LA91,"C02LA91 - Reserpina y tiazidas, combinaciones con vasodilatadores","C02LA91 - Reserpina y tiazidas, combinaciones con vasodilatadores"
5478,C02LB91,C02LB91,C02LB91 - Metildopa y diuréticos,C02LB91 - Metildopa y diuréticos
5479,C03AX91,C03AX91,"C03AX91 - Teclotiazida, combinaciones con","C03AX91 - Teclotiazida, combinaciones con"
5480,C03BA82,C03BA82,"C03BA82 - Clorexolona, combinaciones con psicolépticos","C03BA82 - Clorexolona, combinaciones con psicolépticos"
5481,C04AA52,C04AA52,"C04AA52 - Bufenina, combinaciones con","C04AA52 - Bufenina, combinaciones con"
5482,C04AD54,C04AD54,"C04AD54 - Etofilina, combinaciones con","C04AD54 - Etofilina, combinaciones con"
5483,C04AX57,C04AX57,"C04AX57 - Vincamina, combinaciones con","C04AX57 - Vincamina, combinaciones con"
5484,C04AX91,C04AX91,C04AX91 - Oxovinca,C04AX91 - Oxovinca
5485,C04AX92,C04AX92,"C04AX92 - Cinarizina, combinaciones con","C04AX92 - Cinarizina, combinaciones con"
5486,C04AX93,C04AX93,"C04AX93 - Almitrina y raubasina, combinaciones con","C04AX93 - Almitrina y raubasina, combinaciones con"
5487,C05AA51,C05AA51,"C05AA51 - Hidrocortisona, combinaciones con","C05AA51 - Hidrocortisona, combinaciones con"
5488,C05AA54,C05AA54,"C05AA54 - Prednisolona, combinaciones con","C05AA54 - Prednisolona, combinaciones con"
5489,C05AA58,C05AA58,"C05AA58 - Fluocortolona, combinaciones con","C05AA58 - Fluocortolona, combinaciones con"
5490,C05AA60,C05AA60,"C05AA60 - Fluocinolona acetónido, combinaciones con","C05AA60 - Fluocinolona acetónido, combinaciones con"
5491,C05AA91,C05AA91,C05AA91 - Beclometasona,C05AA91 - Beclometasona
5492,C05AA92,C05AA92,"C05AA92 - Beclometasona, combinaciones con","C05AA92 - Beclometasona, combinaciones con"
5493,C05AA93,C05AA93,"C05AA93 - Triamcinolona, combinaciones con","C05AA93 - Triamcinolona, combinaciones con"
5494,C05AD51,C05AD51,C05AD51 - Lidocaina en asociacion,C05AD51 - Lidocaina en asociacion
5495,C05AX91,C05AX91,C05AX91 - Ruscogenina,C05AX91 - Ruscogenina
5496,C05BX91,C05BX91,"C05BX91 - Otros antivaricosos, combinaciones con","C05BX91 - Otros antivaricosos, combinaciones con"
5497,D04AA91,D04AA91,"D04AA91 - Dexclorfeniramina, combinaciones con","D04AA91 - Dexclorfeniramina, combinaciones con"
5498,D04AX91,D04AX91,D04AX91 - Calamina,D04AX91 - Calamina
5499,D04AX92,D04AX92,"D04AX92 - Ictiol, combinaciones con","D04AX92 - Ictiol, combinaciones con"
5500,D05AA91,D05AA91,D05AA91 - Brea de hulla,D05AA91 - Brea de hulla
5501,D05AA92,D05AA92,"D05AA92 - Brea de hulla, combinaciones con","D05AA92 - Brea de hulla, combinaciones con"
5502,D05AA93,D05AA93,"D05AA93 - Ictamol, combinaciones con","D05AA93 - Ictamol, combinaciones con"
5503,D05BA91,D05BA91,D05BA91 - Psoraleno,D05BA91 - Psoraleno
5504,D05BX91,D05BX91,"D05BX91 - Calaguala, extracto de (Polipodium leucotomos)","D05BX91 - Calaguala, extracto de (Polipodium leucotomos)"
5505,D06BA52,D06BA52,"D06BA52 - Sulfatiazol, combinaciones con","D06BA52 - Sulfatiazol, combinaciones con"
5506,D06BA53,D06BA53,"D06BA53 - Mafenida, combinaciones con","D06BA53 - Mafenida, combinaciones con"
5507,D07AB91,D07AB91,D07AB91 - Flupamesona,D07AB91 - Flupamesona
5508,D07AB92,D07AB92,D07AB92 - Diclorisona,D07AB92 - Diclorisona
5509,D07AC91,D07AC91,D07AC91 - Flupamesona,D07AC91 - Flupamesona
5510,D07BC91,D07BC91,D07BC91 - Beclometasona con antisépticos,D07BC91 - Beclometasona con antisépticos
5511,D07BC92,D07BC92,D07BC92 - Halometasona con antisépticos,D07BC92 - Halometasona con antisépticos
5512,D07CB91,D07CB91,D07CB91 - Flupamesona con antibióticos,D07CB91 - Flupamesona con antibióticos
5513,D07CC91,D07CC91,D07CC91 - Fludrocortisona con antibióticos,D07CC91 - Fludrocortisona con antibióticos
5514,D07CC92,D07CC92,D07CC92 - Flupamesona asociada a antibioticos,D07CC92 - Flupamesona asociada a antibioticos
5515,D07XB92,D07XB92,"D07XB92 - Flupamesona, otras combinaciones","D07XB92 - Flupamesona, otras combinaciones"
5516,D07XC91,D07XC91,"D07XC91 - Fluocinolona acetónido, otras combinaciones","D07XC91 - Fluocinolona acetónido, otras combinaciones"
5517,D07XC92,D07XC92,"D07XC92 - Diflucortolona, otras combinaciones","D07XC92 - Diflucortolona, otras combinaciones"
5518,D07XC93,D07XC93,D07XC93 - Flupamesona en otras asociaciones,D07XC93 - Flupamesona en otras asociaciones
5519,D08AD91,D08AD91,D08AD91 - Preparados con ácido bórico,D08AD91 - Preparados con ácido bórico
5520,D08AJ91,D08AJ91,"D08AJ91 - Cetilpiridinio y alcohol, combinaciones con","D08AJ91 - Cetilpiridinio y alcohol, combinaciones con"
5521,D08AK91,D08AK91,D08AK91 - Mercurobutol,D08AK91 - Mercurobutol
5522,D09AA61,D09AA61,"D09AA61 - Benzalconio cloruro de, combinaciones con, en apósito","D09AA61 - Benzalconio cloruro de, combinaciones con, en apósito"
5523,D09AA91,D09AA91,"D09AA91 - Antibióticos, combinaciones con, en apósito","D09AA91 - Antibióticos, combinaciones con, en apósito"
5524,D09AX91,D09AX91,"D09AX91 - Tul con bálsamo de Perú, combinaciones con","D09AX91 - Tul con bálsamo de Perú, combinaciones con"
5525,D09AZ91,D09AZ91,D09AZ91 - Aposito esteril de carbon activo,D09AZ91 - Aposito esteril de carbon activo
5526,D09AZ92,D09AZ92,D09AZ92 - Aposito esteril de poliuretano,D09AZ92 - Aposito esteril de poliuretano
5527,B01AC91,B01AC91,"B01AC91 - Acetilsalicíclico ácido y dipiridamol, combinaciones con","B01AC91 - Acetilsalicíclico ácido y dipiridamol, combinaciones con"
5528,B01AC93,B01AC93,B01AC93 - Sulfinpirazona,B01AC93 - Sulfinpirazona
5529,B01AX91,B01AX91,B01AX91 - Proteina C humana,B01AX91 - Proteina C humana
5530,B02BA52,B02BA52,"B02BA52 - Menadiona, combinaciones con","B02BA52 - Menadiona, combinaciones con"
5531,B02BD91,B02BD91,"B02BD91 - Protrombina, complejo de","B02BD91 - Protrombina, complejo de"
5532,B02BD92,B02BD92,"B02BD92 - Factor IX, factor  X y protrombina, combinaciones con","B02BD92 - Factor IX, factor  X y protrombina, combinaciones con"
5533,B02BD94,B02BD94,B02BD94 - Factor IX + Factor X,B02BD94 - Factor IX + Factor X
5534,B02BD95,B02BD95,"B02BD95 - Factor VII, factor IX, factor  X y protrombina, combinacione","B02BD95 - Factor VII, factor IX, factor  X y protrombina, combinacione"
5535,B02BD96,B02BD96,B02BD96 - Factores coagulacion asociados uso topico,B02BD96 - Factores coagulacion asociados uso topico
5536,B02BX52,B02BX52,"B02BX52 - Carbazocromo, combinaciones con","B02BX52 - Carbazocromo, combinaciones con"
5537,B03AA91,B03AA91,B03AA91 - Hierro lactato,B03AA91 - Hierro lactato
5538,B03AA92,B03AA92,B03AA92 - Hierro polisacárido,B03AA92 - Hierro polisacárido
5539,B03AB91,B03AB91,B03AB91 - Ferritina,B03AB91 - Ferritina
5540,B03AB92,B03AB92,B03AB92 - Hierro manitol (Ferrimanitol),B03AB92 - Hierro manitol (Ferrimanitol)
5541,B03AB93,B03AB93,B03AB93 - Ferrocolinato,B03AB93 - Ferrocolinato
5542,B03AD91,B03AD91,"B03AD91 - Hierro gluceptato y fólico ácido, combinaciones con","B03AD91 - Hierro gluceptato y fólico ácido, combinaciones con"
5543,B05AA92,B05AA92,"B05AA92 - Dextrano y sodio cloruro, combinaciones con","B05AA92 - Dextrano y sodio cloruro, combinaciones con"
5544,B05AA93,B05AA93,"B05AA93 - Dextrano y glucosa, combinaciones con","B05AA93 - Dextrano y glucosa, combinaciones con"
5545,B05BA91,B05BA91,B05BA91 - Suero glucosado,B05BA91 - Suero glucosado
5546,B05BA92,B05BA92,"B05BA92 - Levulosa, solución parenteral","B05BA92 - Levulosa, solución parenteral"
5547,B05BB91,B05BB91,"B05BB91 - Sodio cloruro, solución parenteral","B05BB91 - Sodio cloruro, solución parenteral"
5548,B05BB92,B05BB92,B05BB92 - Suero glucosalino,B05BB92 - Suero glucosalino
5549,B05CX91,B05CX91,B05CX91 - Agua para irrigación,B05CX91 - Agua para irrigación
5550,B05DA91,B05DA91,"B05DA91 - Glucosa con electrolitos, diálisis peritoneal isotónica","B05DA91 - Glucosa con electrolitos, diálisis peritoneal isotónica"
5551,B05DA92,B05DA92,"B05DA92 - Icodextrina con electrolitos, diálisis peritoneal isotónica","B05DA92 - Icodextrina con electrolitos, diálisis peritoneal isotónica"
5552,B05DB91,B05DB91,"B05DB91 - Glucosa con electrolitos, diálisis peritoneal hipertónica","B05DB91 - Glucosa con electrolitos, diálisis peritoneal hipertónica"
5553,B05DB92,B05DB92,"B05DB92 - Aminoácidos, diálisis peritoneal hipertónica","B05DB92 - Aminoácidos, diálisis peritoneal hipertónica"
5554,B05XC91,B05XC91,B05XC91 - Complejo vitaminico B nutricion enteral,B05XC91 - Complejo vitaminico B nutricion enteral
5555,B05XC92,B05XC92,B05XC92 - Multivitaminas nutricion enteral,B05XC92 - Multivitaminas nutricion enteral
5556,B05ZA91,B05ZA91,B05ZA91 - Concentrados para hemodiálisis,B05ZA91 - Concentrados para hemodiálisis
5557,B05ZB91,B05ZB91,B05ZB91 - Hemofiltrados,B05ZB91 - Hemofiltrados
5558,C01BA13,C01BA13,C01BA13 - Hidroquinidina,C01BA13 - Hidroquinidina
5559,C01BB91,C01BB91,C01BB91 - Fenitoina,C01BB91 - Fenitoina
5560,C01DA92,C01DA92,C01DA92 - Nitrito de amilo,C01DA92 - Nitrito de amilo
5561,H03AA91,H03AA91,H03AA91 - Tiroglobulina,H03AA91 - Tiroglobulina
5562,H03CA91,H03CA91,H03CA91 - Ioduro potásico,H03CA91 - Ioduro potásico
5563,J01AA91,J01AA91,"J01AA91 - Demeclociclina y enzimas, combinaciones con","J01AA91 - Demeclociclina y enzimas, combinaciones con"
5564,J01AA92,J01AA92,"J01AA92 - Doxiciclina y enzimas, combinaciones con","J01AA92 - Doxiciclina y enzimas, combinaciones con"
5565,J01AA93,J01AA93,"J01AA93 - Limeciclina y enzimas, combinaciones con","J01AA93 - Limeciclina y enzimas, combinaciones con"
5566,J01AA94,J01AA94,"J01AA94 - Tetraciclina y enzimas, combinaciones con","J01AA94 - Tetraciclina y enzimas, combinaciones con"
5567,J01AA95,J01AA95,"J01AA95 - Tetraciclina y benzidamida, combinaciones con","J01AA95 - Tetraciclina y benzidamida, combinaciones con"
5568,J01CA54,J01CA54,J01CA54 - Amoxicilina en asociacion,J01CA54 - Amoxicilina en asociacion
5569,J01CA64,J01CA64,"J01CA64 - Metampicilina, combinaciones con","J01CA64 - Metampicilina, combinaciones con"
5570,J01CA91,J01CA91,"J01CA91 - Ampicilina y lisozima, combinaciones con","J01CA91 - Ampicilina y lisozima, combinaciones con"
5571,J01CA92,J01CA92,"J01CA92 - Amoxicilina y probenecid, combinaciones con","J01CA92 - Amoxicilina y probenecid, combinaciones con"
5572,J01CA93,J01CA93,"J01CA93 - Ampicilina y ampicilina-benzatina, combinaciones con","J01CA93 - Ampicilina y ampicilina-benzatina, combinaciones con"
5573,J01CE91,J01CE91,"J01CE91 - Bencilpenicilina y bencilpenicilina-procaina, combinaciones","J01CE91 - Bencilpenicilina y bencilpenicilina-procaina, combinaciones"
5574,J01CE92,J01CE92,"J01CE92 - Bencilpenicilina y bencilpenicilina-clemizol, combinaciones","J01CE92 - Bencilpenicilina y bencilpenicilina-clemizol, combinaciones"
5575,J01CE93,J01CE93,"J01CE93 - Bencilpenicilina, bencilpenicilina-benzatina y bencilpenicil","J01CE93 - Bencilpenicilina, bencilpenicilina-benzatina y bencilpenicil"
5576,J01CE94,J01CE94,"J01CE94 - Bencilpenicilina, fenoximetilpenicilina y bencilpenicilina-b","J01CE94 - Bencilpenicilina, fenoximetilpenicilina y bencilpenicilina-b"
5577,J01DC91,J01DC91,J01DC91 - Cefminox,J01DC91 - Cefminox
5578,J01GA91,J01GA91,J01GA91 - Dihidroestreptomicina,J01GA91 - Dihidroestreptomicina
5579,J01RA91,J01RA91,"J01RA91 - Eritromicina y fosfomicina, combinaciones con","J01RA91 - Eritromicina y fosfomicina, combinaciones con"
5580,J04AC91,J04AC91,"J04AC91 - Isoniazida y piridoxina, combinaciones con","J04AC91 - Isoniazida y piridoxina, combinaciones con"
5581,J04AC92,J04AC92,"J04AC92 - Isoniazida y corticosteroide, combinaciones con","J04AC92 - Isoniazida y corticosteroide, combinaciones con"
5582,J04AC93,J04AC93,J04AC93 - Pasiniazida,J04AC93 - Pasiniazida
5583,J04AC94,J04AC94,"J04AC94 - Pasiniazida y piridoxina, combinaciones con","J04AC94 - Pasiniazida y piridoxina, combinaciones con"
5584,J04AC95,J04AC95,"J04AC95 - Pasiniazida y corticosteroide, combinaciones con","J04AC95 - Pasiniazida y corticosteroide, combinaciones con"
5585,G03GA30,G03GA30,G03GA30 - Combinaciones,G03GA30 - Combinaciones
5586,N03AX17,N03AX17,N03AX17 - Estiripentol,N03AX17 - Estiripentol
5587,C05CA91,C05CA91,C05CA91 - Bioflavonoides,C05CA91 - Bioflavonoides
5588,C05CA92,C05CA92,"C05CA92 - Bioflavonoides, combinaciones con","C05CA92 - Bioflavonoides, combinaciones con"
5589,C05CA93,C05CA93,C05CA93 - Flavódico ácido,C05CA93 - Flavódico ácido
5590,C05CA94,C05CA94,C05CA94 - Escina,C05CA94 - Escina
5591,C05CA95,C05CA95,C05CA95 - Ruscogenina,C05CA95 - Ruscogenina
5592,C05CA96,C05CA96,"C05CA96 - Ruscogenina, combinaciones con","C05CA96 - Ruscogenina, combinaciones con"
5593,C05CA97,C05CA97,"C05CA97 - Esculina, combinaciones con","C05CA97 - Esculina, combinaciones con"
5594,C05CA98,C05CA98,"C05CA98 - Hesperidina metilchalcona, combinaciones con","C05CA98 - Hesperidina metilchalcona, combinaciones con"
5595,C05CX91,C05CX91,C05CX91 - Cromocarbo dietilamina,C05CX91 - Cromocarbo dietilamina
5596,C05CX92,C05CX92,C05CX92 - Naftazona,C05CX92 - Naftazona
5597,C05CX93,C05CX93,C05CX93 - Aminaftona,C05CX93 - Aminaftona
5598,C05CX95,C05CX95,C05CX95 - Vaccinium myrtillus,C05CX95 - Vaccinium myrtillus
5599,C05CX96,C05CX96,"C05CX96 - Vaccinium myrtillus, combinaciones con","C05CX96 - Vaccinium myrtillus, combinaciones con"
5600,C05CX97,C05CX97,"C05CX97 - Ruscus aculeatus, combinaciones con","C05CX97 - Ruscus aculeatus, combinaciones con"
5601,C05CX98,C05CX98,C05CX98 - Leucocianidol,C05CX98 - Leucocianidol
5602,C05CX99,C05CX99,C05CX99 - Escina,C05CX99 - Escina
5603,C07BA91,C07BA91,"C07BA91 - Propranolol, bendroflumetiazida e hidralazina, combinaciones","C07BA91 - Propranolol, bendroflumetiazida e hidralazina, combinaciones"
5604,C07BB91,C07BB91,"C07BB91 - Atenolol, bendroflumetiazida e hidralazina, combinaciones co","C07BB91 - Atenolol, bendroflumetiazida e hidralazina, combinaciones co"
5605,C07EA91,C07EA91,C07EA91 - Propranolol asociado a hidralazina,C07EA91 - Propranolol asociado a hidralazina
5606,C10AB51,C10AB51,"C10AB51 - Clofibrato, combinaciones con","C10AB51 - Clofibrato, combinaciones con"
5607,C10AB53,C10AB53,"C10AB53 - Clofibrato de  aluminio, combinaciones con","C10AB53 - Clofibrato de  aluminio, combinaciones con"
5608,C10AB91,C10AB91,C10AB91 - Binifibrato,C10AB91 - Binifibrato
5609,C10AB92,C10AB92,C10AB92 - Plafibrida,C10AB92 - Plafibrida
5610,C10AB93,C10AB93,C10AB93 - Pirifibrato,C10AB93 - Pirifibrato
5611,C10AB94,C10AB94,"C10AB94 - Clofibrato y piricarbato, combinaciones con","C10AB94 - Clofibrato y piricarbato, combinaciones con"
5612,C10AB96,C10AB96,C10AB96 - Tocofibrato,C10AB96 - Tocofibrato
5613,C10AB97,C10AB97,"C10AB97 - Clofibrato de  aluminio y piricarbato, combinaciones con","C10AB97 - Clofibrato de  aluminio y piricarbato, combinaciones con"
5614,C10AB98,C10AB98,C10AB98 - Nicofibrato,C10AB98 - Nicofibrato
5615,C10AC91,C10AC91,C10AC91 - Filicol,C10AC91 - Filicol
5616,C10AD91,C10AD91,C10AD91 - Nicotinato de tocoferol,C10AD91 - Nicotinato de tocoferol
5617,C10AD92,C10AD92,"C10AD92 - Nicotinato de tocoferol, combinaciones con","C10AD92 - Nicotinato de tocoferol, combinaciones con"
5618,C10AD93,C10AD93,C10AD93 - Piricarbato,C10AD93 - Piricarbato
5619,C10AD94,C10AD94,"C10AD94 - Piricarbato, combinaciones con","C10AD94 - Piricarbato, combinaciones con"
5620,C10AD95,C10AD95,C10AD95 - Pirozadilo,C10AD95 - Pirozadilo
5621,C10AD96,C10AD96,C10AD96 - Nicofibrato,C10AD96 - Nicofibrato
5622,C10AD97,C10AD97,C10AD97 - Nicoclonato,C10AD97 - Nicoclonato
5623,C10AD98,C10AD98,"C10AD98 - Nicotínico ácido y pentosanopolisulfúrico, combinaciones con","C10AD98 - Nicotínico ácido y pentosanopolisulfúrico, combinaciones con"
5624,C10AD99,C10AD99,"C10AD99 - Nicotinato xantinol y mucopolisacárido, combinaciones con","C10AD99 - Nicotinato xantinol y mucopolisacárido, combinaciones con"
5625,C10AX90,C10AX90,C10AX90 - Dextrotirosina,C10AX90 - Dextrotirosina
5626,C10AX91,C10AX91,C10AX91 - Sulodexida,C10AX91 - Sulodexida
5627,C10AX93,C10AX93,C10AX93 - Pantetina,C10AX93 - Pantetina
5628,C10AX94,C10AX94,C10AX94 - Heparinoide,C10AX94 - Heparinoide
5629,C10AX95,C10AX95,C10AX95 - Sultosilato de piperazina,C10AX95 - Sultosilato de piperazina
5630,C10AX97,C10AX97,"C10AX97 - Amilasa, lipasa y tirosinasa, combinaciones con","C10AX97 - Amilasa, lipasa y tirosinasa, combinaciones con"
5631,C10AX99,C10AX99,"C10AX99 - Fosfolípidos, combinaciones con","C10AX99 - Fosfolípidos, combinaciones con"
5632,D01AA51,D01AA51,"D01AA51 - Nistatina, combinaciones con","D01AA51 - Nistatina, combinaciones con"
5633,D01AC51,D01AC51,"D01AC51 - Clotrimazol, combinaciones con","D01AC51 - Clotrimazol, combinaciones con"
5634,D01AC91,D01AC91,D01AC91 - Eberconazol,D01AC91 - Eberconazol
5635,D01AE51,D01AE51,"D01AE51 - Bromosalicilcloroanilida, combinaciones con","D01AE51 - Bromosalicilcloroanilida, combinaciones con"
5636,D01AE52,D01AE52,"D01AE52 - Metilrosanilina, combinaciones con","D01AE52 - Metilrosanilina, combinaciones con"
5637,D01AE54,D01AE54,"D01AE54 - Undecilénico ácido, combinaciones","D01AE54 - Undecilénico ácido, combinaciones"
5638,D01AE62,D01AE62,"D01AE62 - Salicílico ácido, combinaciones con","D01AE62 - Salicílico ácido, combinaciones con"
5639,D02AB91,D02AB91,D02AB91 - Zinc óxido,D02AB91 - Zinc óxido
5640,D02AB92,D02AB92,"D02AB92 - Zinc óxido, combinaciones con","D02AB92 - Zinc óxido, combinaciones con"
5641,D02AC91,D02AC91,D02AC91 - Vaselina,D02AC91 - Vaselina
5642,D02AD91,D02AD91,"D02AD91 - Tiram, combinaciones con","D02AD91 - Tiram, combinaciones con"
5643,D02AD92,D02AD92,D02AD92 - Pelicula protectora piel sana,D02AD92 - Pelicula protectora piel sana
5644,D02AF91,D02AF91,"D02AF91 - Salicílico ácido, combinaciones con","D02AF91 - Salicílico ácido, combinaciones con"
5645,D03AX90,D03AX90,D03AX90 - Preparados antiescaras,D03AX90 - Preparados antiescaras
5646,D03AX91,D03AX91,"D03AX91 - Sangre, extracto de","D03AX91 - Sangre, extracto de"
5647,D03AX92,D03AX92,D03AX92 - Acexámico ácido,D03AX92 - Acexámico ácido
5648,D03AX93,D03AX93,"D03AX93 - Acexámico ácido y neomicina, combinaciones con","D03AX93 - Acexámico ácido y neomicina, combinaciones con"
5649,D03AX94,D03AX94,"D03AX94 - Centella asiática, extracto de","D03AX94 - Centella asiática, extracto de"
5650,D03AX95,D03AX95,"D03AX95 - Centella asiática extracto y neomicina, combinaciones con","D03AX95 - Centella asiática extracto y neomicina, combinaciones con"
5651,D03AX96,D03AX96,"D03AX96 - Bálsamo de Perú, combinaciones con","D03AX96 - Bálsamo de Perú, combinaciones con"
5652,D03AX97,D03AX97,"D03AX97 - Cloranfenicol, combinaciones con","D03AX97 - Cloranfenicol, combinaciones con"
5653,D03AX98,D03AX98,"D03AX98 - Fenoxietanol, combinaciones con","D03AX98 - Fenoxietanol, combinaciones con"
5654,D03AX99,D03AX99,"D03AX99 - Hidrocortisona, neomicina y otras sustancias, combinaciones","D03AX99 - Hidrocortisona, neomicina y otras sustancias, combinaciones"
5655,D03BA51,D03BA51,"D03BA51 - Tripsina, combinaciones con","D03BA51 - Tripsina, combinaciones con"
5656,D03BA91,D03BA91,D03BA91 - Catalasa,D03BA91 - Catalasa
5657,D03BA93,D03BA93,"D03BA93 - Desoxirribonucleasa y fibrinolisina, combinaciones con","D03BA93 - Desoxirribonucleasa y fibrinolisina, combinaciones con"
5658,D03BA94,D03BA94,"D03BA94 - Estreptoquinasa y estreptodornasa, combinaciones con","D03BA94 - Estreptoquinasa y estreptodornasa, combinaciones con"
5659,L04AX92,L04AX92,L04AX92 - Metisoprinol,L04AX92 - Metisoprinol
5660,M01AA91,M01AA91,M01AA91 - Feclobuzona,M01AA91 - Feclobuzona
5661,M01AA92,M01AA92,M01AA92 - Suxibuzona,M01AA92 - Suxibuzona
5662,M01AA93,M01AA93,M01AA93 - Benzpiperilona,M01AA93 - Benzpiperilona
5663,M01AB91,M01AB91,"M01AB91 - Diclofenaco y misoprostol, combinaciones con","M01AB91 - Diclofenaco y misoprostol, combinaciones con"
5664,M01AB92,M01AB92,M01AB92 - Glucametacina,M01AB92 - Glucametacina
5665,M01AE91,M01AE91,M01AE91 - Butibufeno,M01AE91 - Butibufeno
5666,M01AX74,M01AX74,"M01AX74 - Oxaceprol, combinaciones con","M01AX74 - Oxaceprol, combinaciones con"
5667,M01AX93,M01AX93,M01AX93 - Isonixina,M01AX93 - Isonixina
5668,M01BA91,M01BA91,"M01BA91 - Indometacina y betametasona, combinaciones con","M01BA91 - Indometacina y betametasona, combinaciones con"
5669,M01BA92,M01BA92,"M01BA92 - Indometacina y prednisona, combinaciones con","M01BA92 - Indometacina y prednisona, combinaciones con"
5670,M01BX91,M01BX91,"M01BX91 - Corticosteroides y vitaminas, combinaciones con","M01BX91 - Corticosteroides y vitaminas, combinaciones con"
5671,M02AA51,M02AA51,"M02AA51 - Fenilbutazona, combinaciones con","M02AA51 - Fenilbutazona, combinaciones con"
5672,M02AA55,M02AA55,"M02AA55 - Bencidamina, combinaciones con","M02AA55 - Bencidamina, combinaciones con"
5673,M02AA91,M02AA91,M02AA91 - Aceclofenaco,M02AA91 - Aceclofenaco
5674,M02AA93,M02AA93,M02AA93 - Ibuproxam,M02AA93 - Ibuproxam
5675,M02AA94,M02AA94,M02AA94 - Butibufeno,M02AA94 - Butibufeno
5676,M02AA96,M02AA96,M02AA96 - Dexketoprofeno,M02AA96 - Dexketoprofeno
5677,M02AA28,M02AA28,M02AA28 - Piketoprofeno,M02AA28 - Piketoprofeno
5678,M02AA99,M02AA99,M02AA99 - Fepradinol,M02AA99 - Fepradinol
5679,M02AB91,M02AB91,M02AB91 - Capsaicina,M02AB91 - Capsaicina
5680,M02AC91,M02AC91,M02AC91 - Salicílico ácido,M02AC91 - Salicílico ácido
5681,M02AC92,M02AC92,M02AC92 - Salicílico ácido combinaciones con,M02AC92 - Salicílico ácido combinaciones con
5682,M02AX91,M02AX91,M02AX91 - Alcohol alcanforado,M02AX91 - Alcohol alcanforado
5683,M02AX92,M02AX92,M02AX92 - Alcohol de romero,M02AX92 - Alcohol de romero
5684,M02AX93,M02AX93,"M02AX93 - Nonivamida y nicotínico ácido, combinaciones con","M02AX93 - Nonivamida y nicotínico ácido, combinaciones con"
5685,M02AX94,M02AX94,M02AX94 - Cimeno,M02AX94 - Cimeno
5686,M03BX55,M03BX55,"M03BX55 - Tiocolchicósido, combinaciones con","M03BX55 - Tiocolchicósido, combinaciones con"
5687,M04AB91,M04AB91,M04AB91 - Benziodarona,M04AB91 - Benziodarona
5688,M04AC51,M04AC51,M04AC51 - Colchicina combinaciones con,M04AC51 - Colchicina combinaciones con
5689,M09AB91,M09AB91,M09AB91 - Proteasa,M09AB91 - Proteasa
5690,M09AB92,M09AB92,M09AB92 - Tiomucasa,M09AB92 - Tiomucasa
5691,M09AB93,M09AB93,"M09AB93 - Enzimas, combinaciones con","M09AB93 - Enzimas, combinaciones con"
5692,M09AX91,M09AX91,"M09AX91 - Nucleótidos, combinaciones con","M09AX91 - Nucleótidos, combinaciones con"
5693,N01BA53,N01BA53,"N01BA53 - Tetracaina, combinaciones con","N01BA53 - Tetracaina, combinaciones con"
5694,D11AX91,D11AX91,D11AX91 - Acetil paraminobenzoico ácido (Acedoben),D11AX91 - Acetil paraminobenzoico ácido (Acedoben)
5695,G01AA91,G01AA91,G01AA91 - Amfotericina B y tetracaína combinaciones con,G01AA91 - Amfotericina B y tetracaína combinaciones con
5696,G01AA92,G01AA92,"G01AA92 - Neomicina, polimixina y metronidazol, combinaciones con","G01AA92 - Neomicina, polimixina y metronidazol, combinaciones con"
5697,G01AC53,G01AC53,G01AC53 - Clorquinaldol combinaciones con,G01AC53 - Clorquinaldol combinaciones con
5698,G01AF91,G01AF91,G01AF91 - Sertaconazol,G01AF91 - Sertaconazol
5699,G01AX91,G01AX91,"G01AX91 - Benzalconio cloruro de, aluminio y potasio sulfato, combinac","G01AX91 - Benzalconio cloruro de, aluminio y potasio sulfato, combinac"
5700,G01BA91,G01BA91,G01BA91 - Neomicina con corticosteroides,G01BA91 - Neomicina con corticosteroides
5701,G02CC91,G02CC91,G02CC91 - Tetridamina,G02CC91 - Tetridamina
5702,G03AA91,G03AA91,G03AA91 - Algestona y estrógeno,G03AA91 - Algestona y estrógeno
5703,G03AA92,G03AA92,G03AA92 - Clormadinona asociada a estrogeno,G03AA92 - Clormadinona asociada a estrogeno
5704,G03CA91,G03CA91,G03CA91 - Poliestriol,G03CA91 - Poliestriol
5705,G03CA92,G03CA92,G03CA92 - Poliestradiol,G03CA92 - Poliestradiol
5706,G04BC91,G04BC91,"G04BC91 - Potasio, citrato de","G04BC91 - Potasio, citrato de"
5707,G04BC92,G04BC92,"G04BC92 - Potasio citrato  y cítrico ácido, combinaciones con","G04BC92 - Potasio citrato  y cítrico ácido, combinaciones con"
5708,G04BD92,G04BD92,G04BD92 - Antiespasmódicos urinarios combinaciones con,G04BD92 - Antiespasmódicos urinarios combinaciones con
5709,G04BX91,G04BX91,G04BX91 - Lespedeza capitata,G04BX91 - Lespedeza capitata
5710,G04BX92,G04BX92,"G04BX92 - Quercus lusitánica, extracto de","G04BX92 - Quercus lusitánica, extracto de"
5711,G04BX93,G04BX93,G04BX93 - Rubia tinctorum combinaciones con,G04BX93 - Rubia tinctorum combinaciones con
5712,G04CX51,G04CX51,G04CX51 - Pygeum africanum combinaciones con,G04CX51 - Pygeum africanum combinaciones con
5713,G04CX52,G04CX52,G04CX52 - Serenoa repens combinaciones con,G04CX52 - Serenoa repens combinaciones con
5714,G04CX91,G04CX91,"G04CX91 - Próstata, extracto de","G04CX91 - Próstata, extracto de"
5715,G04CX92,G04CX92,"G04CX92 - Antiadenoma próstata, extracto de, combinaciones con","G04CX92 - Antiadenoma próstata, extracto de, combinaciones con"
5716,H02BX91,H02BX91,"H02BX91 - Betametasona y dexclorfeniramina, combinaciones con","H02BX91 - Betametasona y dexclorfeniramina, combinaciones con"
5717,H02BX92,H02BX92,"H02BX92 - Dexametasona y clemastina, combinaciones con","H02BX92 - Dexametasona y clemastina, combinaciones con"
5718,H02BX93,H02BX93,"H02BX93 - Prednisolona y clorfenamina, combinaciones con","H02BX93 - Prednisolona y clorfenamina, combinaciones con"
5719,N05CX92,N05CX92,"N05CX92 - Glutamato magnésico y prometazina, combinaciones con","N05CX92 - Glutamato magnésico y prometazina, combinaciones con"
5720,N06AA52,N06AA52,"N06AA52 - Imipramina, combinaciones con","N06AA52 - Imipramina, combinaciones con"
5721,N06AX91,N06AX91,N06AX91 - Pirlindol,N06AX91 - Pirlindol
5722,N06BA55,N06BA55,"N06BA55 - Pemolina, combinaciones con","N06BA55 - Pemolina, combinaciones con"
5723,N06BX52,N06BX52,"N06BX52 - Piritinol, combinaciones con","N06BX52 - Piritinol, combinaciones con"
5724,N06BX53,N06BX53,"N06BX53 - Piracetam, combinaciones con otras sustancias","N06BX53 - Piracetam, combinaciones con otras sustancias"
5725,N06BX54,N06BX54,"N06BX54 - Deanol, combinaciones con","N06BX54 - Deanol, combinaciones con"
5726,N06BX64,N06BX64,"N06BX64 - Prolintano, combinaciones con","N06BX64 - Prolintano, combinaciones con"
5727,N06BX91,N06BX91,"N06BX91 - Piracetam, combinaciones con otros psicoanalépticos","N06BX91 - Piracetam, combinaciones con otros psicoanalépticos"
5728,N06BX92,N06BX92,N06BX92 - Fosfolípidos cerebro,N06BX92 - Fosfolípidos cerebro
5729,N06BX93,N06BX93,N06BX93 - Fosfolípidos en combinación,N06BX93 - Fosfolípidos en combinación
5730,N06BX94,N06BX94,N06BX94 - Gabob (Gamma amino butírico ácido),N06BX94 - Gabob (Gamma amino butírico ácido)
5731,N06BX95,N06BX95,N06BX95 - Gabob en combinación,N06BX95 - Gabob en combinación
5732,N06CA91,N06CA91,N06CA91 - Amitriptilina y perfenazina,N06CA91 - Amitriptilina y perfenazina
5733,N06CA92,N06CA92,N06CA92 - Amitriptilina y medazepam,N06CA92 - Amitriptilina y medazepam
5734,N06CA93,N06CA93,N06CA93 - Nortriptilina y perfenazina,N06CA93 - Nortriptilina y perfenazina
5735,N06CA94,N06CA94,N06CA94 - Nortriptilina y diazepam,N06CA94 - Nortriptilina y diazepam
5736,N06CA95,N06CA95,N06CA95 - Melitraceno y flupentixol,N06CA95 - Melitraceno y flupentixol
5737,N06CB91,N06CB91,"N06CB91 - Antidepresivos y psicolépticos, otras combinaciones","N06CB91 - Antidepresivos y psicolépticos, otras combinaciones"
5738,N07AA91,N07AA91,N07AA91 - Edrofonio,N07AA91 - Edrofonio
5739,N07XX91,N07XX91,N07XX91 - Magnesio sulfato,N07XX91 - Magnesio sulfato
5740,P02DX91,P02DX91,P02DX91 - Sodio cloruro,P02DX91 - Sodio cloruro
5741,P03AB52,P03AB52,P03AB52 - Lindano en asociacion,P03AB52 - Lindano en asociacion
5742,P03AX91,P03AX91,P03AX91 - Crotamiton,P03AX91 - Crotamiton
5743,J01DH55,J01DH55,J01DH55 - Panipenem y betamipron,J01DH55 - Panipenem y betamipron
5744,J01DI,J01DI,J01DI - Otras cefalosporinas,J01DI - Otras cefalosporinas
5745,J01DI01,J01DI01,J01DI01 - Ceftobiprol medocarilo,J01DI01 - Ceftobiprol medocarilo
5746,J01GB12,J01GB12,J01GB12 - Arbekacina,J01GB12 - Arbekacina
5747,J04BA91,J04BA91,J04BA91 - Vadrina,J04BA91 - Vadrina
5748,J05AC91,J05AC91,J05AC91 - Amantadina,J05AC91 - Amantadina
5750,J05AF91,J05AF91,J05AF91 - Zidovudina y lamivudina,J05AF91 - Zidovudina y lamivudina
5751,J05AF92,J05AF92,"J05AF92 - Zidovudina, lamivudina y abacavir","J05AF92 - Zidovudina, lamivudina y abacavir"
5752,J05AF93,J05AF93,J05AF93 - Abacavir y lamivudina,J05AF93 - Abacavir y lamivudina
5753,J05AF94,J05AF94,J05AF94 - Emtricitabina y tenofovir disoproxilo,J05AF94 - Emtricitabina y tenofovir disoproxilo
5754,J05AX91,J05AX91,J05AX91 - Metisoprinol,J05AX91 - Metisoprinol
5755,J05AX92,J05AX92,J05AX92 - Enzimas proteolíticas,J05AX92 - Enzimas proteolíticas
5756,J07AJ91,J07AJ91,"J07AJ91 - Pertusis, toxoide tetánico y toxoide diftérico","J07AJ91 - Pertusis, toxoide tetánico y toxoide diftérico"
5757,J07AX91,J07AX91,J07AX91 - Vacuna anticatarral,J07AX91 - Vacuna anticatarral
5758,J07BB91,J07BB91,J07BB91 - Virus gripe fraccionado,J07BB91 - Virus gripe fraccionado
5759,J07CA91,J07CA91,J07CA91 - Haemophilus influenzae B-difteria-tétanos-pertusis,J07CA91 - Haemophilus influenzae B-difteria-tétanos-pertusis
5760,L03AX91,L03AX91,L03AX91 - Fosfoglicopeptical,L03AX91 - Fosfoglicopeptical
5761,L03AX92,L03AX92,L03AX92 - Procodazol,L03AX92 - Procodazol
5762,L03AX93,L03AX93,L03AX93 - Mycobacterium bovis,L03AX93 - Mycobacterium bovis
5763,L03AX94,L03AX94,L03AX94 - Timoestimulina,L03AX94 - Timoestimulina
5764,S01BA91,S01BA91,S01BA91 - Hidrocortisona+prednisona,S01BA91 - Hidrocortisona+prednisona
5765,S01BB91,S01BB91,S01BB91 - Dexametasona asoc. a midriatico,S01BB91 - Dexametasona asoc. a midriatico
5766,S01BB93,S01BB93,S01BB93 - Medroxiprogesterona asoc. a midriatico,S01BB93 - Medroxiprogesterona asoc. a midriatico
5767,S01BZ,S01BZ,"S01BZ - Corticosteroides asociados, excluyendo S01CA y S01CB","S01BZ - Corticosteroides asociados, excluyendo S01CA y S01CB"
5768,S01BZ91,S01BZ91,S01BZ91 - Otras asociaciones de dexametasona,S01BZ91 - Otras asociaciones de dexametasona
5769,S01CA91,S01CA91,S01CA91 - Cortisona asoc. a antiinfecciosos,S01CA91 - Cortisona asoc. a antiinfecciosos
5770,S01CA92,S01CA92,S01CA92 - Medrisona asoc. a antiinfecciosos,S01CA92 - Medrisona asoc. a antiinfecciosos
5771,S01CA93,S01CA93,S01CA93 - Medroxiprogesterona asoc. a antiinfecciosos,S01CA93 - Medroxiprogesterona asoc. a antiinfecciosos
5772,S01CA94,S01CA94,S01CA94 - Prednisona asoc. a antiinfecciosos,S01CA94 - Prednisona asoc. a antiinfecciosos
5773,S01CB91,S01CB91,S01CB91 - Medroxiprogesterona asoc. a antiinfecciosos y midriaticos,S01CB91 - Medroxiprogesterona asoc. a antiinfecciosos y midriaticos
5774,S01EX91,S01EX91,S01EX91 - Glicerina,S01EX91 - Glicerina
5775,S01GX91,S01GX91,S01GX91 - Clorfenamina,S01GX91 - Clorfenamina
5776,S01KA91,S01KA91,S01KA91 - Carmelosa (carboximetilcelulosa),S01KA91 - Carmelosa (carboximetilcelulosa)
5777,S01XA52,S01XA52,S01XA52 - Retinol en asociacion,S01XA52 - Retinol en asociacion
5778,S01XA54,S01XA54,S01XA54 - Potasio ioduro en asociacion,S01XA54 - Potasio ioduro en asociacion
5779,S01XA90,S01XA90,S01XA90 - Borico acido en asociacion,S01XA90 - Borico acido en asociacion
5780,S01XA91,S01XA91,S01XA91 - Pirenoxina,S01XA91 - Pirenoxina
5781,S01XA92,S01XA92,S01XA92 - Centella asiatica exto,S01XA92 - Centella asiatica exto
5782,S01XA93,S01XA93,S01XA93 - Eledoisina,S01XA93 - Eledoisina
5783,S01XA95,S01XA95,S01XA95 - Cromocarbo,S01XA95 - Cromocarbo
5784,S01XA96,S01XA96,S01XA96 - Vaselina oftalmica,S01XA96 - Vaselina oftalmica
5785,S01XA97,S01XA97,S01XA97 - Metilhidroxiquinolinio,S01XA97 - Metilhidroxiquinolinio
5786,S01XA98,S01XA98,S01XA98 - Polivinilico alcohol,S01XA98 - Polivinilico alcohol
5787,S01XA99,S01XA99,S01XA99 - Adenosina en asociacion,S01XA99 - Adenosina en asociacion
5788,S02AA91,S02AA91,S02AA91 - Ciprofloxacina,S02AA91 - Ciprofloxacina
5789,S02CA93,S02CA93,S02CA93 - Beclometasona asoc. a antiinfecciosos,S02CA93 - Beclometasona asoc. a antiinfecciosos
5790,S02DA93,S02DA93,S02DA93 - Laurilsulfato sodico,S02DA93 - Laurilsulfato sodico
5791,S02DC91,S02DC91,S02DC91 - Preparados indiferentes,S02DC91 - Preparados indiferentes
5792,V01AA91,V01AA91,V01AA91 - Extractos de alergenos,V01AA91 - Extractos de alergenos
5793,V03AB92,V03AB92,V03AB92 - Antidoto ancrod,V03AB92 - Antidoto ancrod
5794,V03AE07,V03AE07,V03AE07 - Calcio acetato,V03AE07 - Calcio acetato
5795,A16AX12,A16AX12,A16AX12 - Trientina,A16AX12 - Trientina
5796,V03AX92,V03AX92,V03AX92 - Silimarina,V03AX92 - Silimarina
5797,V03AX93,V03AX93,V03AX93 - Ademetionina,V03AX93 - Ademetionina
5798,N02AX91,N02AX91,"N02AX91 - Etilmorfina, combinaciones con","N02AX91 - Etilmorfina, combinaciones con"
5799,N02BA91,N02BA91,N02BA91 - Fosfosal,N02BA91 - Fosfosal
5800,N02BA92,N02BA92,N02BA92 - Etersalato,N02BA92 - Etersalato
5801,N02BG91,N02BG91,N02BG91 - Clonixinato de lisina,N02BG91 - Clonixinato de lisina
5802,N03AB91,N03AB91,N03AB91 - Fenotoina y fenobarbital,N03AB91 - Fenotoina y fenobarbital
5803,N03AB92,N03AB92,"N03AB92 - Fenotoina, fenobarbital y metilfenobarbital","N03AB92 - Fenotoina, fenobarbital y metilfenobarbital"
5804,N03AB93,N03AB93,"N03AB93 - Fenotoina, fenobarbital, gabob y ectilurea","N03AB93 - Fenotoina, fenobarbital, gabob y ectilurea"
5805,N03AB94,N03AB94,N03AB94 - Fenitoina y piritinol,N03AB94 - Fenitoina y piritinol
5806,N03AB95,N03AB95,"N03AB95 - Fenotoina, fenobarbital y belladona extracto de","N03AB95 - Fenotoina, fenobarbital y belladona extracto de"
5807,N05AC53,N05AC53,"N05AC53 - Tioridazina, combinaciones con","N05AC53 - Tioridazina, combinaciones con"
5808,N05AL51,N05AL51,"N05AL51 - Sulpirida, combinaciones con","N05AL51 - Sulpirida, combinaciones con"
5809,N05BA51,N05BA51,"N05BA51 - Diazepam, combinaciones con","N05BA51 - Diazepam, combinaciones con"
5810,N05BA52,N05BA52,"N05BA52 - Clordiazepóxido, combinaciones con","N05BA52 - Clordiazepóxido, combinaciones con"
5811,N05BA55,N05BA55,"N05BA55 - Clorazepato dipotásico, combinaciones con","N05BA55 - Clorazepato dipotásico, combinaciones con"
5812,N05BA24,N05BA24,N05BA24 - Bentazepam,N05BA24 - Bentazepam
5813,N05BA92,N05BA92,N05BA92 - Oxazolam,N05BA92 - Oxazolam
5814,N05BC91,N05BC91,N05BC91 - Febarbamato,N05BC91 - Febarbamato
5815,N05BC92,N05BC92,N05BC92 - Tetrabamato,N05BC92 - Tetrabamato
5816,N05BX91,N05BX91,N05BX91 - Trimetozina,N05BX91 - Trimetozina
5817,N05BX92,N05BX92,"N05BX92 - Passiflora, Crataegus monogyna y Salix alba","N05BX92 - Passiflora, Crataegus monogyna y Salix alba"
5818,N05CE53,N05CE53,"N05CE53 - Piritildiona, combinaciones con","N05CE53 - Piritildiona, combinaciones con"
5819,N05CM92,N05CM92,N05CM92 - Valtrato,N05CM92 - Valtrato
5820,N05CM93,N05CM93,N05CM93 - Glutamato magnésico bromhidrato,N05CM93 - Glutamato magnésico bromhidrato
5821,N05CM94,N05CM94,N05CM94 - Mepiprazol,N05CM94 - Mepiprazol
5822,N05CM95,N05CM95,"N05CM95 - Glutamato magnésico bromhidrato y prometazina, combinaciones","N05CM95 - Glutamato magnésico bromhidrato y prometazina, combinaciones"
5823,N05CX91,N05CX91,"N05CX91 - Bromuro y doxilamina, combinaciones con","N05CX91 - Bromuro y doxilamina, combinaciones con"
5824,V04CE91,V04CE91,V04CE91 - Yema de huevo+glicerol,V04CE91 - Yema de huevo+glicerol
5825,V04CE92,V04CE92,V04CE92 - Aceite vegetal emulsion,V04CE92 - Aceite vegetal emulsion
5826,V04CG91,V04CG91,V04CG91 - C-urea (test helicobacter),V04CG91 - C-urea (test helicobacter)
5827,V04CX91,V04CX91,V04CX91 - Azul patente,V04CX91 - Azul patente
5828,V04CX92,V04CX92,V04CX92 - Metilcolina,V04CX92 - Metilcolina
5829,V06DC91,V06DC91,V06DC91 - Glucosa con minerales,V06DC91 - Glucosa con minerales
5830,V07AB91,V07AB91,V07AB91 - Agua bidestilada,V07AB91 - Agua bidestilada
5831,V07AB92,V07AB92,V07AB92 - Sodio cloruro (disolvente/diluyente),V07AB92 - Sodio cloruro (disolvente/diluyente)
5832,V07AB93,V07AB93,V07AB93 - Agua apirogena esteril,V07AB93 - Agua apirogena esteril
5833,V07AT91,V07AT91,V07AT91 - Geles de baño,V07AT91 - Geles de baño
5834,V07AT92,V07AT92,V07AT92 - Cremas hidratantes,V07AT92 - Cremas hidratantes
5835,V07AT93,V07AT93,V07AT93 - Otras cremas cosmeticas,V07AT93 - Otras cremas cosmeticas
5836,V07AT94,V07AT94,V07AT94 - Cremas de manos,V07AT94 - Cremas de manos
5837,V07AT95,V07AT95,V07AT95 - Cremas de labios,V07AT95 - Cremas de labios
5838,V07AT96,V07AT96,V07AT96 - Cremas/emulsiones piel infantil,V07AT96 - Cremas/emulsiones piel infantil
5839,V07AY91,V07AY91,V07AY91 - Solucion conservacion en frio de organos,V07AY91 - Solucion conservacion en frio de organos
5840,V07AY92,V07AY92,V07AY92 - Liquidos para lentillas,V07AY92 - Liquidos para lentillas
5841,V07AY93,V07AY93,V07AY93 - Medias elasticas terapeuticas,V07AY93 - Medias elasticas terapeuticas
5842,V07ZZ91,V07ZZ91,V07ZZ91 - Sacarina,V07ZZ91 - Sacarina
5843,V08AB53,V08AB53,V08AB53 - Ioxaglico acido en asociacion,V08AB53 - Ioxaglico acido en asociacion
5844,V08CB91,V08CB91,V08CB91 - Ferucarbotran,V08CB91 - Ferucarbotran
5845,V08DA91,V08DA91,V08DA91 - Galactosa+palmitico acido,V08DA91 - Galactosa+palmitico acido
5846,V08DA92,V08DA92,V08DA92 - Hexafluoruro de azufre,V08DA92 - Hexafluoruro de azufre
5847,V09CA91,V09CA91,V09CA91 - Tecnecio (99mtc) betiatida,V09CA91 - Tecnecio (99mtc) betiatida
5848,V10XX91,V10XX91,V10XX91 - Itrio 90 cloruro,V10XX91 - Itrio 90 cloruro
5849,R01AX91,R01AX91,"R01AX91 - Esencias vegetales, combinaciones de","R01AX91 - Esencias vegetales, combinaciones de"
5850,R02AA52,R02AA52,"R02AA52 - Decualinio, combinaciones con","R02AA52 - Decualinio, combinaciones con"
5851,R02AA55,R02AA55,"R02AA55 - Clorhexidina, combinaciones con","R02AA55 - Clorhexidina, combinaciones con"
5852,R02AB54,R02AB54,"R02AB54 - Bacitracina, combinciones con","R02AB54 - Bacitracina, combinciones con"
5853,R03AH91,R03AH91,"R03AH91 - Isoprenalina y otros adrenérgicos, combinaciones con","R03AH91 - Isoprenalina y otros adrenérgicos, combinaciones con"
5854,R03CC52,R03CC52,"R03CC52 - Salbutamol, combinaciones con","R03CC52 - Salbutamol, combinaciones con"
5855,R03DA56,R03DA56,"R03DA56 - Etamifilina, combinaciones con","R03DA56 - Etamifilina, combinaciones con"
5856,R05CA94,R05CA94,"R05CA94 - Glicerol iodado y fenilpropanolamina, combinaciones con","R05CA94 - Glicerol iodado y fenilpropanolamina, combinaciones con"
5857,R05CA95,R05CA95,R05CA95 - Citiolona,R05CA95 - Citiolona
5858,R05CB91,R05CB91,R05CB91 - Citiolona,R05CB91 - Citiolona
5859,J05AF12,J05AF12,J05AF12 - Clevudina,J05AF12 - Clevudina
5860,R05CZ,R05CZ,R05CZ - Expectorantes y/o mucolíticos con antiinfecciosos,R05CZ - Expectorantes y/o mucolíticos con antiinfecciosos
5861,R05CZ91,R05CZ91,R05CZ91 - Tetraciclinas asoc. a mucolitico/expectorante,R05CZ91 - Tetraciclinas asoc. a mucolitico/expectorante
5862,R05CZ92,R05CZ92,R05CZ92 - Amfenicoles asociados a mucolítico y/o expectorante,R05CZ92 - Amfenicoles asociados a mucolítico y/o expectorante
5863,R05CZ93,R05CZ93,R05CZ93 - Penicilinas asociadas a mucolítico y/o expectorante,R05CZ93 - Penicilinas asociadas a mucolítico y/o expectorante
5864,R05CZ94,R05CZ94,R05CZ94 - Cefalosporinas asociadas a mucolítico y/o expectorante,R05CZ94 - Cefalosporinas asociadas a mucolítico y/o expectorante
5865,R05CZ95,R05CZ95,R05CZ95 - Sulfonamidas asociadas a mucolítico y/o expectorante,R05CZ95 - Sulfonamidas asociadas a mucolítico y/o expectorante
5866,R05CZ96,R05CZ96,R05CZ96 - Aminoglucosidos asoc. a mucolitico/expectorante,R05CZ96 - Aminoglucosidos asoc. a mucolitico/expectorante
5867,R05CZ97,R05CZ97,R05CZ97 - Macrólidos asociados a mucolítico y/o expectorante,R05CZ97 - Macrólidos asociados a mucolítico y/o expectorante
5868,R05DA91,R05DA91,R05DA91 - Dihidrocodeina,R05DA91 - Dihidrocodeina
5869,R05DB57,R05DB57,"R05DB57 - Oxolamina, combinaciones con","R05DB57 - Oxolamina, combinaciones con"
5870,R05DB91,R05DB91,R05DB91 - Fominoben,R05DB91 - Fominoben
5871,R06AA58,R06AA58,R06AA58 - Carbinoxamina en asociacion,R06AA58 - Carbinoxamina en asociacion
5872,R06AA59,R06AA59,"R06AA59 - Doxilamina, combinaciones con","R06AA59 - Doxilamina, combinaciones con"
5873,R06AD51,R06AD51,R06AD51 - Alimemazina en asociacion,R06AD51 - Alimemazina en asociacion
5874,R06AE57,R06AE57,R06AE57 - Cetirizina en asociacion,R06AE57 - Cetirizina en asociacion
5875,R06AE92,R06AE92,R06AE92 - Clocinizina en asociacion,R06AE92 - Clocinizina en asociacion
5876,R06AX91,R06AX91,R06AX91 - Clemizol,R06AX91 - Clemizol
5877,R07AA91,R07AA91,R07AA91 - Surfactante pulmonar bovino,R07AA91 - Surfactante pulmonar bovino
5878,R07AA92,R07AA92,R07AA92 - Surfactante pulmonar porcino,R07AA92 - Surfactante pulmonar porcino
5879,R07AX91,R07AX91,R07AX91 - Palmidrol,R07AX91 - Palmidrol
5880,R07AX92,R07AX92,R07AX92 - Oxido nitrico,R07AX92 - Oxido nitrico
5881,C10BX03,C10BX03,C10BX03 - Atorvastatina y Amlodipino,C10BX03 - Atorvastatina y Amlodipino
5882,C10BX02,C10BX02,C10BX02 - Pravastatina y ácido acetilsalicílico,C10BX02 - Pravastatina y ácido acetilsalicílico
5883,C10BX,C10BX,"C10BX - Inhibidores de la HMG-CoA reductasa, otras combinaciones","C10BX - Inhibidores de la HMG-CoA reductasa, otras combinaciones"
5884,C10B,C10B,"C10B - AGENTES MODIFICADORES DE LOS LÍPIDOS, COMBINACIONES","C10B - AGENTES MODIFICADORES DE LOS LÍPIDOS, COMBINACIONES"
5885,D10AF51,D10AF51,"D10AF51 - Clindamicina, combinaciones con","D10AF51 - Clindamicina, combinaciones con"
5886,V07Z,V07Z,V07Z - Todos los demás productos,V07Z - Todos los demás productos
5887,V07ZZ,V07ZZ,V07ZZ - Todos los demás productos,V07ZZ - Todos los demás productos
5888,A15Z,A15Z,A15Z - Estimulantes del apetito,A15Z - Estimulantes del apetito
5889,A15ZZ,A15ZZ,A15ZZ - Estimulantes del apetito,A15ZZ - Estimulantes del apetito
5890,D09AZ,D09AZ,D09AZ - OTROS APOSITOS MEDICAMENTOSOS,D09AZ - OTROS APOSITOS MEDICAMENTOSOS
5891,H05BX,H05BX,H05BX - Otros agentes antiparatiroideos,H05BX - Otros agentes antiparatiroideos
5892,M05BB03,M05BB03,M05BB03 - Ácido alendrónico y colecalciferol,M05BB03 - Ácido alendrónico y colecalciferol
5893,V03AF08,V03AF08,V03AF08 - Palifermina,V03AF08 - Palifermina
5894,M02AA92,M02AA92,M02AA92 - Mabruprofeno,M02AA92 - Mabruprofeno
5895,N04BC09,N04BC09,N04BC09 - Rotigotina,N04BC09 - Rotigotina
5896,H05AA03,H05AA03,H05AA03 - Hormonas paratiroideas,H05AA03 - Hormonas paratiroideas
5897,J05AG04,J05AG04,J05AG04 - Etravirina,J05AG04 - Etravirina
5898,L01XE,L01XE,L01XE - Inhibidores directos de la protein-quinasa,L01XE - Inhibidores directos de la protein-quinasa
5899,J05AF10,J05AF10,J05AF10 - Entecavir,J05AF10 - Entecavir
5900,J07AG53,J07AG53,"J07AG53 - Hemophilus influenzae B, en combinación con Meningococo C, conjugado","J07AG53 - Hemophilus influenzae B, en combinación con Meningococo C, conjugado"
5901,J05AE09,J05AE09,J05AE09 - Tipranavir,J05AE09 - Tipranavir
5902,J07BM,J07BM,J07BM - Vacuna contra papilomavirus,J07BM - Vacuna contra papilomavirus
5903,J07BM01,J07BM01,"J07BM01 - Papilomavirus (tipos humanos 6, 11, 16, 18)","J07BM01 - Papilomavirus (tipos humanos 6, 11, 16, 18)"
5904,V03AC03,V03AC03,V03AC03 - Deferasirox,V03AC03 - Deferasirox
5905,L01XE06,L01XE06,L01XE06 - Dasatinib,L01XE06 - Dasatinib
5906,C09BA15,C09BA15,C09BA15 - Zofenopril y diuréticos,C09BA15 - Zofenopril y diuréticos
5907,C09DB01,C09DB01,C09DB01 - Valsartán y Amlodipino,C09DB01 - Valsartán y Amlodipino
5908,C09DB,C09DB,C09DB - Antagonistas de los receptores de angiotensina II y bloqueantes de canales de calcio,C09DB - Antagonistas de los receptores de angiotensina II y bloqueantes de canales de calcio
5909,J05AE10,J05AE10,J05AE10 - Darunavir,J05AE10 - Darunavir
5910,S02AA15,S02AA15,S02AA15 - Ciprofloxacino,S02AA15 - Ciprofloxacino
5911,L04AX04,L04AX04,L04AX04 - Lenalidomida,L04AX04 - Lenalidomida
5912,L04AA25,L04AA25,L04AA25 - Eculizumab,L04AA25 - Eculizumab
5913,A08AX,A08AX,A08AX - Otros agentes contra la obesidad,A08AX - Otros agentes contra la obesidad
5914,A08AX01,A08AX01,A08AX01 - Rimonabant,A08AX01 - Rimonabant
5915,N06AX12,N06AX12,N06AX12 - Bupropion,N06AX12 - Bupropion
5916,J07AL52,J07AL52,"J07AL52 - Antígeno de neumococo polisacárido purificado y Haemophilus influenzae, conjugados","J07AL52 - Antígeno de neumococo polisacárido purificado y Haemophilus influenzae, conjugados"
5917,A10BD06,A10BD06,A10BD06 - Glimepirida y pioglitazona,A10BD06 - Glimepirida y pioglitazona
5918,A10BD07,A10BD07,A10BD07 - Metformina y sitagliptina,A10BD07 - Metformina y sitagliptina
5919,A10BH,A10BH,A10BH - Inhibidores de la dipeptidil peptidasa 4 (DPP- 4 peptidasa),A10BH - Inhibidores de la dipeptidil peptidasa 4 (DPP- 4 peptidasa)
5920,A10BH01,A10BH01,A10BH01 - Sitagliptina,A10BH01 - Sitagliptina
5921,J07BB03,J07BB03,"J07BB03 - Influenza, vibrión vivo atenuado","J07BB03 - Influenza, vibrión vivo atenuado"
5922,B01AE07,B01AE07,B01AE07 - Dabigatran etexilato,B01AE07 - Dabigatran etexilato
5923,L01BC07,L01BC07,L01BC07 - Azacitidina,L01BC07 - Azacitidina
5924,B05AA10,B05AA10,B05AA10 - Hemoglobina glutámero (origen bovino),B05AA10 - Hemoglobina glutámero (origen bovino)
5925,L01BC08,L01BC08,L01BC08 - Decitabina,L01BC08 - Decitabina
5926,C05AE,C05AE,C05AE - Relajantes musculares,C05AE - Relajantes musculares
5927,C09XA52,C09XA52,C09XA52 - Aliskireno e hidroclorotiazida,C09XA52 - Aliskireno e hidroclorotiazida
5928,L01CD03,L01CD03,L01CD03 - Paclitaxel poliglumex,L01CD03 - Paclitaxel poliglumex
5929,D10AD53,D10AD53,"D10AD53 - Adapaleno, combinaciones con","D10AD53 - Adapaleno, combinaciones con"
5930,G02AD06,G02AD06,G02AD06 - Misoprostol,G02AD06 - Misoprostol
5931,G03CX,G03CX,G03CX - Otros estrógenos,G03CX - Otros estrógenos
5932,L01XC09,L01XC09,L01XC09 - Catumaxomab,L01XC09 - Catumaxomab
5933,H01AC05,H01AC05,H01AC05 - Mecasermina rinfabato,H01AC05 - Mecasermina rinfabato
5934,H01CB04,H01CB04,H01CB04 - Vapreotida,H01CB04 - Vapreotida
5935,J01XA03,J01XA03,J01XA03 - Telavancina,J01XA03 - Telavancina
5936,L01XE09,L01XE09,L01XE09 - Temsirolimus,L01XE09 - Temsirolimus
5937,L01XX38,L01XX38,L01XX38 - Vorinostat,L01XX38 - Vorinostat
5938,L01XX39,L01XX39,L01XX39 - Romidepsina,L01XX39 - Romidepsina
5939,L02BX02,L02BX02,L02BX02 - Degarelix,L02BX02 - Degarelix
5940,J07CA13,J07CA13,J07CA13 - Difteria-Haemophilus influenzae B-pertusis- tétanos- hepatitis B- meningococo A+C,J07CA13 - Difteria-Haemophilus influenzae B-pertusis- tétanos- hepatitis B- meningococo A+C
5941,L01DC04,L01DC04,L01DC04 - Ixabepilona,L01DC04 - Ixabepilona
5942,L01XE07,L01XE07,L01XE07 - Lapatinib,L01XE07 - Lapatinib
5943,L03AB61,L03AB61,"L03AB61 - Peginterferón alfa-2a, combinaciones con","L03AB61 - Peginterferón alfa-2a, combinaciones con"
5944,L01XX36,L01XX36,L01XX36 - Oblimersen,L01XX36 - Oblimersen
5945,L01XX37,L01XX37,L01XL01 - Sitimagén ceradenovec,L01XL01 - Sitimagén ceradenovec
5946,L03AX15,L03AX15,L03AX15 - Mifamurtida,L03AX15 - Mifamurtida
5947,L04AB,L04AB,L04AB - Inhibidores del factor de necrosis tumoral alfa (TNF-α),L04AB - Inhibidores del factor de necrosis tumoral alfa (TNF-α)
5948,L04AB05,L04AB05,L04AB05 - Certolizumab pegol,L04AB05 - Certolizumab pegol
5949,L04AC,L04AC,L04AC - Inhibidores de la interleucina,L04AC - Inhibidores de la interleucina
5950,L04AD,L04AD,L04AD - Inhibidores de la calcineurina,L04AD - Inhibidores de la calcineurina
5951,M05BB04,M05BB04,"M05BB04 - Ácido risedrónico, calcio y colecalciferol, preparados secuenciales","M05BB04 - Ácido risedrónico, calcio y colecalciferol, preparados secuenciales"
5952,N01AX15,N01AX15,N01AX15 - Xenón,N01AX15 - Xenón
5953,N03AX18,N03AX18,N03AX18 - Lacosamida,N03AX18 - Lacosamida
5954,N05CH,N05CH,N05CH - Agonistas del receptor de melatonina,N05CH - Agonistas del receptor de melatonina
5955,N05CH02,N05CH02,N05CH02 - Ramelteón,N05CH02 - Ramelteón
5956,N07XX05,N07XX05,N07XX05 - Amifampridina,N07XX05 - Amifampridina
5957,P01AX11,P01AX11,P01AX11 - Nitazoxanida,P01AX11 - Nitazoxanida
5958,S01AA26,S01AA26,S01AA26 - Azitromicina,S01AA26 - Azitromicina
5959,S01BC10,S01BC10,S01BC10 - Nepafenaco,S01BC10 - Nepafenaco
5960,S01EE05,S01EE05,S01EE05 - Tafluprost,S01EE05 - Tafluprost
5961,C05AE01,C05AE01,C05AE01 - Trinitrato de glicerilo,C05AE01 - Trinitrato de glicerilo
5962,C05AE02,C05AE02,C05AE02 - Dinitrato de isosorbida,C05AE02 - Dinitrato de isosorbida
5963,G03CX01,G03CX01,G03CX01 - Tibolona,G03CX01 - Tibolona
5964,L04AD01,L04AD01,L04AD01 - Ciclosporina,L04AD01 - Ciclosporina
5965,L04AD02,L04AD02,L04AD02 - Tacrólimus,L04AD02 - Tacrólimus
5966,L04AC01,L04AC01,L04AC01 - Daclizumab,L04AC01 - Daclizumab
5967,L03AX16,L03AX16,L03AX16 - Plerixafor,L03AX16 - Plerixafor
5968,L04AC02,L04AC02,L04AC02 - Basiliximab,L04AC02 - Basiliximab
5969,L04AB01,L04AB01,L04AB01 - Etanercept,L04AB01 - Etanercept
5970,L04AB02,L04AB02,L04AB02 - Infliximab,L04AB02 - Infliximab
5971,L04AC03,L04AC03,L04AC03 - Anakinra,L04AC03 - Anakinra
5972,L04AB03,L04AB03,L04AB03 - Afelimomab,L04AB03 - Afelimomab
5973,L04AB04,L04AB04,L04AB04 - Adalimumab,L04AB04 - Adalimumab
5974,N07XX06,N07XX06,N07XX06 - Tetrabenazina,N07XX06 - Tetrabenazina
5975,N05CH01,N05CH01,N05CH01 - Melatonina,N05CH01 - Melatonina
5976,J05AR04,J05AR04,"J05AR04 - Zidovudina, lamivudina y abacavir","J05AR04 - Zidovudina, lamivudina y abacavir"
5977,V03AE04,V03AE04,V03AE04 - Acetato anhidro de calcio y carbonato de magnesio,V03AE04 - Acetato anhidro de calcio y carbonato de magnesio
5978,C10AD52,C10AD52,"C10AD52 - Ácido nicotínico, combinaciones con","C10AD52 - Ácido nicotínico, combinaciones con"
5979,C10AA08,C10AA08,C10AA08 - Pitavastatina,C10AA08 - Pitavastatina
5980,L04AC04,L04AC04,L04AC04 - Rilonacept,L04AC04 - Rilonacept
5981,L04AC05,L04AC05,L04AC05 - Ustekinumab,L04AC05 - Ustekinumab
5983,L04AC07,L04AC07,L04AC07 - Tocilizumab,L04AC07 - Tocilizumab
5984,M02AB01,M02AB01,M02AB01 - Capsaicina,M02AB01 - Capsaicina
5985,M02AB02,M02AB02,M02AB02 - Zucapsaicina,M02AB02 - Zucapsaicina
5986,N02AA55,N02AA55,N02AA55 - Oxicodona y naloxona,N02AA55 - Oxicodona y naloxona
5987,N03AF04,N03AF04,N03AF04 - Eslicarbazepina,N03AF04 - Eslicarbazepina
5988,N05CF04,N05CF04,N05CF04 - Eszopiclona,N05CF04 - Eszopiclona
5989,R01AX09,R01AX09,R01AX09 - Ácido hialurónico,R01AX09 - Ácido hialurónico
5990,S01XA18,S01XA18,S01XA18 - Ciclosporina,S01XA18 - Ciclosporina
5991,A10BH03,A10BH03,A10BH03 - Saxagliptina,A10BH03 - Saxagliptina
5993,V09IX05,V09IX05,V09IX05 - Fluorodopa 18F,V09IX05 - Fluorodopa 18F
5994,A10BX06,A10BX06,A10BX06 - Benfluorex,A10BX06 - Benfluorex
5995,C01BD06,C01BD06,C01BD06 - Tedisamil,C01BD06 - Tedisamil
5996,N02BG09,N02BG09,N02BG09 - Metoxiflurano,N02BG09 - Metoxiflurano
5997,C09DX01,C09DX01,"C09DX01 - Valsartán, amlodipino e hidroclorotiazida","C09DX01 - Valsartán, amlodipino e hidroclorotiazida"
5999,A04AA05,A04AA05,A04AA05 - Palonosetrón,A04AA05 - Palonosetrón
6000,N06AX22,N06AX22,N06AX22 - Agomelatina,N06AX22 - Agomelatina
6001,N06AX23,N06AX23,N06AX23 - Desvenlafaxina,N06AX23 - Desvenlafaxina
6002,C10BA,C10BA,C10BA - Combinaciones de varios agentes modificadores de los lípidos,C10BA - Combinaciones de varios agentes modificadores de los lípidos
6003,G03XC02,G03XC02,G03XC02 - Bazedoxifeno,G03XC02 - Bazedoxifeno
6004,L01XE02,L01XE02,L01XE02 - Gefitinib,L01XE02 - Gefitinib
6006,L04AB06,L04AB06,L04AB06 - Golimumab,L04AB06 - Golimumab
6008,L04AC08,L04AC08,L04AC08 - Canakinumab,L04AC08 - Canakinumab
6009,L01CA05,L01CA05,L01CA05 - Vinflunina,L01CA05 - Vinflunina
6010,C09DX,C09DX,"C09DX - Antagonistas de los receptores de angiotensina II, otras combinaciones con","C09DX - Antagonistas de los receptores de angiotensina II, otras combinaciones con"
6011,A01AD08,A01AD08,A01AD08 - Becaplermina,A01AD08 - Becaplermina
6012,A02BD07,A02BD07,"A02BD07 - Lansoprazol, amoxicilina y claritromicina","A02BD07 - Lansoprazol, amoxicilina y claritromicina"
6013,A04AD13,A04AD13,A04AD13 - Casopitant,A04AD13 - Casopitant
6014,A05AA03,A05AA03,A05AA03 - Ácido cólico,A05AA03 - Ácido cólico
6015,A06AH,A06AH,A06AH - Antagonistas del receptor opiode periférico,A06AH - Antagonistas del receptor opiode periférico
6016,A06AH01,A06AH01,A06AH01 - Bromuro de metilnaltrexona,A06AH01 - Bromuro de metilnaltrexona
6017,A06AH02,A06AH02,A06AH02 - Alvimopán,A06AH02 - Alvimopán
6018,A10BD09,A10BD09,A10BD09 - Pioglitazona y alogliptina,A10BD09 - Pioglitazona y alogliptina
6019,M04AA03,M04AA03,M04AA03 - Febuxostat,M04AA03 - Febuxostat
6020,A10BH04,A10BH04,A10BH04 - Alogliptina,A10BH04 - Alogliptina
6021,A10BX08,A10BX08,A10BX08 - Mitiglinida,A10BX08 - Mitiglinida
6022,B01AC22,B01AC22,B01AC22 - Prasugrel,B01AC22 - Prasugrel
6023,B02BX05,B02BX05,B02BX05 - Eltrombopag,B02BX05 - Eltrombopag
6024,B05AX,B05AX,B05AX - Otros productos de origen sanguíneo,B05AX - Otros productos de origen sanguíneo
6025,B05AX01,B05AX01,B05AX01 - Eritrocitos,B05AX01 - Eritrocitos
6026,B05AX02,B05AX02,B05AX02 - Trombocitos,B05AX02 - Trombocitos
6027,B05AX03,B05AX03,B05AX03 - Plasma sanguíneo,B05AX03 - Plasma sanguíneo
6028,B05AX04,B05AX04,B05AX04 - Células madre obtenidas de la sangre del cordón umbilical,B05AX04 - Células madre obtenidas de la sangre del cordón umbilical
6029,B05XA17,B05XA17,B05XA17 - Acetato de potasio,B05XA17 - Acetato de potasio
6030,C01EB21,C01EB21,C01EB21 - Regadenosón,C01EB21 - Regadenosón
6031,C07AB57,C07AB57,"C07AB57 - Bisoprolol, combinaciones con","C07AB57 - Bisoprolol, combinaciones con"
6032,C09BB03,C09BB03,C09BB03 - Lisinopril y amlodipino,C09BB03 - Lisinopril y amlodipino
6033,C09DB04,C09DB04,C09DB04 - Telmisartán y amlodipino,C09DB04 - Telmisartán y amlodipino
6034,M02AA25,M02AA25,M02AA25 - Aceclofenaco,M02AA25 - Aceclofenaco
6035,S01BA15,S01BA15,S01BA15 - Fluocinolona acetónido,S01BA15 - Fluocinolona acetónido
6036,C09DX02,C09DX02,C09DX02 - Valsartán y aliskireno,C09DX02 - Valsartán y aliskireno
6037,C10BA03,C10BA03,C10BA03 - Pravastatina y fenofibrato,C10BA03 - Pravastatina y fenofibrato
6038,D06BB53,D06BB53,"D06BB53 - Aciclovir, combinaciones con","D06BB53 - Aciclovir, combinaciones con"
6039,D08AJ08,D08AJ08,"D08AJ08 - Bencetonio, cloruro de","D08AJ08 - Bencetonio, cloruro de"
6040,D10AX05,D10AX05,D10AX05 - Dapsona,D10AX05 - Dapsona
6041,D11AH,D11AH,"D11AH - Agentes de la dermatitis, excluyendo corticosteroides","D11AH - Agentes de la dermatitis, excluyendo corticosteroides"
6042,D11AH01,D11AH01,D11AH01 - Tacrólimus,D11AH01 - Tacrólimus
6043,D11AH02,D11AH02,D11AH02 - Pimecrolimus,D11AH02 - Pimecrolimus
6044,D11AH03,D11AH03,D11AH03 - Cromoglícico ácido,D11AH03 - Cromoglícico ácido
6045,G03AA14,G03AA14,G03AA14 - Nomegestrol y estrógeno,G03AA14 - Nomegestrol y estrógeno
6046,G03GA09,G03GA09,G03GA09 - Corifolitropina alfa,G03GA09 - Corifolitropina alfa
6047,S01AX22,S01AX22,S01AX22 - Moxifloxacino,S01AX22 - Moxifloxacino
6048,G04BX14,G04BX14,G04BX14 - Dapoxetina,G04BX14 - Dapoxetina
6049,G04CA04,G04CA04,G04CA04 - Silodosina,G04CA04 - Silodosina
6050,G04CA51,G04CA51,G04CA51 - Alfuzosina y finasterida,G04CA51 - Alfuzosina y finasterida
6051,G04CA52,G04CA52,G04CA52 - Tamsulosina y dutasterida,G04CA52 - Tamsulosina y dutasterida
6052,H05BX02,H05BX02,H05BX02 - Paricalcitol,H05BX02 - Paricalcitol
6053,H05BX03,H05BX03,H05BX03 - Doxercalciferol,H05BX03 - Doxercalciferol
6054,J01DD17,J01DD17,J01DD17 - Cefcapeno,J01DD17 - Cefcapeno
6055,J01DE03,J01DE03,J01DE03 - Cefozoprán,J01DE03 - Cefozoprán
6056,J01DH05,J01DH05,J01DH05 - Biapenem,J01DH05 - Biapenem
6057,J01EA03,J01EA03,J01EA03 - Iclaprim,J01EA03 - Iclaprim
6058,J01XA04,J01XA04,J01XA04 - Dalbavancina,J01XA04 - Dalbavancina
6059,J01XA05,J01XA05,J01XA05 - Oritavancina,J01XA05 - Oritavancina
6060,J01XX10,J01XX10,J01XX10 - Bacitracina,J01XX10 - Bacitracina
6061,J05AR07,J05AR07,"J05AR07 - Estavudina, lamivudina y nevirapina","J05AR07 - Estavudina, lamivudina y nevirapina"
6062,J05AX10,J05AX10,J05AX10 - Maribavir,J05AX10 - Maribavir
6063,J07AH08,J07AH08,"J07AH08 - Meningococo A, C, Y, W-135, antígeno conjugado tetravalente, constituido por polisacáridos purificados","J07AH08 - Meningococo A, C, Y, W-135, antígeno conjugado tetravalente, constituido por polisacáridos purificados"
6064,L01AA09,L01AA09,L01AA09 - Bendamustina,L01AA09 - Bendamustina
6065,L01BA05,L01BA05,L01BA05 - Pralatrexato,L01BA05 - Pralatrexato
6066,C01BG11,C01BG11,C01BG11 - Vernakalant,C01BG11 - Vernakalant
6067,L01XC10,L01XC10,L01XC10 - Ofatumumab,L01XC10 - Ofatumumab
6069,L01XE11,L01XE11,L01XE11 - Pazopanib,L01XE11 - Pazopanib
6070,A16AB10,A16AB10,A16AB10 - Velaglucerasa Alfa,A16AB10 - Velaglucerasa Alfa
6071,D06BB12,D06BB12,D06BB12 - Sinecatechines,D06BB12 - Sinecatechines
6072,M03BX09,M03BX09,M03BX09 - Eperisona,M03BX09 - Eperisona
6073,M04AX02,M04AX02,M04AX02 - Pegloticasa,M04AX02 - Pegloticasa
6074,M05BX04,M05BX04,M05BX04 - Denosumab,M05BX04 - Denosumab
6075,N02AX05,N02AX05,N02AX05 - Meptazinol,N02AX05 - Meptazinol
6076,N02AX06,N02AX06,N02AX06 - Tapentadol,N02AX06 - Tapentadol
6077,N02BG10,N02BG10,N02BG10 - Cannabinoides,N02BG10 - Cannabinoides
6078,N03AX19,N03AX19,N03AX19 - Carisbamato,N03AX19 - Carisbamato
6079,N05AH05,N05AH05,N05AH05 - Asenapina,N05AH05 - Asenapina
6080,N05AH06,N05AH06,N05AH06 - Clotiapina,N05AH06 - Clotiapina
6081,N06BA11,N06BA11,N06BA11 - Dexmetilfenidato,N06BA11 - Dexmetilfenidato
6082,N07AX03,N07AX03,N07AX03 - Cevimelina,N07AX03 - Cevimelina
6083,R02AX,R02AX,R02AX - Otros preparados para la garganta,R02AX - Otros preparados para la garganta
6084,R02AX01,R02AX01,R02AX01 - Flurbiprofeno,R02AX01 - Flurbiprofeno
6085,R03AC18,R03AC18,R03AC18 - Indacaterol,R03AC18 - Indacaterol
6086,S01BC11,S01BC11,S01BC11 - Bromfenaco,S01BC11 - Bromfenaco
6087,S02AA16,S02AA16,S02AA16 - Ofloxacino,S02AA16 - Ofloxacino
6088,S02BA08,S02BA08,"S02BA08 - Fluocinolona, acetónido","S02BA08 - Fluocinolona, acetónido"
6089,S02DA03,S02DA03,S02DA03 - Fenazona,S02DA03 - Fenazona
6090,V03AF10,V03AF10,V03AF10 - Levofolinato de sodio,V03AF10 - Levofolinato de sodio
6091,V03AX02,V03AX02,V03AX02 - Nalfurafina,V03AX02 - Nalfurafina
6092,V09AX03,V09AX03,V09AX03 - Ioduro (124I) 2beta-carboximetoxi-3beta-(4iodefenil)-tropano,V09AX03 - Ioduro (124I) 2beta-carboximetoxi-3beta-(4iodefenil)-tropano
6093,V09FX04,V09FX04,V09FX04 - Ioduro (124I) de sodio,V09FX04 - Ioduro (124I) de sodio
6094,V09IX06,V09IX06,V09IX06 - Fluoruro (18F) de sodio,V09IX06 - Fluoruro (18F) de sodio
6095,V09IX07,V09IX07,V09IX07 - Fluorocolina (18F),V09IX07 - Fluorocolina (18F)
6096,B01AC24,B01AC24,B01AC24 - Ticagrelor,B01AC24 - Ticagrelor
6097,M09AB02,M09AB02,M09AB02 - Colagenasa de clostridium histolítico,M09AB02 - Colagenasa de clostridium histolítico
6098,B01AF02,B01AF02,B01AF02 - Apixaban,B01AF02 - Apixaban
6099,N03AX21,N03AX21,N03AX21 - Retigabina,N03AX21 - Retigabina
6100,L04AA27,L04AA27,L04AA27 - Fingolimod,L04AA27 - Fingolimod
6101,C09XA53,C09XA53,C09XA53 - Aliskireno y amlodipino,C09XA53 - Aliskireno y amlodipino
6102,L04AA28,L04AA28,L04AA28 - Belatacept,L04AA28 - Belatacept
6103,L01XX41,L01XX41,L01XX41 - Eribulina,L01XX41 - Eribulina
6104,L01XC11,L01XC11,L01XC11 - Ipilimumab,L01XC11 - Ipilimumab
6105,A02BD08,A02BD08,"A02BD08 - Subcitrato de bismuto, tetraciclina y metronidazol","A02BD08 - Subcitrato de bismuto, tetraciclina y metronidazol"
6106,A03AE03,A03AE03,A03AE03 - Cilansetrón,A03AE03 - Cilansetrón
6107,A10BH05,A10BH05,A10BH05 - Linagliptina,A10BH05 - Linagliptina
6108,A16AB08,A16AB08,A16AB08 - Galsulfasa,A16AB08 - Galsulfasa
6109,A16AB11,A16AB11,A16AB11 - Taliglucerasa alfa,A16AB11 - Taliglucerasa alfa
6110,B01AC23,B01AC23,B01AC23 - Cilostazol,B01AC23 - Cilostazol
6111,B01AC56,B01AC56,B01AC56 - Ácido acetilsalicílico y esomeprazol,B01AC56 - Ácido acetilsalicílico y esomeprazol
6112,C01BD07,C01BD07,C01BD07 - Dronedarona,C01BD07 - Dronedarona
6113,C01CA25,C01CA25,C01CA25 - Amezinio metilsulfato,C01CA25 - Amezinio metilsulfato
6114,C01CA26,C01CA26,C01CA26 - Efedrina,C01CA26 - Efedrina
6115,C05AA12,C05AA12,C05AA12 - Triamcinolona,C05AA12 - Triamcinolona
6116,C05CX02,C05CX02,C05CX02 - Naftazona,C05CX02 - Naftazona
6117,C07BB12,C07BB12,C07BB12 - Nebivolol y tiazidas,C07BB12 - Nebivolol y tiazidas
6118,C07FB07,C07FB07,C07FB07 - Bisoprolol y amlodipino,C07FB07 - Bisoprolol y amlodipino
6119,C08CA16,C08CA16,C08CA16 - Clevidipino,C08CA16 - Clevidipino
6120,C09BB06,C09BB06,C09BB06 - Enalapril y nitrendipino,C09BB06 - Enalapril y nitrendipino
6121,C09DB05,C09DB05,C09DB05 - Irbesartán y amlodipino,C09DB05 - Irbesartán y amlodipino
6122,C09DX03,C09DX03,"C09DX03 - Olmesartán medoxomilo, amlodipino e hidroclorotiazida","C09DX03 - Olmesartán medoxomilo, amlodipino e hidroclorotiazida"
6123,C09XA54,C09XA54,"C09XA54 - Aliskireno, amlodipino e hidroclorotiazida","C09XA54 - Aliskireno, amlodipino e hidroclorotiazida"
6124,C10AB11,C10AB11,C10AB11 - Fenofibrato de colina,C10AB11 - Fenofibrato de colina
6125,C10BA01,C10BA01,C10BA01 - Lovastatina y ácido nicotínico,C10BA01 - Lovastatina y ácido nicotínico
6126,C10BA02,C10BA02,C10BA02 - Simvastatina y ezetimiba,C10BA02 - Simvastatina y ezetimiba
6127,C10BX01,C10BX01,C10BX01 - Simvastatina y ácido acetilsalicílico,C10BX01 - Simvastatina y ácido acetilsalicílico
6128,C10BX04,C10BX04,"C10BX04 - Simvastatina, ácido acetilsalicílico y ramipril","C10BX04 - Simvastatina, ácido acetilsalicílico y ramipril"
6129,D11AX18,D11AX18,D11AX18 - Diclofenaco,D11AX18 - Diclofenaco
6130,G03AA15,G03AA15,G03AA15 - Clormadinona y etinilestradiol,G03AA15 - Clormadinona y etinilestradiol
6131,G03AB08,G03AB08,G03AB08 - Dienogest y estrógeno,G03AB08 - Dienogest y estrógeno
6132,G03AD,G03AD,G03AD - Anticonceptivos de emergencia,G03AD - Anticonceptivos de emergencia
6133,G03AD01,G03AD01,G03AD01 - Levonorgestrel,G03AD01 - Levonorgestrel
6134,G03AD02,G03AD02,G03AD02 - Ulipristal,G03AD02 - Ulipristal
6135,G03XC03,G03XC03,G03XC03 - Lasofoxifeno,G03XC03 - Lasofoxifeno
6136,J01DI02,J01DI02,J01DI02 - Ceftarolina fosamilo,J01DI02 - Ceftarolina fosamilo
6137,J01MA18,J01MA18,J01MA18 - Pazufloxacino,J01MA18 - Pazufloxacino
6138,J01MA19,J01MA19,J01MA19 - Garenoxacino,J01MA19 - Garenoxacino
6139,J01MA21,J01MA21,J01MA21 - Sitafloxacino,J01MA21 - Sitafloxacino
6140,J05AR05,J05AR05,"J05AR05 - Zidovudina, lamivudina y nevirapina","J05AR05 - Zidovudina, lamivudina y nevirapina"
6141,J07CA11,J07CA11,J07CA11 - Difteria-Haemophilus influenzae B- pertussis- tétanos-hepatitis B,J07CA11 - Difteria-Haemophilus influenzae B- pertussis- tétanos-hepatitis B
6142,J07CA12,J07CA12,J07CA12 - Difteria- pertussis-poliomielitis- tétanos-hepatitis B,J07CA12 - Difteria- pertussis-poliomielitis- tétanos-hepatitis B
6143,L01DB10,L01DB10,L01DB10 - Amrubicina,L01DB10 - Amrubicina
6144,L01DB11,L01DB11,L01DB11 - Pixantrona,L01DB11 - Pixantrona
6145,L01XA05,L01XA05,L01XA05 - Poliplatillena,L01XA05 - Poliplatillena
6146,L01XD06,L01XD06,L01XD06 - Efaproxiral,L01XD06 - Efaproxiral
6147,L01XE12,L01XE12,L01XE12 - Vandetanib,L01XE12 - Vandetanib
6148,L01XE13,L01XE13,L01XE13 - Afatinib,L01XE13 - Afatinib
6149,L01XX40,L01XX40,L01XX40 - Mepesuccinato de omacetaxina,L01XX40 - Mepesuccinato de omacetaxina
6150,L03AB12,L03AB12,L03AB12 - Albinterferon alfa-2b,L03AB12 - Albinterferon alfa-2b
6151,L03AB60,L03AB60,"L03AB60 - Peginterferón alfa-2b, combinaciones con","L03AB60 - Peginterferón alfa-2b, combinaciones con"
6152,L04AA22,L04AA22,L04AA22 - Abetimús,L04AA22 - Abetimús
6153,L04AA26,L04AA26,L04AA26 - Belimumab,L04AA26 - Belimumab
6154,L04AC09,L04AC09,L04AC09 - Briakinumab,L04AC09 - Briakinumab
6155,L04AD03,L04AD03,L04AD03 - Voclosporina,L04AD03 - Voclosporina
6156,M01AE18,M01AE18,M01AE18 - Naproxcinod,M01AE18 - Naproxcinod
6157,M01AE52,M01AE52,M01AE52 - Naproxeno y esomeprazol,M01AE52 - Naproxeno y esomeprazol
6158,M01AX26,M01AX26,"M01AX26 - Aguacate y aceite de semilla de soja, insaponificables","M01AX26 - Aguacate y aceite de semilla de soja, insaponificables"
6159,M02AA26,M02AA26,M02AA26 - Nimesulida,M02AA26 - Nimesulida
6160,M02AX05,M02AX05,M02AX05 - Idrocilamida,M02AX05 - Idrocilamida
6161,M05BB05,M05BB05,"M05BB05 - Ácido alendrónico, calcio y colecalciferol, preparados secuenciales","M05BB05 - Ácido alendrónico, calcio y colecalciferol, preparados secuenciales"
6162,M09AX02,M09AX02,M09AX02 - Condrocitos autólogos,M09AX02 - Condrocitos autólogos
6163,N01AX63,N01AX63,"N01AX63 - Óxido nitroso, combinaciones con","N01AX63 - Óxido nitroso, combinaciones con"
6165,N05CM18,N05CM18,N05CM18 - Dexmedetomidina,N05CM18 - Dexmedetomidina
6166,N06BA12,N06BA12,N06BA12 - Lisdexanfetamina,N06BA12 - Lisdexanfetamina
6167,N07XX07,N07XX07,N07XX07 - Fampridina,N07XX07 - Fampridina
6169,P01AX10,P01AX10,P01AX10 - Fumagilina,P01AX10 - Fumagilina
6170,P01BF,P01BF,"P01BF - Artemisinina y derivados, combinaciones","P01BF - Artemisinina y derivados, combinaciones"
6171,P01BF01,P01BF01,P01BF01 - Artemetero y lumefantrina,P01BF01 - Artemetero y lumefantrina
6172,P01BF02,P01BF02,P01BF02 - Artesunato y mefloquina,P01BF02 - Artesunato y mefloquina
6173,P01BF03,P01BF03,P01BF03 - Artesunato y amodiaquina,P01BF03 - Artesunato y amodiaquina
6174,P01BF04,P01BF04,"P01BF04 - Artesunato, sulfametopirazina y pirimetamina","P01BF04 - Artesunato, sulfametopirazina y pirimetamina"
6175,P01BF05,P01BF05,P01BF05 - Artenimol y piperaquina,P01BF05 - Artenimol y piperaquina
6176,P01BF06,P01BF06,P01BF06 - Artesunato y pironaridina,P01BF06 - Artesunato y pironaridina
6177,R01AC08,R01AC08,R01AC08 - Olopatadina,R01AC08 - Olopatadina
6178,R05CB16,R05CB16,R05CB16 - Manitol,R05CB16 - Manitol
6179,R05DA12,R05DA12,R05DA12 - Acetildihidrocodeína,R05DA12 - Acetildihidrocodeína
6180,R06AX29,R06AX29,R06AX29 - Bilastina,R06AX29 - Bilastina
6181,S01AX23,S01AX23,S01AX23 - Besifloxacino,S01AX23 - Besifloxacino
6182,S01BA14,S01BA14,S01BA14 - Loteprednol,S01BA14 - Loteprednol
6183,S01ED55,S01ED55,"S01ED55 - Carteolol, combinaciones con","S01ED55 - Carteolol, combinaciones con"
6184,S01LA02,S01LA02,S01LA02 - Anecortava,S01LA02 - Anecortava
6185,V03AB36,V03AB36,V03AB36 - Fentolamina,V03AB36 - Fentolamina
6186,V03AF09,V03AF09,V03AF09 - Glucarpidasa,V03AF09 - Glucarpidasa
6187,V03AN05,V03AN05,V03AN05 - Aire medicinal,V03AN05 - Aire medicinal
6188,V08CA11,V08CA11,V08CA11 - Gadofosveset,V08CA11 - Gadofosveset
6189,V09IA07,V09IA07,V09IA07 - Tecnecio (99m Tc) hinio-octreotida,V09IA07 - Tecnecio (99m Tc) hinio-octreotida
6190,V09IX08,V09IX08,V09IX08 - Fluoroetilcolina (18F),V09IX08 - Fluoroetilcolina (18F)
6191,L02BX03,L02BX03,L02BX03 - Abiraterona,L02BX03 - Abiraterona
6192,A10BD10,A10BD10,A10BD10 - Metformina y Saxagliptina,A10BD10 - Metformina y Saxagliptina
6193,N07XX08,N07XX08,N07XX08 - Tafamidis,N07XX08 - Tafamidis
6194,L04AX05,L04AX05,L04AX05 - Pirfenidona,L04AX05 - Pirfenidona
6195,L01XE15,L01XE15,L01XE15 - Vemurafenib,L01XE15 - Vemurafenib
6196,A02BC06,A02BC06,A02BC06 - Dexlansoprazol,A02BC06 - Dexlansoprazol
6197,A10BD11,A10BD11,A10BD11 - Metformina y linagliptina,A10BD11 - Metformina y linagliptina
6198,A10BK01,A10BK01,A10BK01 - Dapagliflozina,A10BK01 - Dapagliflozina
6199,A16AX08,A16AX08,A16AX08 - Teduglutida,A16AX08 - Teduglutida
6200,B01AA12,B01AA12,B01AA12 - Fluindiona,B01AA12 - Fluindiona
6201,B02BD10,B02BD10,B02BD10 - Factor Von Willebrand,B02BD10 - Factor Von Willebrand
6202,B02BD11,B02BD11,B02BD11 - Catridecacog,B02BD11 - Catridecacog
6203,B06AC,B06AC,B06AC - Fármacos utilizados en el angioedema hereditario,B06AC - Fármacos utilizados en el angioedema hereditario
6204,B06AC01,B06AC01,"B06AC01 - Inhibidor de C1, derivado del plasma","B06AC01 - Inhibidor de C1, derivado del plasma"
6205,B06AC02,B06AC02,B06AC02 - Icatibanto,B06AC02 - Icatibanto
6206,B06AC03,B06AC03,B06AC03 - Ecalantida,B06AC03 - Ecalantida
6207,B06AC04,B06AC04,B06AC04 - Conestat alfa,B06AC04 - Conestat alfa
6208,C05CX03,C05CX03,C05CX03 - Hippocastani semen,C05CX03 - Hippocastani semen
6209,C09BB07,C09BB07,C09BB07 - Ramipril y amlodipino,C09BB07 - Ramipril y amlodipino
6210,C09CA09,C09CA09,C09CA09 - Azilsartán medoxomilo,C09CA09 - Azilsartán medoxomilo
6211,C09DB06,C09DB06,C09DB06 - Losartán y amlodipino,C09DB06 - Losartán y amlodipino
6212,C10AX11,C10AX11,C10AX11 - Mipomersén,C10AX11 - Mipomersén
6213,D03AX11,D03AX11,D03AX11 - Tetraclorodecaóxido,D03AX11 - Tetraclorodecaóxido
6214,D11AH04,D11AH04,D11AH04 - Alitretinoína,D11AH04 - Alitretinoína
6215,G03DB08,G03DB08,G03DB08 - Dienogest,G03DB08 - Dienogest
6216,G04BX15,G04BX15,G04BX15 - Pentosan polisulfato de sodio,G04BX15 - Pentosan polisulfato de sodio
6217,H01AC06,H01AC06,H01AC06 - Tesamorelina,H01AC06 - Tesamorelina
6218,H01CB05,H01CB05,H01CB05 - Pasireotida,H01CB05 - Pasireotida
6219,J01CA19,J01CA19,J01CA19 - Aspoxicilina,J01CA19 - Aspoxicilina
6220,J01DC12,J01DC12,J01DC12 - Cefminox,J01DC12 - Cefminox
6221,J01DC13,J01DC13,J01DC13 - Cefbuperazona,J01DC13 - Cefbuperazona
6222,J01DC14,J01DC14,J01DC14 - Flomoxef,J01DC14 - Flomoxef
6223,J01DF02,J01DF02,J01DF02 - Carumonam,J01DF02 - Carumonam
6224,J01GB13,J01GB13,J01GB13 - Bekanamicina,J01GB13 - Bekanamicina
6225,J05AP02,J05AP02,J05AP02 - Telaprevir,J05AP02 - Telaprevir
6226,J05AR08,J05AR08,"J05AR08 - Emtricitabina, tenofovir disoproxilo y rilpivirina","J05AR08 - Emtricitabina, tenofovir disoproxilo y rilpivirina"
6227,J06BB17,J06BB17,J06BB17 - Motavizumab,J06BB17 - Motavizumab
6228,J07AH09,J07AH09,"J07AH09 - Meningococo B, vacuna multicomponente de","J07AH09 - Meningococo B, vacuna multicomponente de"
6229,L01CD04,L01CD04,L01CD04 - Cabazitaxel,L01CD04 - Cabazitaxel
6230,L01XC12,L01XC12,L01XC12 - Brentuximab vedotina,L01XC12 - Brentuximab vedotina
6231,L01XE14,L01XE14,L01XE14 - Bosutinib,L01XE14 - Bosutinib
6232,L01XE16,L01XE16,L01XE16 - Crizotinib,L01XE16 - Crizotinib
6233,L01XE17,L01XE17,L01XE17 - Axitinib,L01XE17 - Axitinib
6234,L01XE18,L01XE18,L01XE18 - Ruxolitinib,L01XE18 - Ruxolitinib
6235,L01XX42,L01XX42,L01XX42 - Panobinostat,L01XX42 - Panobinostat
6236,L03AX17,L03AX17,L03AX17 - Sipuleucel-T,L03AX17 - Sipuleucel-T
6237,L04AC10,L04AC10,L04AC10 - Secukinumab,L04AC10 - Secukinumab
6238,M01AC56,M01AC56,"M01AC56 - Meloxicam, combinaciones con","M01AC56 - Meloxicam, combinaciones con"
6239,M01AE56,M01AE56,M01AE56 - Naproxeno y misoprostol,M01AE56 - Naproxeno y misoprostol
6240,N03AX22,N03AX22,N03AX22 - Perampanel,N03AX22 - Perampanel
6241,N05AX14,N05AX14,N05AX14 - Iloperidona,N05AX14 - Iloperidona
6242,N06AX24,N06AX24,N06AX24 - Vilazodona,N06AX24 - Vilazodona
6243,N06AX25,N06AX25,N06AX25 - Hiperici herba,N06AX25 - Hiperici herba
6244,N06DA52,N06DA52,N06DA52 - Donepezilo y memantina,N06DA52 - Donepezilo y memantina
6245,N07BC05,N07BC05,N07BC05 - Levometadona,N07BC05 - Levometadona
6246,P03AX05,P03AX05,P03AX05 - Dimeticona,P03AX05 - Dimeticona
6247,S01LA05,S01LA05,S01LA05 - Aflibercept,S01LA05 - Aflibercept
6248,S02DA04,S02DA04,S02DA04 - Cincocaína,S02DA04 - Cincocaína
6249,R05X,R05X,R05X - OTROS PREPARADOS PARA EL RESFRÍADO,R05X - OTROS PREPARADOS PARA EL RESFRÍADO
6250,S01AA27,S01AA27,S01AA27 - Cefuroxima,S01AA27 - Cefuroxima
6251,A06AX04,A06AX04,A06AX04 - Linaclotida,A06AX04 - Linaclotida
6252,R03BB05,R03BB05,R03BB05 - Bromuro de Aclidinio,R03BB05 - Bromuro de Aclidinio
6253,J05AP03,J05AP03,J05AP03 - Boceprevir,J05AP03 - Boceprevir
6254,G04BD12,G04BD12,G04BD12 - Mirabegron,G04BD12 - Mirabegron
6255,L01XC13,L01XC13,L01XC13 - Pertuzumab,L01XC13 - Pertuzumab
6256,S01XA22,S01XA22,S01XA22 - Ocriplasmina,S01XA22 - Ocriplasmina
6257,R03BB06,R03BB06,R03BB06 - Glicopirronio bromuro,R03BB06 - Glicopirronio bromuro
6258,R07AX02,R07AX02,R07AX02 - Ivacaftor,R07AX02 - Ivacaftor
6259,R01AD58,R01AD58,"R01AD58 - Fluticasona, combinaciones con","R01AD58 - Fluticasona, combinaciones con"
6260,G04CA53,G04CA53,G04CA53 - Tamsulosina y solifenacina,G04CA53 - Tamsulosina y solifenacina
6261,S01AE,S01AE,S01AE - FLUOROQUINOLONAS,S01AE - FLUOROQUINOLONAS
6262,S01AE01,S01AE01,S01AE01 - Ofloxacino,S01AE01 - Ofloxacino
6264,L01XX43,L01XX43,L01XX43 - Vismodegib,L01XX43 - Vismodegib
6265,G03XB02,G03XB02,G03XB02 - Ulipristal,G03XB02 - Ulipristal
6266,D06BX02,D06BX02,D06BX02 - Ingenol Mebutato,D06BX02 - Ingenol Mebutato
6267,L03AA14,L03AA14,L03AA14 - Lipegfilgrastim,L03AA14 - Lipegfilgrastim
6268,A07AA12,A07AA12,A07AA12 - Fidaxomicina,A07AA12 - Fidaxomicina
6269,A10BJ03,A10BJ03,A10BJ03 - Lixisenatida,A10BJ03 - Lixisenatida
6270,L01XE21,L01XE21,L01XE21 - Regorafenib,L01XE21 - Regorafenib
6271,L01XX44,L01XX44,L01XX44 - Aflibercept,L01XX44 - Aflibercept
6272,R03AL,R03AL,"R03AL - Adrenergicos en combinacion con anticolinergicos, combinaciones con corticosteroides incl.","R03AL - Adrenergicos en combinacion con anticolinergicos, combinaciones con corticosteroides incl."
6273,R03AL01,R03AL01,"R03AL01 - Fenoterol e Ipratropio, bromuro de","R03AL01 - Fenoterol e Ipratropio, bromuro de"
6274,R03AL02,R03AL02,"R03AL02 - Salbutamol e Ipratropio, bromuro de","R03AL02 - Salbutamol e Ipratropio, bromuro de"
6275,R03AL03,R03AL03,"R03AL03 - Vilanterol y Umeclidinio, bromuro de","R03AL03 - Vilanterol y Umeclidinio, bromuro de"
6276,R03AL04,R03AL04,"R03AL04 - Indacaterol y Glicopirronio, bromuro de","R03AL04 - Indacaterol y Glicopirronio, bromuro de"
6277,N06AX26,N06AX26,N06AX26 - Vortioxetina,N06AX26 - Vortioxetina
6278,L01XC14,L01XC14,L01XC14 - Trastuzumab emtansina,L01XC14 - Trastuzumab emtansina
6279,R03AC19,R03AC19,R03AC19 - Olodaterol,R03AC19 - Olodaterol
6280,L02AE05,L02AE05,L02AE05 - Histrelina,L02AE05 - Histrelina
6281,A10BD13,A10BD13,A10BD13 - Metformina y Alogliptina,A10BD13 - Metformina y Alogliptina
6282,J05AR09,J05AR09,"J05AR09 - Emtricitabina, tenofovir disoproxilo, elvitegravir y cobicistat","J05AR09 - Emtricitabina, tenofovir disoproxilo, elvitegravir y cobicistat"
6283,A10BD15,A10BD15,A10BD15 - Metformina y Dapagliflozina,A10BD15 - Metformina y Dapagliflozina
6284,V09AX05,V09AX05,V09AX05 - florbetapir (18F),V09AX05 - florbetapir (18F)
6285,A06AX06,A06AX06,A06AX06 - Tegaserod,A06AX06 - Tegaserod
6286,A06AX05,A06AX05,A06AX05 - Prucaloprida,A06AX05 - Prucaloprida
6287,D03BA03,D03BA03,D03BA03 - bromelainas,D03BA03 - bromelainas
6288,B01AF,B01AF,B01AF - Inhibidores directos del factor Xa,B01AF - Inhibidores directos del factor Xa
6289,B01AF01,B01AF01,B01AF01- Rivaroxabán,B01AF01- Rivaroxabán
6290,J05AR10,J05AR10,J05AR10 - Lopinavir y ritonavir,J05AR10 - Lopinavir y ritonavir
6291,R03AK09,R03AK09,R03AK09 - Formoterol y mometasona,R03AK09 - Formoterol y mometasona
6292,R03AK08,R03AK08,R03AK08 - Formoterol y beclometasona,R03AK08 - Formoterol y beclometasona
6293,N07BC06,N07BC06,N07BC06 - Diamorfina,N07BC06 - Diamorfina
6295,S01AE02,S01AE02,S01AE02 - Norfloxacino,S01AE02 - Norfloxacino
6296,S01AE03,S01AE03,S01AE03 - Ciprofloxacino,S01AE03 - Ciprofloxacino
6297,S01AE04,S01AE04,S01AE04 - Lomefloxacino,S01AE04 - Lomefloxacino
6298,S01AE05,S01AE05,S01AE05 - Levofloxacino,S01AE05 - Levofloxacino
6299,S01AE06,S01AE06,S01AE06 - Gatifloxacino,S01AE06 - Gatifloxacino
6300,S01AE07,S01AE07,S01AE07 - Moxifloxacino,S01AE07 - Moxifloxacino
6301,S01AE08,S01AE08,S01AE08 - Besifloxacino,S01AE08 - Besifloxacino
6302,A10BJ04,A10BJ04,A10BJ04 - Albiglutida,A10BJ04 - Albiglutida
6303,L04AX07,L04AX07,L04AX07 - Dimetil fumarato,L04AX07 - Dimetil fumarato
6304,R03AK11,R03AK11,R03AK11 - Formoterol y fluticasona,R03AK11 - Formoterol y fluticasona
6305,C10BX06,C10BX06,"C10BX06 - Atorvastatina, acido acetilsalicilico y ramipril","C10BX06 - Atorvastatina, acido acetilsalicilico y ramipril"
6306,C10BA04,C10BA04,C10BA04 - Simvastatina y fenofibrato,C10BA04 - Simvastatina y fenofibrato
6307,V09AX06,V09AX06,V09AX06 - florbetaben (18F),V09AX06 - florbetaben (18F)
6308,R02AD05,R02AD05,R02AD05 - Ambroxol,R02AD05 - Ambroxol
6309,L01CA06,L01CA06,L01CA06-Vintafolida,L01CA06-Vintafolida
6310,L01XE23,L01XE23,L01XE23 - Dabrafenib,L01XE23 - Dabrafenib
6311,R03BB07,R03BB07,R03BB07 - Umeclidinio bromuro,R03BB07 - Umeclidinio bromuro
6312,J05AX11,J05AX11,J05AX11 - Elvitegravir,J05AX11 - Elvitegravir
6313,J05AP05,J05AP05,J05AP05 - Simeprevir,J05AP05 - Simeprevir
6314,G03AA16,G03AA16,G03AA16 - Dienogest y etinilestradiol,G03AA16 - Dienogest y etinilestradiol
6315,L01XC15,L01XC15,L01XC15 - Obinutuzumab,L01XC15 - Obinutuzumab
6316,N07BB05,N07BB05,N07BB05 - Nalmefeno,N07BB05 - Nalmefeno
6317,L04AX06,L04AX06,L04AX06 - Pomalidomida,L04AX06 - Pomalidomida
6318,L01XE26,L01XE26,L01XE26 - Cabozantinib,L01XE26 - Cabozantinib
6319,V09CA06,V09CA06,"V09CA06 - Tecnecio (99mTc), etilendicisteina de","V09CA06 - Tecnecio (99mTc), etilendicisteina de"
6320,S01EC54,S01EC54,"S01EC54 - Brinzolamida, combinaciones","S01EC54 - Brinzolamida, combinaciones"
6321,L04AC11,L04AC11,L04AC11 - Siltuximab,L04AC11 - Siltuximab
6322,A10AD06,A10AD06,A10AD06 - Insulina degludec e insulina asparta,A10AD06 - Insulina degludec e insulina asparta
6323,M05BB06,M05BB06,M05BB06 - Acido alendronico y alfacalcidol secuencial,M05BB06 - Acido alendronico y alfacalcidol secuencial
6324,R03AK10,R03AK10,R03AK10 - Vilanterol y furoato de fluticasona,R03AK10 - Vilanterol y furoato de fluticasona
6325,J05AX12,J05AX12,J05AX12 - Dolutegravir,J05AX12 - Dolutegravir
6326,J04AK06,J04AK06,J04AK06 - Delamanid,J04AK06 - Delamanid
6327,J05AR13,J05AR13,"J05AR13 - Lamivudina, abacavir y dolutegravir","J05AR13 - Lamivudina, abacavir y dolutegravir"
6328,L01XE27,L01XE27,L01XE27 - Ibrutinib,L01XE27 - Ibrutinib
6329,L01XX47,L01XX47,L01XX47 - Idelalisib,L01XX47 - Idelalisib
6330,V09AX04,V09AX04,V09AX04 - Flutemetamol (18F),V09AX04 - Flutemetamol (18F)
6331,V07AB94,V07AB94,V07AB94 - Agua para preparaciones inyectables,V07AB94 - Agua para preparaciones inyectables
6332,A10AE06,A10AE06,A10AE06 - Insulina degludec,A10AE06 - Insulina degludec
6333,D01AC17,D01AC17,D01AC17 - Eberconazol,D01AC17 - Eberconazol
6334,R05CA12,R05CA12,R05CA12 - Hederae helicis folium,R05CA12 - Hederae helicis folium
6335,J05AP07,J05AP07,J05AP07 - Daclatasvir,J05AP07 - Daclatasvir
6336,L04AA31,L04AA31,L04AA31 - Teriflunomida,L04AA31 - Teriflunomida
6337,A10AE56,A10AE56,A10AE56 - Insulina degludec y liraglutida,A10AE56 - Insulina degludec y liraglutida
6338,L01XX46,L01XX46,L01XX46 - Olaparib,L01XX46 - Olaparib
6339,A16AB12,A16AB12,A16AB12 - Elosulfasa alfa,A16AB12 - Elosulfasa alfa
6340,M09AX03,M09AX03,M09AX03 - Atalureno,M09AX03 - Atalureno
6341,J05AP08,J05AP08,J05AP08 - Sofosbuvir,J05AP08 - Sofosbuvir
6342,V09XX00,V09XX00,"V09XX00 - Productos radiofarmaceuticos para diagnostico, varios","V09XX00 - Productos radiofarmaceuticos para diagnostico, varios"
6343,L01XE31,L01XE31,L01XE31 - Nintedanib,L01XE31 - Nintedanib
6344,V10XX03,V10XX03,V10XX03 - Radio 223 dicloruro (223Ra),V10XX03 - Radio 223 dicloruro (223Ra)
6345,C10BA05,C10BA05,C10BA05 - Atorvastatina y Ezetimiba,C10BA05 - Atorvastatina y Ezetimiba
6346,C10BA06,C10BA06,C10BA06 - Rosuvastatina y ezetimiba,C10BA06 - Rosuvastatina y ezetimiba
6347,C09BX01,C09BX01,"C09BX01 - Perindopril, amlodipino e indapamida","C09BX01 - Perindopril, amlodipino e indapamida"
6348,C08GA02,C08GA02,C08GA02 - Amlodipino y diureticos,C08GA02 - Amlodipino y diureticos
6349,G02CX03,G02CX03,G02CX03 - Vitex agnus castus fruto,G02CX03 - Vitex agnus castus fruto
6350,M02AA27,M02AA27,M02AA27 - Dexketoprofeno,M02AA27 - Dexketoprofeno
6351,G01AF19,G01AF19,G01AF19 - Sertaconazol,G01AF19 - Sertaconazol
6352,D10AF05,D10AF05,D10AF05 - Nadifloxacino,D10AF05 - Nadifloxacino
6353,C09BX,C09BX,"C09BX - Inhibidores de la ECA, otras combinaciones","C09BX - Inhibidores de la ECA, otras combinaciones"
6354,G02CX04,G02CX04,G02CX04 - Rizoma de Cimicifuga,G02CX04 - Rizoma de Cimicifuga
6355,G04BE10,G04BE10,G04BE10 - Avanafilo,G04BE10 - Avanafilo
6356,L02BB04,L02BB04,L02BB04 - Enzalutamida,L02BB04 - Enzalutamida
6357,A10BK03,A10BK03,A10BK03 - Empagliflozina,A10BK03 - Empagliflozina
6358,L01XE28,L01XE28,L01XE28 - Ceritinib,L01XE28 - Ceritinib
6359,A10BK02,A10BK02,A10BK02 - Canagliflozina,A10BK02 - Canagliflozina
6360,A10BD16,A10BD16,A10BD16 - Metformina y canagliflozina,A10BD16 - Metformina y canagliflozina
6361,C02KX05,C02KX05,C02KX05 - Riociguat,C02KX05 - Riociguat
6362,C02KX04,C02KX04,C02KX04 - Macitentan,C02KX04 - Macitentan
6363,D11AX22,D11AX22,D11AX22 - Ivermectina,D11AX22 - Ivermectina
6364,C09DX04,C09DX04,C09DX04 - Valsartan y sacubitrilo,C09DX04 - Valsartan y sacubitrilo
6365,L04AA33,L04AA33,L04AA33 - Vedolizumab,L04AA33 - Vedolizumab
6366,J05AR14,J05AR14,J05AR14 - Darunavir y cobicistat,J05AR14 - Darunavir y cobicistat
6367,A10BD20,A10BD20,A10BD20 - Metformina y Empagliflozina,A10BD20 - Metformina y Empagliflozina
6368,L01XC17,L01XC17,L01XC17 - Nivolumab,L01XC17 - Nivolumab
6369,R03AL06,R03AL06,R03AL06 - Olodaterol y bromuro de tiotropio,R03AL06 - Olodaterol y bromuro de tiotropio
6370,L01XC18,L01XC18,L01XC18 - Pembrolizumab,L01XC18 - Pembrolizumab
6371,S01XA19,S01XA19,"S01XA19 - Celulas madre limbares, autologas","S01XA19 - Celulas madre limbares, autologas"
6372,C10AX13,C10AX13,C10AX13 - Evolocumab,C10AX13 - Evolocumab
6373,L03AB13,L03AB13,L03AB13 - Peginterferon beta-1a,L03AB13 - Peginterferon beta-1a
6374,V03AX03,V03AX03,V03AX03 - Cobicistat,V03AX03 - Cobicistat
6375,J05AR15,J05AR15,J05AR15 - Atazanavir y cobicistat,J05AR15 - Atazanavir y cobicistat
6376,G03XC05,G03XC05,G03XC05 - Ospemifeno,G03XC05 - Ospemifeno
6377,J04AK05,J04AK05,J04AK05 - Bedaquilina,J04AK05 - Bedaquilina
6378,J07BM03,J07BM03,"J07BM03 - Papilomavirus (tipos humanos 6, 11, 16, 18, 31, 33, 45, 52, 58)","J07BM03 - Papilomavirus (tipos humanos 6, 11, 16, 18, 31, 33, 45, 52, 58)"
6379,R03AL05,R03AL05,R03AL05 - Formoterol y Bromuro de aclidinio,R03AL05 - Formoterol y Bromuro de aclidinio
6380,L01XX45,L01XX45,L01XX45 - Carfilzomib,L01XX45 - Carfilzomib
6382,L01XE25,L01XE25,L01XE25 - Trametinib,L01XE25 - Trametinib
6383,J01DI54,J01DI54,J01DI54 - Ceftolozano e inhibidores de la betalactamasa,J01DI54 - Ceftolozano e inhibidores de la betalactamasa
6384,A04AA55,A04AA55,"A04AA55 - Palonosetron, combinaciones","A04AA55 - Palonosetron, combinaciones"
6385,L01XC19,L01XC19,L01XC19 - Blinatumomab,L01XC19 - Blinatumomab
6386,G04BD13,G04BD13,G04BD13 - Desfesoterodina,G04BD13 - Desfesoterodina
6387,L01XE38,L01XE38,L01XE38 - Cobimetinib,L01XE38 - Cobimetinib
6388,A10BJ05,A10BJ05,A10BJ05 - Dulaglutida,A10BJ05 - Dulaglutida
6389,L04AA32,L04AA32,L04AA32 - Apremilast,L04AA32 - Apremilast
6390,L01XX51,L01XX51,L01XX51 - Talimogen laherparepvec,L01XX51 - Talimogen laherparepvec
6391,C10AX12,C10AX12,C10AX12 - Lomitapida,C10AX12 - Lomitapida
6392,J05AP09,J05AP09,J05AP09 - Dasabuvir,J05AP09 - Dasabuvir
6393,J05AR18,J05AR18,"J05AR18 - Emtricitabina, tenofovir alafenamida, elvitegravir y cobicistat","J05AR18 - Emtricitabina, tenofovir alafenamida, elvitegravir y cobicistat"
6394,A16AB13,A16AB13,A16AB13 - Asfotasa alfa,A16AB13 - Asfotasa alfa
6395,A16AB14,A16AB14,A16AB14 - Sebelipasa alfa,A16AB14 - Sebelipasa alfa
6396,G03CC07,G03CC07,G03CC07 - Estrogenos conjugados y bazedoxifeno,G03CC07 - Estrogenos conjugados y bazedoxifeno
6397,J01XX11,J01XX11,J01XX11 - Tedizolid,J01XX11 - Tedizolid
6398,J05AP51,J05AP51,J05AP51 - Sofosbuvir y ledipasvir,J05AP51 - Sofosbuvir y ledipasvir
6399,J05AP53,J05AP53,"J05AP53 - Ombitasvir, paritaprevir y ritonavir","J05AP53 - Ombitasvir, paritaprevir y ritonavir"
6400,L01XC21,L01XC21,L01XC21 - Ramucirumab,L01XC21 - Ramucirumab
6401,V03AB37,V03AB37,V03AB37 - Idarucizumab,V03AB37 - Idarucizumab
6402,L01XC22,L01XC22,L01XC22 - Necitumumab,L01XC22 - Necitumumab
6403,N03AX23,N03AX23,N03AX23 - Brivaracetam,N03AX23 - Brivaracetam
6404,J02AC05,J02AC05,J02AC05 - Isavuconazol,J02AC05 - Isavuconazol
6405,A16AX10,A16AX10,A16AX10 - Eliglustat,A16AX10 - Eliglustat
6406,L01XE35,L01XE35,L01XE35 - Osimertinib,L01XE35 - Osimertinib
6407,ZZZZZZ,ZZZZZZ,ZZZZZZ - No Asignado,ZZZZZZ - No Asignado
6408,R03DX09,R03DX09,R03DX09 - Mepolizumab,R03DX09 - Mepolizumab
6409,J05AR12,J05AR12,J05AR12 - Lamivudina y tenofovir disoproxilo,J05AR12 - Lamivudina y tenofovir disoproxilo
6410,M04AB05,M04AB05,M04AB05 - Lesinurad,M04AB05 - Lesinurad
6411,J05AR17,J05AR17,J05AR17 - Emtricitabina y tenofovir alafenamida,J05AR17 - Emtricitabina y tenofovir alafenamida
6412,V03AE05,V03AE05,V03AE05 - Oxihidroxido sucroferrico,V03AE05 - Oxihidroxido sucroferrico
6413,L01BC59,L01BC59,"L01BC59 - Trifluridina, combinaciones con","L01BC59 - Trifluridina, combinaciones con"
6414,N02AJ14,N02AJ14,N02AJ14 - Tramadol y dexketoprofeno,N02AJ14 - Tramadol y dexketoprofeno
6415,N02AJ,N02AJ,N02AJ - Opioides combinados con otros analgesicos,N02AJ - Opioides combinados con otros analgesicos
6416,C10BX09,C10BX09,C10BX09 - Rosuvastatina y amlodipino,C10BX09 - Rosuvastatina y amlodipino
6417,L01XC24,L01XC24,L01XC24 - Daratumumab,L01XC24 - Daratumumab
6418,L04AC13,L04AC13,L04AC13 - Ixekizumab,L04AC13 - Ixekizumab
6419,B01AC27,B01AC27,B01AC27 - Selexipag,B01AC27 - Selexipag
6420,N07XX11,N07XX11,N07XX11 - Pitolisant,N07XX11 - Pitolisant
6421,J01DD52,J01DD52,J01DD52 - Ceftazidima e inhibidores de la betalactamasa,J01DD52 - Ceftazidima e inhibidores de la betalactamasa
6422,R07AX30,R07AX30,R07AX30 - Ivacaftor y Lumacaftor,R07AX30 - Ivacaftor y Lumacaftor
6423,B01AF03,B01AF03,B01AF03 - Edoxabán,B01AF03 - Edoxabán
6424,J05AR19,J05AR19,"J05AR19 - Emtricitabina, tenofovir alafenamida y rilpivirina","J05AR19 - Emtricitabina, tenofovir alafenamida y rilpivirina"
6425,B02BD14,B02BD14,B02BD14 - Susoctocog alfa,B02BD14 - Susoctocog alfa
6426,L01XE24,L01XE24,L01XE24 - Ponatinib,L01XE24 - Ponatinib
6427,A10BD21,A10BD21,A10BD21 - Saxagliptina y Dapagliflozina,A10BD21 - Saxagliptina y Dapagliflozina
6428,J05AP54,J05AP54,J05AP54 - Elbasvir y Grazoprevir,J05AP54 - Elbasvir y Grazoprevir
6429,A06AH03,A06AH03,A06AH03 - Naloxegol,A06AH03 - Naloxegol
6430,A08AA62,A08AA62,A08AA62 - Bupropion y naltrexona,A08AA62 - Bupropion y naltrexona
6431,R03DX08,R03DX08,R03DX08 - Reslizumab,R03DX08 - Reslizumab
6432,A16AX14,A16AX14,A16AX14 - Migalastat,A16AX14 - Migalastat
6433,J05AP55,J05AP55,J05AP55- Sofosbuvir y Velpatasvir,J05AP55- Sofosbuvir y Velpatasvir
6434,L01XE29,L01XE29,L01XE29 - Lenvatinib,L01XE29 - Lenvatinib
6435,C09DB07,C09DB07,C09DB07 - Candesartan y amlodipino,C09DB07 - Candesartan y amlodipino
6436,L01XC27,L01XC27,L01XC27 - Olaratumab,L01XC27 - Olaratumab
6437,H05BX04,H05BX04,H05BX04 - Etelcalcetida,H05BX04 - Etelcalcetida
6438,L01XE33,L01XE33,L01XE33 - palbociclib,L01XE33 - palbociclib
6439,A10BJ,A10BJ,A10BJ - Analogos al peptido similar al glucagon (GLP-1),A10BJ - Analogos al peptido similar al glucagon (GLP-1)
6440,N02AJ13,N02AJ13,N02AJ13 - Tramadol y paracetamol,N02AJ13 - Tramadol y paracetamol
6441,N02AJ08,N02AJ08,N02AJ08 - Codeina e ibuprofeno,N02AJ08 - Codeina e ibuprofeno
6442,N02AJ06,N02AJ06,N02AJ06 - Codeina y paracetamol,N02AJ06 - Codeina y paracetamol
6443,N02AJ09,N02AJ09,N02AJ09 - Codeina y otros analgesicos no opioides,N02AJ09 - Codeina y otros analgesicos no opioides
6444,N02AJ07,N02AJ07,N02AJ07 - Codeina y acido acetilsalicilico,N02AJ07 - Codeina y acido acetilsalicilico
6445,A05AA04,A05AA04,A05AA04 - Acido obeticolico,A05AA04 - Acido obeticolico
6446,L01XX52,L01XX52,L01XX52 - Venetoclax,L01XX52 - Venetoclax
6447,L01XX50,L01XX50,L01XX50 - Ixazomib,L01XX50 - Ixazomib
6448,D02BB02,D02BB02,D02BB02 - Afamelanotida,D02BB02 - Afamelanotida
6449,A10BK,A10BK,A10BK - Inhibidores del cotransportador sodio-glucosa tipo 2 (SGLT2),A10BK - Inhibidores del cotransportador sodio-glucosa tipo 2 (SGLT2)
6450,D11AX24,D11AX24,D11AX24 - Ácido desoxicólico,D11AX24 - Ácido desoxicólico
6451,C07FX,C07FX,"C07FX - Agentes beta-bloqueantes, otras combinaciones","C07FX - Agentes beta-bloqueantes, otras combinaciones"
6452,V09IX09,V09IX09,V09IX09 - galio (68Ga) edoteotrida,V09IX09 - galio (68Ga) edoteotrida
6453,A10AE54,A10AE54,A10AE54 - Insulina glargina y lixisenatida,A10AE54 - Insulina glargina y lixisenatida
6454,J05AF13,J05AF13,J05AF13 - Tenofovir alafenamida,J05AF13 - Tenofovir alafenamida
6455,C03XW91,C03XW91,C03XW91 - Urea,C03XW91 - Urea
6456,C03XW,C03XW,C03XW - Otros,C03XW - Otros
6457,A07DA06,A07DA06,A07DA06 - Eluxadolina,A07DA06 - Eluxadolina
6458,C07FX06,C07FX06,C07FX06 - Carvedilol e Ivabradina,C07FX06 - Carvedilol e Ivabradina
6459,C10AX14,C10AX14,C10AX14 - Alirocumab,C10AX14 - Alirocumab
6460,J06BB21,J06BB21,J06BB21 - Bezlotoxumab,J06BB21 - Bezlotoxumab
6461,L01XC23,L01XC23,L01XC23 - Elotuzumab,L01XC23 - Elotuzumab
6462,N04BD03,N04BD03,N04BD03 - Safinamida,N04BD03 - Safinamida
6463,R03AK13,R03AK13,R03AK13 - Salbutamol y beclometasona,R03AK13 - Salbutamol y beclometasona
6464,L04AA37,L04AA37,L04AA37 - Baricitinib,L04AA37 - Baricitinib
6465,L01XE36,L01XE36,L01XE36 - Alectinib,L01XE36 - Alectinib
6466,G03GA10,G03GA10,G03GA10 - Folitropina delta,G03GA10 - Folitropina delta
6467,N04BX04,N04BX04,N04BX04 - Opicapona,N04BX04 - Opicapona
6468,D03AX12,D03AX12,D03AX12 - Trolamina,D03AX12 - Trolamina
6469,L04AA29,L04AA29,L04AA29 - Tofacitinib,L04AA29 - Tofacitinib
6470,B03AB10,B03AB10,B03AB10 - Maltol férrico,B03AB10 - Maltol férrico
6471,A16AX09,A16AX09,"A16AX09 - Glicerol, fenilbutirato de","A16AX09 - Glicerol, fenilbutirato de"
6472,A10BD19,A10BD19,A10BD19 - Linagliptina y Empagliflozina,A10BD19 - Linagliptina y Empagliflozina
6473,L04AC14,L04AC14,L04AC14 - Sarilumab,L04AC14 - Sarilumab
6474,M09AX07,M09AX07,M09AX07 - Nusinersén,M09AX07 - Nusinersén
6475,V09IA09,V09IA09,V09IA09 - Tecnecio (99m Tc) tilmanocept,V09IA09 - Tecnecio (99m Tc) tilmanocept
6476,L01XC26,L01XC26,L01XC26 - Inotuzumab ozogamicina,L01XC26 - Inotuzumab ozogamicina
6477,A04AD14,A04AD14,A04AD14 - Rolapitant,A04AD14 - Rolapitant
6478,N05AE05,N05AE05,N05AE05 - Lurasidona,N05AE05 - Lurasidona
6479,L04AC12,L04AC12,L04AC12 - Brodalumab,L04AC12 - Brodalumab
6480,D05BX90,D05BX90,D05BX90 - Dimetil fumarato,D05BX90 - Dimetil fumarato
6481,S01XA25,S01XA25,S01XA25- Lifitegrast,S01XA25- Lifitegrast
6482,R03AL09,R03AL09,"R03AL09 - Formoterol, glicopirronio, bromuro de y beclometasona","R03AL09 - Formoterol, glicopirronio, bromuro de y beclometasona"
6483,J05AP56,J05AP56,"J05AP56 - Sofosbuvir, velpatasvir y voxilaprevir","J05AP56 - Sofosbuvir, velpatasvir y voxilaprevir"
6484,J05AP,J05AP,J05AP - Antivirales para el tratamiento de infecciones de VHC,J05AP - Antivirales para el tratamiento de infecciones de VHC
6485,D06AX14,D06AX14,D06AX14 - Ozenoxacino,D06AX14 - Ozenoxacino
6486,L01XE42,L01XE42,L01XE42 - Ribociclib,L01XE42 - Ribociclib
6487,S01XA24,S01XA24,S01XA24 - Cenegermina,S01XA24 - Cenegermina
6488,S01XA21,S01XA21,S01XA21 - Mercaptamina,S01XA21 - Mercaptamina
6489,J05AR22,J05AR22,"J05AR22 - Emtricitabina, tenofovir alafenamida, darunavir y cobicistat","J05AR22 - Emtricitabina, tenofovir alafenamida, darunavir y cobicistat"
6490,L01XE39,L01XE39,L01XE39 -  Midostaurina,L01XE39 -  Midostaurina
6491,V10XX04,V10XX04,V10XX04 - Lutecio (177Lu) oxodotreotida,V10XX04 - Lutecio (177Lu) oxodotreotida
6492,L04AC16,L04AC16,L04AC16 - Guselkumab,L04AC16 - Guselkumab
6493,N05AX15,N05AX15,N05AX15 - Cariprazina,N05AX15 - Cariprazina
6494,A16AX15,A16AX15,A16AX15 - Telotristat,A16AX15 - Telotristat
6495,R03AL08,R03AL08,"R03AL08 - Vilanterol, umeclidinio, bromuro de y fluticasona, furoato de","R03AL08 - Vilanterol, umeclidinio, bromuro de y fluticasona, furoato de"
6496,A02BX14,A02BX14,A02BX14 - Rebamipida,A02BX14 - Rebamipida
6497,A06AX07,A06AX07,A06AX07 - Plecanatide,A06AX07 - Plecanatide
6498,A10BD22,A10BD22,A10BD22 - Metformina y Evogliptina,A10BD22 - Metformina y Evogliptina
6499,A10BH07,A10BH07,A10BH07 - Evogliptina,A10BH07 - Evogliptina
6500,A10BJ06,A10BJ06,A10BJ06 - Semaglutida,A10BJ06 - Semaglutida
6501,A16AB15,A16AB15,A16AB15 - Velmanasa alfa,A16AB15 - Velmanasa alfa
6502,A16AB16,A16AB16,A16AB16 - Idursulfasa beta,A16AB16 - Idursulfasa beta
6503,A16AB17,A16AB17,A16AB17 - Cerliponasa alfa,A16AB17 - Cerliponasa alfa
6504,A16AB18,A16AB18,A16AB18 - Vestronidasa alfa,A16AB18 - Vestronidasa alfa
6505,B02BX06,B02BX06,B02BX06 - Emicizumab,B02BX06 - Emicizumab
6506,C09BX03,C09BX03,"C09BX03 - Ramipril, amlodipino e hidroclorotiazida","C09BX03 - Ramipril, amlodipino e hidroclorotiazida"
6507,C09DA10,C09DA10,C09DA10 - Fimasartan y diureticos,C09DA10 - Fimasartan y diureticos
6508,C10BX13,C10BX13,"C10BX13 - Rosuvastatina, perindopril e indapamida","C10BX13 - Rosuvastatina, perindopril e indapamida"
6509,C10BX14,C10BX14,"C10BX14 - Rosuvastatina, amlodipino y perindopril","C10BX14 - Rosuvastatina, amlodipino y perindopril"
6510,C10BX15,C10BX15,C10BX15 - Atorvastatina y perindopril,C10BX15 - Atorvastatina y perindopril
6511,D01AE24,D01AE24,D01AE24 - Tavaborol,D01AE24 - Tavaborol
6512,R03DX10,R03DX10,R03DX10 - BENRALIZUMAB,R03DX10 - BENRALIZUMAB
6513,R02AX03,R02AX03,R02AX03 - Bencidamina,R02AX03 - Bencidamina
6514,L01XX54,L01XX54,L01XX54 - Niraparib,L01XX54 - Niraparib
6515,L04AA36,L04AA36,L04AA36 - Ocrelizumab,L04AA36 - Ocrelizumab
6516,B01AC25,B01AC25,B01AC25 - CANGRELOR,B01AC25 - CANGRELOR
6517,J05AX18,J05AX18,J05AX18 - Letermovir,J05AX18 - Letermovir
6518,V03AE09,V03AE09,V03AE09 - Patiromero calcico,V03AE09 - Patiromero calcico
6519,J05AP57,J05AP57,J05AP57 - Glecaprevir y pibrentasvir,J05AP57 - Glecaprevir y pibrentasvir
6520,D11AH05,D11AH05,D11AH05 - Dupilumab,D11AH05 - Dupilumab
6521,R03DA12,R03DA12,R03DA12 - Mepiramina teofilinacetato,R03DA12 - Mepiramina teofilinacetato
6522,L03AX95,L03AX95,L03AX95 - Linfocitos T alogénicos modificados genéticamente para expresar el gen suicida TK,L03AX95 - Linfocitos T alogénicos modificados genéticamente para expresar el gen suicida TK
6523,J01DD63,J01DD63,J01DD63 - Ceftriaxona e inhibidores de la betalactamasa,J01DD63 - Ceftriaxona e inhibidores de la betalactamasa
6524,J01DD51,J01DD51,J01DD51 - Cefotaxima e inhibidores de la betalactamasa,J01DD51 - Cefotaxima e inhibidores de la betalactamasa
6525,N02AJ15,N02AJ15,N02AJ15 - Tramadol y otros analgésicos no opioides,N02AJ15 - Tramadol y otros analgésicos no opioides
6526,J05AR11,J05AR11,"J05AR11 - Lamivudina, tenofovir disoproxilo y efavirenz","J05AR11 - Lamivudina, tenofovir disoproxilo y efavirenz"
6527,L01XE44,L01XE44,L01XE44 - Lorlatinib,L01XE44 - Lorlatinib
6528,L01XC31,L01XC31,L01XC31 - Avelumab,L01XC31 - Avelumab
6529,L01XE43,L01XE43,L01XE43 - Brigatinib,L01XE43 - Brigatinib
6530,L01XC28,L01XC28,L01XC28 - Durvalumab,L01XC28 - Durvalumab
6531,R05CA13,R05CA13,R05CA13 - Cineol,R05CA13 - Cineol
6532,L01XC16,L01XC16,L01XC16 - Dinutuximab beta,L01XC16 - Dinutuximab beta
6533,G03AC10,G03AC10,G03AC10 - Drospirenona,G03AC10 - Drospirenona
6534,A16AA07,A16AA07,A16AA07 - Metreleptina,A16AA07 - Metreleptina
6535,M05BX05,M05BX05,M05BX05 - Burosumab,M05BX05 - Burosumab
6536,N07XX10,N07XX10,N07XX10 - Laquinimod,N07XX10 - Laquinimod
6537,L01XE22,L01XE22,L01XE22 - Masitinib,L01XE22 - Masitinib
6538,J04AK07,J04AK07,J04AK07 - Tioacetazona,J04AK07 - Tioacetazona
6539,C01DX21,C01DX21,C01DX21 - Serelaxina,C01DX21 - Serelaxina
6540,L01XE34,L01XE34,L01XE34 - Tivozanib,L01XE34 - Tivozanib
6541,C10BX10,C10BX10,C10BX10 - Rosuvastatina y valsartán,C10BX10 - Rosuvastatina y valsartán
6542,A10BK04,A10BK04,A10BK04 - Ertugliflozina,A10BK04 - Ertugliflozina
6543,L04AA40,L04AA40,L04AA40 - Cladribina,L04AA40 - Cladribina
6544,A10BD23,A10BD23,A10BD23 - Metformina y ertugliflozina,A10BD23 - Metformina y ertugliflozina
6545,J05AR21,J05AR21,J05AR21 - Dolutegravir y Rilpivirina,J05AR21 - Dolutegravir y Rilpivirina
6546,C10BX05,C10BX05,C10BX05 - Rosuvastatina y ácido acetilsalicílico,C10BX05 - Rosuvastatina y ácido acetilsalicílico
6547,J05AP52,J05AP52,"J05AP52 - Dasabuvir, ombitasvir, paritaprevir y ritonavir","J05AP52 - Dasabuvir, ombitasvir, paritaprevir y ritonavir"
6548,J05AR20,J05AR20,"J05AR20 - Emtricitabina, tenofovir alafenamida y bictegravir","J05AR20 - Emtricitabina, tenofovir alafenamida y bictegravir"
6549,N02CX07,N02CX07,N02CX07 - Erenumab,N02CX07 - Erenumab
6550,G03XX01,G03XX01,G03XX01 - Prasterona,G03XX01 - Prasterona
6551,G03XX,G03XX,G03XX - Otras hormonas sexuales y moduladores del sistema genital,G03XX - Otras hormonas sexuales y moduladores del sistema genital
6553,L01XX48,L01XX48,L01XX48 - SONIDEGIB,L01XX48 - SONIDEGIB
6554,L01XC32,L01XC32,L01XC32 - Atezolizumab,L01XC32 - Atezolizumab
6555,V03AE10,V03AE10,V03AE10 - Ciclosilicato de sodio y zirconio,V03AE10 - Ciclosilicato de sodio y zirconio
6556,L01XE46,L01XE46,L01XE46 - Encorafenib,L01XE46 - Encorafenib
6557,L01XE50,L01XE50,L01XE50 - Abemaciclib,L01XE50 - Abemaciclib
6558,L01XE41,L01XE41,L01XE41 - BINIMETINIB,L01XE41 - BINIMETINIB
6559,N07XX12,N07XX12,N07XX12 - PATISIRAN,N07XX12 - PATISIRAN
6561,R07AX31,R07AX31,R07AX31 - Ivacaftor y tezacaftor,R07AX31 - Ivacaftor y tezacaftor
6562,L04AC17,L04AC17,L04AC17 - Tildrakizumab,L04AC17 - Tildrakizumab
6563,L01XY01,L01XY01,L01XY01 - Citarabina y daunorubicina,L01XY01 - Citarabina y daunorubicina
6564,J05AG06,J05AG06,J05AG06 - Doravirina,J05AG06 - Doravirina
6565,V09IX12,V09IX12,V09IX12 - Fluciclovina (18F),V09IX12 - Fluciclovina (18F)
6566,L02BB05,L02BB05,L02BB05 - Apalutamida,L02BB05 - Apalutamida
6567,J05AR24,J05AR24,"J05AR24 - Lamivudina, tenofovir disoproxilo y doravirina","J05AR24 - Lamivudina, tenofovir disoproxilo y doravirina"
6568,N05AX16,N05AX16,N05AX16 - Brexpiprazol,N05AX16 - Brexpiprazol
6569,B06AC05,B06AC05,B06AC05 - Lanadelumab,B06AC05 - Lanadelumab
6571,L01XD07,L01XD07,L01XD07 - padeliporfina,L01XD07 - padeliporfina
6572,B01AX07,B01AX07,B01AX07 - Caplacizumab,B01AX07 - Caplacizumab
6573,L01XX55,L01XX55,L01XX55 - Rucaparib,L01XX55 - Rucaparib
6574,N02CD03,N02CD03,N02CD03 - Fremanezumab,N02CD03 - Fremanezumab
6575,N02CD,N02CD,N02CD - Antagonistas del ligando péptido relacionado con el gen de la calcitonina (CGRP),N02CD - Antagonistas del ligando péptido relacionado con el gen de la calcitonina (CGRP)
6576,L01XC25,L01XC25,L01XC25 - Mogamulizumab,L01XC25 - Mogamulizumab
6577,L01XE47,L01XE47,L01XE47 - Dacomitinib,L01XE47 - Dacomitinib
6578,L04AC18,L04AC18,L04AC18 - Risankizumab,L04AC18 - Risankizumab
6579,L01XX90,L01XX90,L01XX90 - Axicabtagén ciloleucel,L01XX90 - Axicabtagén ciloleucel
6580,A06AH05,A06AH05,A06AH05 - Naldemedina,A06AH05 - Naldemedina
6581,B02BX07,B02BX07,B02BX07 - Lusutrombopag,B02BX07 - Lusutrombopag
6582,L01XX60,L01XX60,L01XX60 - Talazoparib,L01XX60 - Talazoparib
6583,A07AA13,A07AA13,A07AA13 - Rifamicina,A07AA13 - Rifamicina
6584,J05AR25,J05AR25,J05AR25 - Lamivudina y dolutegravir,J05AR25 - Lamivudina y dolutegravir
6585,V04CX05,V04CX05,V04CX05 - 13C-urea,V04CX05 - 13C-urea
6586,L01XC90,L01XC90,L01XC90 - Cemiplimab,L01XC90 - Cemiplimab
6587,G01AF55,G01AF55,"G01AF55 - Econazol, combinaciones","G01AF55 - Econazol, combinaciones"
6588,L01XX91,L01XX91,L01XX91 - Tisagenlecleucel,L01XX91 - Tisagenlecleucel
6589,L04AX08,L04AX08,L04AX08 - Darvadstrocel,L04AX08 - Darvadstrocel
6590,N07BA04,N07BA04,N07BA04 - Citisiniclina,N07BA04 - Citisiniclina
6591,L04AA44,L04AA44,L04AA44 - Upadacitinib,L04AA44 - Upadacitinib
6592,N07XX15,N07XX15,N07XX15 - Inotersén,N07XX15 - Inotersén
6593,V03AF11,V03AF11,V03AF11 - Arginina y Lisina,V03AF11 - Arginina y Lisina
6594,L01XE53,L01XE53,L01XE53 - Larotrectinib,L01XE53 - Larotrectinib
6595,D11AH06,D11AH06,D11AH06 - Crisaborol,D11AH06 - Crisaborol
6596,N03AX24,N03AX24,N03AX24 - Cannabidiol,N03AX24 - Cannabidiol
6597,L01XE54,L01XE54,L01XE54 - Gilteritinib,L01XE54 - Gilteritinib
6598,S01EX05,S01EX05,S01EX05 - Netarsudil,S01EX05 - Netarsudil
6599,A16AB19,A16AB19,A16AB19 - Pegvaliasa,A16AB19 - Pegvaliasa
6600,L01XE45,L01XE45,L01XE45 - Neratinib,L01XE45 - Neratinib
6601,N05BX05,N05BX05,N05BX05 - Lavandulae aetheroleum,N05BX05 - Lavandulae aetheroleum
6602,V09IX13,V09IX13,V09IX13 - 11C-Metionina,V09IX13 - 11C-Metionina
6603,N02CD01,N02CD01,N02CD01 - Erenumab,N02CD01 - Erenumab
6604,N02CD02,N02CD02,N02CD02 - Galcanezumab,N02CD02 - Galcanezumab
6605,L01XC33,L01XC33,L01XC33 - Cemiplimab,L01XC33 - Cemiplimab
6606,M05BX06,M05BX06,M05BX06 - Romosozumab,M05BX06 - Romosozumab
6607,S01AA28,S01AA28,S01AA28 - Vancomicina,S01AA28 - Vancomicina
6608,S01XA27,S01XA27,S01XA27 - Voretigen neparvovec,S01XA27 - Voretigen neparvovec
6609,V04CX03,V04CX03,V04CX03 - Metacolina,V04CX03 - Metacolina
6610,V04CX04,V04CX04,V04CX04 - Manitol,V04CX04 - Manitol
6611,V04CX08,V04CX08,V04CX08 - Monoxido de carbono,V04CX08 - Monoxido de carbono
6612,V04CX06,V04CX06,V04CX06 - Hexaminolevulinato,V04CX06 - Hexaminolevulinato
6613,L01XC37,L01XC37,L01XC37 - Polatuzumab vedotina,L01XC37 - Polatuzumab vedotina
6614,L04AA42,L04AA42,L04AA42 - Siponimod,L04AA42 - Siponimod
6615,N05CM19,N05CM19,N05CM19 - Suvorexant,N05CM19 - Suvorexant
6616,S01LA06,S01LA06,S01LA06 - Brolucizumab,S01LA06 - Brolucizumab
6617,C10AX96,C10AX96,C10AX96 - Volanersorsen,C10AX96 - Volanersorsen
6618,L01XX61,L01XX61,L01XX61 - Copanlisib,L01XX61 - Copanlisib
6619,B02BX08,B02BX08,B02BX08 - Avatrombopag,B02BX08 - Avatrombopag
6620,A03FA07,A03FA07,A03FA07 - Itoprida,A03FA07 - Itoprida
6621,D10AD06,D10AD06,D10AD06 - Trifaroteno,D10AD06 - Trifaroteno
6622,L02BB06,L02BB06,L02BB06 - Darolutamida,L02BB06 - Darolutamida
6623,C10BX17,C10BX17,C10BX17 - Rosuvastatina y ramipril,C10BX17 - Rosuvastatina y ramipril
6624,A16AX16,A16AX16,A16AX16 - Givosirán,A16AX16 - Givosirán
6625,B02BX09,B02BX09,B02BX09 - Fostamatinib,B02BX09 - Fostamatinib
6626,J01DH52,J01DH52,J01DH52 - Meropenem y vaborbactam,J01DH52 - Meropenem y vaborbactam
6627,M09AX09,M09AX09,M09AX09 - Onasemnogen abeparvovec,M09AX09 - Onasemnogen abeparvovec
6628,J01DI04,J01DI04,J01DI04 - Cefiderocol,J01DI04 - Cefiderocol
6629,L04AA38,L04AA38,L04AA38 - Ozanimod,L04AA38 - Ozanimod
6630,L01XC38,L01XC38,L01XC38 - isatuximab,L01XC38 - isatuximab
6631,B03XA06,B03XA06,B03XA06 - Luspatercept,B03XA06 - Luspatercept
6632,L01XX63,L01XX63,L01XX63 - Glasdegib,L01XX63 - Glasdegib
6633,J05AB16,J05AB16,J05AB16 - Remdesivir,J05AB16 - Remdesivir
6634,R03AK14,R03AK14,R03AK14 - indacaterol y mometasona,R03AK14 - indacaterol y mometasona
6635,R03AL12,R03AL12,"R03AL12 - Indacaterol, glicopirronio, bromuro de y mometasona","R03AL12 - Indacaterol, glicopirronio, bromuro de y mometasona"
6636,L01XE56,L01XE56,L01XE56 - ENTRECTINIB,L01XE56 - ENTRECTINIB
6637,L01XX65,L01XX65,L01XX65 - ALPELISIB,L01XX65 - ALPELISIB
6638,V04CX01,V04CX01,V04CX01 - Verde de indocianina,V04CX01 - Verde de indocianina
6639,V04CX07,V04CX07,V04CX07 - Edrofonio,V04CX07 - Edrofonio
6640,D03AX14,D03AX14,D03AX14 - Centella asiática planta medicinal,D03AX14 - Centella asiática planta medicinal
6641,D11AX21,D11AX21,D11AX21 - Brimonidina,D11AX21 - Brimonidina
6642,V04CX93,V04CX93,"V04CX93 - Monóxido de carbono, combinaciones con","V04CX93 - Monóxido de carbono, combinaciones con"
6643,L01XC39,L01XC39,L01XC39 - Belantamab mafodotina,L01XC39 - Belantamab mafodotina
6644,B03AC91,B03AC91,B03AC91 - Complejo hierro dextran,B03AC91 - Complejo hierro dextran
6645,B03AC92,B03AC92,B03AC92 - Hierro carboximaltosa,B03AC92 - Hierro carboximaltosa
6646,B03AC93,B03AC93,B03AC93 - Hierro sacarosa,B03AC93 - Hierro sacarosa
6647,R07AX32,R07AX32,"R07AX32 - Ivacaftor, tezacaftor y elexacaftor","R07AX32 - Ivacaftor, tezacaftor y elexacaftor"
6648,L04AA45,L04AA45,L04AA45 - Filgotinib,L04AA45 - Filgotinib
6649,J07BK03,J07BK03,"J07BK03 - zoster, antigeno purificado de","J07BK03 - zoster, antigeno purificado de"
6650,V03AB38,V03AB38,V03AB38 - Andexanet alfa,V03AB38 - Andexanet alfa
6651,L01XE51,L01XE51,L01XE51 - Acalabrutinib,L01XE51 - Acalabrutinib
6652,C10AX15,C10AX15,C10AX15 - Acido bempedoico,C10AX15 - Acido bempedoico
6653,C10BA10,C10BA10,C10BA10 - Ácido bempedoico y ezetimiba,C10BA10 - Ácido bempedoico y ezetimiba
6654,J01DH56,J01DH56,"J01DH56 - Imipenem,cilastatina y relebactam","J01DH56 - Imipenem,cilastatina y relebactam"
6655,J07BX03,J07BX03,J07BX03 - Vacunas contra COVID-19,J07BX03 - Vacunas contra COVID-19
6656,A16AX18,A16AX18,A16AX18 - LUMASIRAN,A16AX18 - LUMASIRAN
6657,N06BA14,N06BA14,N06BA14 - Solriamfetol,N06BA14 - Solriamfetol
6658,R03AL11,R03AL11,"R03AL11 - Formoterol, glicopirronio, bromuro de y budesonida","R03AL11 - Formoterol, glicopirronio, bromuro de y budesonida"
6659,B06AX01,B06AX01,B06AX01 - Crizanlizumab,B06AX01 - Crizanlizumab
6660,H02CA02,H02CA02,H02CA02 - Osilodrostat,H02CA02 - Osilodrostat
6661,J05AJ04,J05AJ04,J05AJ04 - Cabotegravir,J05AJ04 - Cabotegravir
6662,B06AX,B06AX,B06AX - Otros agentes hematológicos,B06AX - Otros agentes hematológicos
6663,J05AJ,J05AJ,J05AJ - Inhibidores de la integrasa,J05AJ - Inhibidores de la integrasa
6664,C10AX16,C10AX16,C10AX16 - Inclisiran,C10AX16 - Inclisiran
6665,L01XY02,L01XY02,L01XY02 - Pertuzumab y trastuzumab,L01XY02 - Pertuzumab y trastuzumab
6666,L01XC41,L01XC41,L01XC41 - Trastuzumab deruxtecan,L01XC41 - Trastuzumab deruxtecan
6667,J05AX28,J05AX28,J05AX28 - Bulevirtida,J05AX28 - Bulevirtida
6668,L01E,L01E,L01E - Inhibidores de la proteinquinasa,L01E - Inhibidores de la proteinquinasa
6669,L01EJ02,L01EJ02,L01EJ02 - Fedratinib,L01EJ02 - Fedratinib
6670,L01EJ,L01EJ,L01EJ - Inhibidores de la quinasa Janus-asociada (JAK),L01EJ - Inhibidores de la quinasa Janus-asociada (JAK)
6671,L01EX,L01EX,L01EX - Otros inhibidores de la proteinquinasa,L01EX - Otros inhibidores de la proteinquinasa
6672,L01EX22,L01EX22,L01EX22 - Selpercatinib,L01EX22 - Selpercatinib
6673,J05AX29,J05AX29,J05AX29 - Fostemsavir,J05AX29 - Fostemsavir
6674,V06DD90,V06DD90,V06DD90 - Sales de calcio de cetoanálogos de aminoácidos y aminoácidos,V06DD90 - Sales de calcio de cetoanálogos de aminoácidos y aminoácidos
6675,J05AX23,J05AX23,J05AX23 - Ibalizumab,J05AX23 - Ibalizumab
6676,L01EH,L01EH,L01EH - Inhibidores de la tirosinquinasa del receptor 2 de factor de crecimiento epidérmico humano (HER2),L01EH - Inhibidores de la tirosinquinasa del receptor 2 de factor de crecimiento epidérmico humano (HER2)
6677,L01EH03,L01EH03,L01EH03 - Tucatinib,L01EH03 - Tucatinib
6678,J04AK08,J04AK08,J04AK08 - Pretomanid,J04AK08 - Pretomanid
6679,J07BX02,J07BX02,J07BX02 - Vacuna frente al Ébola,J07BX02 - Vacuna frente al Ébola
6680,L01EX15,L01EX15,L01EX15 - Pexidartinib,L01EX15 - Pexidartinib
6681,L01XX69,L01XX69,L01XX69 - Lurbinectedina,L01XX69 - Lurbinectedina
6682,M09AX10,M09AX10,M09AX10 - Risdiplam,M09AX10 - Risdiplam
6683,M09AX11,M09AX11,M09AX11 - Palovaroteno,M09AX11 - Palovaroteno
6684,S01LA07,S01LA07,S01LA07 - Abicipar pegol,S01LA07 - Abicipar pegol
6685,L01EM,L01EM,L01EM - Inhibidores de la fosfatidilinositol-3-quinasa (Pi3K),L01EM - Inhibidores de la fosfatidilinositol-3-quinasa (Pi3K)
6686,L01EM04,L01EM04,L01EM04 - Duvelisib,L01EM04 - Duvelisib
6687,L01EL,L01EL,L01EL - Inhibidores de la tirosinquinasa de Bruton (BTK),L01EL - Inhibidores de la tirosinquinasa de Bruton (BTK)
6688,L01EL03,L01EL03,L01EL03 - Zanubrutinib,L01EL03 - Zanubrutinib
6689,L01XK,L01XK,L01XK - Inhibidores de la poli (ADP-ribosa) polimerasa (PARP),L01XK - Inhibidores de la poli (ADP-ribosa) polimerasa (PARP)
6690,L01XK05,L01XK05,L01XK05 - Veliparib,L01XK05 - Veliparib
6691,L01XC40,L01XC40,L01XC40 - Dostarlimab,L01XC40 - Dostarlimab
6692,L01EX12,L01EX12,L01EX12 - Larotrectinib,L01EX12 - Larotrectinib
6693,L01EX13,L01EX13,L01EX13 - Gilteritinib,L01EX13 - Gilteritinib
6694,L01EX14,L01EX14,L01EX14 - Entrectinib,L01EX14 - Entrectinib
6695,L01XF01,L01XF01,L01XF01 - Tretinoina,L01XF01 - Tretinoina
6696,L01XF02,L01XF02,L01XF02 - Alitretinoin,L01XF02 - Alitretinoin
6697,L01XF,L01XF,L01XF - Retinoides para el tratamiento del cáncer,L01XF - Retinoides para el tratamiento del cáncer
6698,L01XF03,L01XF03,L01XF03 - Bexaroteno,L01XF03 - Bexaroteno
6699,L01XG,L01XG,L01XG - Inhibidores del proteosoma,L01XG - Inhibidores del proteosoma
6700,L01XH,L01XH,L01XH - Inhibidores de la histona deacetilasa (HDAC),L01XH - Inhibidores de la histona deacetilasa (HDAC)
6701,L01XJ,L01XJ,L01XJ - Inhibidores de la ruta Hedgehog,L01XJ - Inhibidores de la ruta Hedgehog
6702,L01XH01,L01XH01,L01XH01 - Vorinostat,L01XH01 - Vorinostat
6703,L01XH02,L01XH02,L01XH02 - Romidepsina,L01XH02 - Romidepsina
6704,L01XH03,L01XH03,L01XH03 - Panobinostat,L01XH03 - Panobinostat
6705,L01XJ01,L01XJ01,L01XJ01 - Vismodegib,L01XJ01 - Vismodegib
6706,L01XG02,L01XG02,L01XG02 - Carfilzomib,L01XG02 - Carfilzomib
6707,L01XK01,L01XK01,L01XK01 - Olaparib,L01XK01 - Olaparib
6708,L01EM01,L01EM01,L01EM01 - Idelalisib,L01EM01 - Idelalisib
6709,L01XJ02,L01XJ02,L01XJ02 - Sonidegib,L01XJ02 - Sonidegib
6710,L01XG03,L01XG03,L01XG03 - Ixazomib,L01XG03 - Ixazomib
6711,L01XX70,L01XX70,L01XX70 - Axicabtagén ciloleucel,L01XX70 - Axicabtagén ciloleucel
6712,L01XX71,L01XX71,L01XX71 - Tisagenlecleucel,L01XX71 - Tisagenlecleucel
6713,L01XG01,L01XG01,L01XG01 - Bortezomib,L01XG01 - Bortezomib
6714,L01EX20,L01EX20,L01EX20 - Pemigatinib,L01EX20 - Pemigatinib
6715,L01XK02,L01XK02,L01XK02 - Niraparib,L01XK02 - Niraparib
6716,L01XK03,L01XK03,L01XK03 - Rucaparib,L01XK03 - Rucaparib
6717,L01XK04,L01XK04,L01XK04 - Talazoparib,L01XK04 - Talazoparib
6718,L01XJ03,L01XJ03,L01XJ03 - Glasdegib,L01XJ03 - Glasdegib
6719,L01EM03,L01EM03,L01EM03 - Alpelisib,L01EM03 - Alpelisib
6720,L01CE01,L01CE01,L01CE01 - Topotecán,L01CE01 - Topotecán
6721,L01CE,L01CE,L01CE - Inhibidores de la topoisomerasa 1 (TOP1),L01CE - Inhibidores de la topoisomerasa 1 (TOP1)
6722,L01CE02,L01CE02,L01CE02 - Irinotecán,L01CE02 - Irinotecán
6723,L04AA90,L04AA90,L04AA90 - Ofatumumab,L04AA90 - Ofatumumab
6724,J05AJ01,J05AJ01,J05AJ01 - Raltegravir,J05AJ01 - Raltegravir
6725,J05AJ02,J05AJ02,J05AJ02 - Elvitegravir,J05AJ02 - Elvitegravir
6726,J05AJ03,J05AJ03,J05AJ03 - Dolutegravir,J05AJ03 - Dolutegravir
6727,L01EA,L01EA,L01EA - Inhibidores de la tirosinquinasa BCR-ABL,L01EA - Inhibidores de la tirosinquinasa BCR-ABL
6728,L01EA03,L01EA03,L01EA03 - Nilotinib,L01EA03 - Nilotinib
6729,L01EG,L01EG,L01EG - Inhibidores de la quinasa de rapamicina de mamíferos (mTOR),L01EG - Inhibidores de la quinasa de rapamicina de mamíferos (mTOR)
6730,L01EG01,L01EG01,L01EG01 - Temsirolimus,L01EG01 - Temsirolimus
6731,L01EX07,L01EX07,L01EX07 - Cabozantinib,L01EX07 - Cabozantinib
6732,L01EL01,L01EL01,L01EL01 - ibrutinib,L01EL01 - ibrutinib
6733,L01EA04,L01EA04,L01EA04 - Bosutinib,L01EA04 - Bosutinib
6734,L01EC,L01EC,L01EC - Inhibidores de la serina-treonina quinasa B-Raf (BRAF),L01EC - Inhibidores de la serina-treonina quinasa B-Raf (BRAF)
6735,L01EC01,L01EC01,L01EC01 - Vemurafenib,L01EC01 - Vemurafenib
6736,L01ED,L01ED,L01ED - Inhibidores de la quinasa de linfoma anaplástico (ALK),L01ED - Inhibidores de la quinasa de linfoma anaplástico (ALK)
6737,L01ED02,L01ED02,L01ED02 - Ceritinib,L01ED02 - Ceritinib
6738,L01EC02,L01EC02,L01EC02 - Dabrafenib,L01EC02 - Dabrafenib
6739,L01EX08,L01EX08,L01EX08 - Lenvatinib,L01EX08 - Lenvatinib
6740,L01ED01,L01ED01,L01ED01 - Crizotinib,L01ED01 - Crizotinib
6741,L01EX09,L01EX09,L01EX09 - Nintedanib,L01EX09 - Nintedanib
6742,L01EK,L01EK,L01EK - Inhibidores de la tirosinquinasa del receptor de factor de crecimiento endotelial vascular (VEGFR),L01EK - Inhibidores de la tirosinquinasa del receptor de factor de crecimiento endotelial vascular (VEGFR)
6743,L01EK01,L01EK01,L01EK01 - Axitinib,L01EK01 - Axitinib
6744,L01EJ01,L01EJ01,L01EJ01 - Ruxolitinib,L01EJ01 - Ruxolitinib
6745,L01EF,L01EF,L01EF - Inhibidores de la quinasa ciclina-dependiente (CDK),L01EF - Inhibidores de la quinasa ciclina-dependiente (CDK)
6746,L01EF01,L01EF01,L01EF01 - Palbociclib,L01EF01 - Palbociclib
6747,L01EK03,L01EK03,L01EK03 - tivozanib,L01EK03 - tivozanib
6748,L01EB,L01EB,L01EB - Inhibidores de la tirosinquinasa del receptor de factor de crecimiento epidérmico (EGFR),L01EB - Inhibidores de la tirosinquinasa del receptor de factor de crecimiento epidérmico (EGFR)
6749,L01EB04,L01EB04,L01EB04 - osimertinib,L01EB04 - osimertinib
6750,L01ED03,L01ED03,L01ED03 - alectinib,L01ED03 - alectinib
6751,L01EE,L01EE,L01EE - Inhibidores de la quinasa mitógeno-activada (MEK),L01EE - Inhibidores de la quinasa mitógeno-activada (MEK)
6752,L01EE02,L01EE02,L01EE02 - Cobimetinib,L01EE02 - Cobimetinib
6753,L01EX10,L01EX10,L01EX10 - Midostaurin,L01EX10 - Midostaurin
6754,L01EE03,L01EE03,L01EE03 - Binimetinib,L01EE03 - Binimetinib
6755,L01EF02,L01EF02,L01EF02 - ribociclib,L01EF02 - ribociclib
6756,L01ED04,L01ED04,L01ED04 - brigatinib,L01ED04 - brigatinib
6757,L01ED05,L01ED05,L01ED05 - lorlatinib,L01ED05 - lorlatinib
6758,L01EH02,L01EH02,L01EH02 - neratinib,L01EH02 - neratinib
6759,L01EC03,L01EC03,L01EC03 - encorafenib,L01EC03 - encorafenib
6760,L01EB07,L01EB07,L01EB07 - dacomitinib,L01EB07 - dacomitinib
6761,L01EF03,L01EF03,L01EF03 - abemaciclib,L01EF03 - abemaciclib
6762,L01EL02,L01EL02,L01EL02 - Acalabrutinib,L01EL02 - Acalabrutinib
6763,L01EX05,L01EX05,L01EX05 - Regorafenib,L01EX05 - Regorafenib
6764,L01EX06,L01EX06,L01EX06 - Masitinib,L01EX06 - Masitinib
6765,L01EA05,L01EA05,L01EA05 - Ponatinib,L01EA05 - Ponatinib
6766,L01EE01,L01EE01,L01EE01 - Trametinib,L01EE01 - Trametinib
6767,L01EB03,L01EB03,L01EB03 - Afatinib,L01EB03 - Afatinib
6768,L01EX04,L01EX04,L01EX04 - Vandetanib,L01EX04 - Vandetanib
6769,L01EH01,L01EH01,L01EH01 - Lapatinib,L01EH01 - Lapatinib
6770,L01EA01,L01EA01,L01EA01 - Imatinib,L01EA01 - Imatinib
6771,N03AX25,N03AX25,N03AX25 - Cenobamato,N03AX25 - Cenobamato
6772,L01EB01,L01EB01,L01EB01 - Gefitinib,L01EB01 - Gefitinib
6773,L01EB02,L01EB02,L01EB02 - Erlotinib,L01EB02 - Erlotinib
6774,L01EX01,L01EX01,L01EX01 - Sunitinib,L01EX01 - Sunitinib
6775,L01EX02,L01EX02,L01EX02 - Sorafenib,L01EX02 - Sorafenib
6776,A03AX15,A03AX15,"A03AX15 - Menta piperita, aceite esencial de","A03AX15 - Menta piperita, aceite esencial de"
6777,L01EA02,L01EA02,L01EA02 - Dasatinib,L01EA02 - Dasatinib
6778,L01EX03,L01EX03,L01EX03 - Pazopanib,L01EX03 - Pazopanib
6779,L01EG02,L01EG02,L01EG02 - Everolimus,L01EG02 - Everolimus
6780,J07BB04,J07BB04,"J07BB04 - Influenza, virus similar a partículas","J07BB04 - Influenza, virus similar a partículas"
6781,L04AA43,L04AA43,L04AA43 - Ravulizumab,L04AA43 - Ravulizumab
6782,N03AX26,N03AX26,N03AX26 - Fenfluramina,N03AX26 - Fenfluramina
6783,J01MA23,J01MA23,J01MA23 - Delafloxacino,J01MA23 - Delafloxacino
6784,L04AA50,L04AA50,L04AA50 - Ponesimod,L04AA50 - Ponesimod
6785,R01AD59,R01AD59,"R01AD59 - Mometasona, combinaciones con","R01AD59 - Mometasona, combinaciones con"
6786,D11AH07,D11AH07,D11AH07 - Tralokinumab,D11AH07 - Tralokinumab
6787,L01EE04,L01EE04,L01EE04 - Selumetinib,L01EE04 - Selumetinib
6788,D11AA01,D11AA01,D11AA01 - Glicopirronio,D11AA01 - Glicopirronio
6789,C10BX11,C10BX11,"C10BX11 - atorvastatina, amlodipino y perindopril","C10BX11 - atorvastatina, amlodipino y perindopril"
6790,L04AC19,L04AC19,L04AC19 - SATRALIZUMAB,L04AC19 - SATRALIZUMAB
6791,C10BA09,C10BA09,C10BA09 - Rosuvastatina y fenofibrato,C10BA09 - Rosuvastatina y fenofibrato
6792,G03AA18,G03AA18,G03AA18 - Drospirenona y estetrol,G03AA18 - Drospirenona y estetrol
6793,C01DX22,C01DX22,C01DX22 - Vericiguat,C01DX22 - Vericiguat
6794,D06BX03,D06BX03,D06BX03 - Tirbanibulina,D06BX03 - Tirbanibulina
6795,B03XA05,B03XA05,B03XA05 - Roxadustat,B03XA05 - Roxadustat
6796,L01XC35,L01XC35,L01XC35 - Tafasitamab,L01XC35 - Tafasitamab
6797,H05BX05,H05BX05,H05BX05 - Calcifediol,H05BX05 - Calcifediol
6798,L04AC21,L04AC21,L04AC21 - Bimekizumab,L04AC21 - Bimekizumab
6799,L04AA41,L04AA41,L04AA41 - Imlifidasa,L04AA41 - Imlifidasa
6800,H01CC54,H01CC54,"H01CC54 - Relugolix, estradiol y norestisterona","H01CC54 - Relugolix, estradiol y norestisterona"
6801,C10BX18,C10BX18,"C10BX18 - Atorvastatina, amlodipino y ramipril","C10BX18 - Atorvastatina, amlodipino y ramipril"
6802,L01F,L01F,L01F - Anticuerpos monoclonales y anticuerpos conjugados con fármacos,L01F - Anticuerpos monoclonales y anticuerpos conjugados con fármacos
6803,L01FX,L01FX,L01FX - Otros anticuerpos monoclonales y fármacos inmunoconjugados,L01FX - Otros anticuerpos monoclonales y fármacos inmunoconjugados
6804,L01FX17,L01FX17,L01FX17 - Sacituzumab govitecan,L01FX17 - Sacituzumab govitecan
6805,J06BD,J06BD,J06BD - Anticuerpos monoclonales antivirales,J06BD - Anticuerpos monoclonales antivirales
6806,L04AX09,L04AX09,L04AX09 - Fumarato de diroximel,L04AX09 - Fumarato de diroximel
6807,C09BX05,C09BX05,C09BX05 - Ramipril y bisoprolol,C09BX05 - Ramipril y bisoprolol
6808,A05AX05,A05AX05,A05AX05 - Odevixibat,A05AX05 - Odevixibat
6809,L03AB15,L03AB15,L03AB15 - Ropeginterferon alfa-2b,L03AB15 - Ropeginterferon alfa-2b
6810,L01EX23,L01EX23,L01EX23 - Pralsetinib,L01EX23 - Pralsetinib
6811,V04CD06,V04CD06,V04CD06 - Macimorelina,V04CD06 - Macimorelina
6812,M05BX07,M05BX07,M05BX07 - Vosoritida,M05BX07 - Vosoritida
6813,D11AH08,D11AH08,D11AH08 - Abrocitinib,D11AH08 - Abrocitinib
6814,L01FX18,L01FX18,L01FX18 - 	Amivantamab,L01FX18 - 	Amivantamab
6815,B06AX03,B06AX03,B06AX03 - Voxelotor,B06AX03 - Voxelotor
6816,L04AA54,L04AA54,L04AA54 - Pegcetacoplán,L04AA54 - Pegcetacoplán
6817,L04AA51,L04AA51,L04AA51 - Anifrolumab,L04AA51 - Anifrolumab
6818,C03DA05,C03DA05,C03DA05 - Finerenona,C03DA05 - Finerenona
6819,H01AC08,H01AC08,H01AC08 - Somatrogón,H01AC08 - Somatrogón
6820,J01RA14,J01RA14,J01RA14 - Norfloxacino y metronidazol,J01RA14 - Norfloxacino y metronidazol
6821,J02AC06,J02AC06,J02AC06 - Oteseconazol,J02AC06 - Oteseconazol
6822,J05AB17,J05AB17,J05AB17 - Brincidofovir,J05AB17 - Brincidofovir
6823,J05AP12,J05AP12,J05AP12 - Coblopasvir,J05AP12 - Coblopasvir
6824,J05AX31,J05AX31,J05AX31 - Lenacapavir,J05AX31 - Lenacapavir
6825,J06BD03,J06BD03,J06BD03 - Tixagevimab y cilgavimab,J06BD03 - Tixagevimab y cilgavimab
6826,J07AG54,J07AG54,"J07AG54 - Haemophilus influenzae B, combinaciones con meningococo C,Y, conjugado","J07AG54 - Haemophilus influenzae B, combinaciones con meningococo C,Y, conjugado"
6827,J07BX04,J07BX04,J07BX04 - Vacunas frente al Dengue,J07BX04 - Vacunas frente al Dengue
6828,L01AA10,L01AA10,L01AA10 - Melfalán flufenamida,L01AA10 - Melfalán flufenamida
6829,L01EA06,L01EA06,L01EA06 - Asciminib,L01EA06 - Asciminib
6830,L01EJ03,L01EJ03,L01EJ03 - Pacritinib,L01EJ03 - Pacritinib
6831,L01EN03,L01EN03,L01EN03 - Infigratinib,L01EN03 - Infigratinib
6832,L01EN04,L01EN04,L01EN04 - Futibatinib,L01EN04 - Futibatinib
6833,L01FX16,L01FX16,L01FX16 - Oportuzumab monatox,L01FX16 - Oportuzumab monatox
6834,L01XK06,L01XK06,L01XK06 - Pamiparib,L01XK06 - Pamiparib
6835,L01XX72,L01XX72,L01XX72 - Tazemetostat,L01XX72 - Tazemetostat
6836,L01XX73,L01XX73,L01XX73 - Sotorasib,L01XX73 - Sotorasib
6837,L01XX74,L01XX74,L01XX74 - Belzutifan,L01XX74 - Belzutifan
6838,L02BX04,L02BX04,L02BX04 - Relugolix,L02BX04 - Relugolix
6839,L01FF,L01FF,L01FF - Inhibidores de la PD-1/PD-L1 (Proteína 1 de muerte celular programada/ligando 1 de muerte programada),L01FF - Inhibidores de la PD-1/PD-L1 (Proteína 1 de muerte celular programada/ligando 1 de muerte programada)
6840,L01EN,L01EN,L01EN - Inhibidores de la tirosinaquinasa del receptor del factor de crecimiento fibroblástico (FGFR),L01EN - Inhibidores de la tirosinaquinasa del receptor del factor de crecimiento fibroblástico (FGFR)
6841,J01RA15,J01RA15,J01RA15 - Cefixima y ornidazol,J01RA15 - Cefixima y ornidazol
6842,L01FD,L01FD,L01FD - Inhibidores del HER2 (Receptor 2 del Factor de Crecimiento Epidérmico Humano),L01FD - Inhibidores del HER2 (Receptor 2 del Factor de Crecimiento Epidérmico Humano)
6843,L01FD05,L01FD05,L01FD05 - Trastuzumab duocarmazina,L01FD05 - Trastuzumab duocarmazina
6844,L01EX21,L01EX21,L01EX21 - Tepotinib,L01EX21 - Tepotinib
6845,L01FF09,L01FF09,L01FF09 - Tislelizumab,L01FF09 - Tislelizumab
6846,C10AX18,C10AX18,C10AX18 - Volanesorsen,C10AX18 - Volanesorsen
6847,L01EN02,L01EN02,L01EN02 - Pemigatinib,L01EN02 - Pemigatinib
6848,L01FF01,L01FF01,L01FF01 - Nivolumab,L01FF01 - Nivolumab
6849,L01FF02,L01FF02,L01FF02 - Pembrolizumab,L01FF02 - Pembrolizumab
6850,L04AA52,L04AA52,L04AA52 - Ofatumumab,L04AA52 - Ofatumumab
6851,L01FF04,L01FF04,L01FF04 - Avelumab,L01FF04 - Avelumab
6852,C07AB14,C07AB14,C07AB14 - Landiolol,C07AB14 - Landiolol
6853,L01FF10,L01FF10,L01FF10 - Retifanlimab,L01FF10 - Retifanlimab
6854,L01FX07,L01FX07,L01FX07 - Blinatumomab,L01FX07 - Blinatumomab
6855,P01AB51,P01AB51,P01AB51 - Metronidazol y furazolidona,P01AB51 - Metronidazol y furazolidona
6856,L01FG,L01FG,L01FG - Inhibidores del VEGF/VEGFR (Factor de Crecimiento Endotelial Vascular/Receptor del Factor de Crecimiento Endotelial Vascular),L01FG - Inhibidores del VEGF/VEGFR (Factor de Crecimiento Endotelial Vascular/Receptor del Factor de Crecimiento Endotelial Vascular)
6857,L01FG02,L01FG02,L01FG02 - Ramucirumab,L01FG02 - Ramucirumab
6858,L01FE,L01FE,L01FE - Inhibidores del EGFR (Receptor del Factor de Crecimiento Epidérmico),L01FE - Inhibidores del EGFR (Receptor del Factor de Crecimiento Epidérmico)
6859,L01FE03,L01FE03,L01FE03 - Necitumumab,L01FE03 - Necitumumab
6860,L01FB,L01FB,L01FB - Inhibidores de CD22 (Grupos de Diferenciación 22),L01FB - Inhibidores de CD22 (Grupos de Diferenciación 22)
6861,L01FB01,L01FB01,L01FB01 - Inotuzumab ozogamicina,L01FB01 - Inotuzumab ozogamicina
6862,J06BD01,J06BD01,J06BD01 - Palivizumab,J06BD01 - Palivizumab
6863,L01FX10,L01FX10,L01FX10 - Olaratumab,L01FX10 - Olaratumab
6864,J06BD02,J06BD02,J06BD02 - Motavizumab,J06BD02 - Motavizumab
6865,J06BC02,J06BC02,J06BC02 - Raxibacumab,J06BC02 - Raxibacumab
6866,J06BC03,J06BC03,J06BC03 - Bezlotoxumab,J06BC03 - Bezlotoxumab
6867,L01FX08,L01FX08,L01FX08 - Elotuzumab,L01FX08 - Elotuzumab
6868,L01FC,L01FC,L01FC - Inhibidores de CD38 (Grupos de Diferenciación 38),L01FC - Inhibidores de CD38 (Grupos de Diferenciación 38)
6869,L01FC01,L01FC01,L01FC01 - Daratumumab,L01FC01 - Daratumumab
6870,L01FX09,L01FX09,L01FX09 - Mogamulizumab,L01FX09 - Mogamulizumab
6871,L01FF03,L01FF03,L01FF03 - Durvalumab,L01FF03 - Durvalumab
6872,C09DX06,C09DX06,"C09DX06 - Candesartan, amlodipino e hidroclorotiazida","C09DX06 - Candesartan, amlodipino e hidroclorotiazida"
6873,J06BC04,J06BC04,J06BC04 - Obiltoxaximab,J06BC04 - Obiltoxaximab
6874,L01EN01,L01EN01,L01EN01 - Erdafitinib,L01EN01 - Erdafitinib
6875,L01FX01,L01FX01,L01FX01 - Edrecolomab,L01FX01 - Edrecolomab
6876,L01FA,L01FA,L01FA - Inhibidores de CD20 (Grupo de Diferenciación 20),L01FA - Inhibidores de CD20 (Grupo de Diferenciación 20)
6877,L01FX02,L01FX02,L01FX02 - Gemtuzumab ozogamicina,L01FX02 - Gemtuzumab ozogamicina
6878,L01FA01,L01FA01,L01FA01 - Rituximab,L01FA01 - Rituximab
6879,L01FD01,L01FD01,L01FD01 - Trastuzumab,L01FD01 - Trastuzumab
6880,N05AD10,N05AD10,N05AD10 - lumateperona,N05AD10 - lumateperona
6881,N05BA25,N05BA25,N05BA25 - mexazolam,N05BA25 - mexazolam
6882,N05CM21,N05CM21,N05CM21 - lemborexant,N05CM21 - lemborexant
6883,N06AX28,N06AX28,N06AX28 - levomilnacipran,N06AX28 - levomilnacipran
6884,N06DX03,N06DX03,N06DX03 - aducanumab,N06DX03 - aducanumab
6885,N07XX16,N07XX16,N07XX16 - deutetrabenazine,N07XX16 - deutetrabenazine
6886,N07XX17,N07XX17,N07XX17 - arimoclomol,N07XX17 - arimoclomol
6887,P01AA30,P01AA30,P01AA30 - tilbroquinol and tiliquinol,P01AA30 - tilbroquinol and tiliquinol
6888,P01AB52,P01AB52,P01AB52 - metronidazol y diloxanida,P01AB52 - metronidazol y diloxanida
6889,P01BB52,P01BB52,P01BB52 - cloroquina y proguanil,P01BB52 - cloroquina y proguanil
6890,P01BF07,P01BF07,P01BF07 - artemisinina y piperaquina,P01BF07 - artemisinina y piperaquina
6891,P01BF08,P01BF08,P01BF08 - artemisinina y naftoquina,P01BF08 - artemisinina y naftoquina
6892,P01BF09,P01BF09,"P01BF09 - artesunato, sulfadoxina y pirimetamina","P01BF09 - artesunato, sulfadoxina y pirimetamina"
6893,P03AX07,P03AX07,P03AX07 - abametapir,P03AX07 - abametapir
6894,R03CC15,R03CC15,R03CC15 - formoterol,R03CC15 - formoterol
6895,R03DX11,R03DX11,R03DX11 - Tezepelumab,R03DX11 - Tezepelumab
6896,R05DB29,R05DB29,R05DB29 - gefapixant,R05DB29 - gefapixant
6897,R06AA11,R06AA11,R06AA11 - dimenhidrinato,R06AA11 - dimenhidrinato
6898,S01EX07,S01EX07,S01EX07 - ripasudil,S01EX07 - ripasudil
6899,S01GX12,S01GX12,S01GX12 - cetirizina,S01GX12 - cetirizina
6900,S01GX13,S01GX13,S01GX13 - bilastina,S01GX13 - bilastina
6901,S01LA08,S01LA08,S01LA08 - bevacizumab,S01LA08 - bevacizumab
6902,V03AF12,V03AF12,V03AF12 - trilaciclib,V03AF12 - trilaciclib
6903,V03AG05,V03AG05,V03AG05 - fosfato de sodio,V03AG05 - fosfato de sodio
6904,V03AX04,V03AX04,V03AX04 - Difelicefalina,V03AX04 - Difelicefalina
6905,V09GX05,V09GX05,V09GX05 - amoniaco (13N),V09GX05 - amoniaco (13N)
6906,V09IX14,V09IX14,V09IX14 - Galio (68Ga) gozetotida,V09IX14 - Galio (68Ga) gozetotida
6907,V10XA03,V10XA03,V10XA03 - iodo (131I) omburtamab,V10XA03 - iodo (131I) omburtamab
6908,L01FF05,L01FF05,L01FF05 - Atezolizumab,L01FF05 - Atezolizumab
6909,L01FF06,L01FF06,L01FF06 - Cemiplimab,L01FF06 - Cemiplimab
6910,L01FX12,L01FX12,L01FX12 - Tafasitamab,L01FX12 - Tafasitamab
6911,L01FX13,L01FX13,L01FX13 - Enfortumab vedotina,L01FX13 - Enfortumab vedotina
6912,L01FX14,L01FX14,L01FX14 - polatuzumab vedotina,L01FX14 - polatuzumab vedotina
6913,L01FC02,L01FC02,L01FC02 - isatuximab,L01FC02 - isatuximab
6914,L01FX15,L01FX15,L01FX15 - belantamab mafodotin,L01FX15 - belantamab mafodotin
6915,L01FF07,L01FF07,L01FF07 - Dostarlimab,L01FF07 - Dostarlimab
6916,L01FD04,L01FD04,L01FD04 - Trastuzumab deruxtecan,L01FD04 - Trastuzumab deruxtecan
6917,L01FF08,L01FF08,L01FF08 - Prolgolimab,L01FF08 - Prolgolimab
6918,L01EX18,L01EX18,L01EX18 - Avapritinib,L01EX18 - Avapritinib
6919,C10BA11,C10BA11,C10BA11 - Pravastatina y ezetimiba,C10BA11 - Pravastatina y ezetimiba
6920,C10BA12,C10BA12,"C10BA12 - Pravastatina, ezetimiba y fenofibrato","C10BA12 - Pravastatina, ezetimiba y fenofibrato"
6921,L01FE01,L01FE01,L01FE01 - Cetuximab,L01FE01 - Cetuximab
6922,L01FG01,L01FG01,L01FG01 - Bevacizumab,L01FG01 - Bevacizumab
6923,L01FE02,L01FE02,L01FE02 - Panitumumab,L01FE02 - Panitumumab
6924,L01FX03,L01FX03,L01FX03 - Catumaxomab,L01FX03 - Catumaxomab
6925,L01FA02,L01FA02,L01FA02 - Ofatumumab,L01FA02 - Ofatumumab
6926,L01FX04,L01FX04,L01FX04 - Ipilimumab,L01FX04 - Ipilimumab
6927,L01FX05,L01FX05,L01FX05 - Brentuximab vedotina,L01FX05 - Brentuximab vedotina
6928,L01FD02,L01FD02,L01FD02 - Pertuzumab,L01FD02 - Pertuzumab
6929,L01FD03,L01FD03,L01FD03 - Trastuzumab emtansina,L01FD03 - Trastuzumab emtansina
6930,L01FA03,L01FA03,L01FA03- Obinutuzumab,L01FA03- Obinutuzumab
6931,L01FX06,L01FX06,L01FX06 - Dinutuximab beta,L01FX06 - Dinutuximab beta
6932,A16AB21,A16AB21,A16AB21 - Atidarsagén autotemcel,A16AB21 - Atidarsagén autotemcel
6933,A08AA12,A08AA12,A08AA12 - Setmelanotida,A08AA12 - Setmelanotida
6934,N02CD05,N02CD05,N02CD05 - Eptinezumab,N02CD05 - Eptinezumab
6935,N02CD06,N02CD06,N02CD06 - Rimegepant,N02CD06 - Rimegepant
6936,L01EX17,L01EX17,L01EX17 - Capmatinib,L01EX17 - Capmatinib
6937,A16AB25,A16AB25,A16AB25 - Olipudasa alfa,A16AB25 - Olipudasa alfa
6938,L04AA47,L04AA47,L04AA47-Inebilizumab,L04AA47-Inebilizumab
6939,L04AA58,L04AA58,L04AA58 - Efgartigimod alfa,L04AA58 - Efgartigimod alfa
6940,N02CC08,N02CC08,N02CC08 - LASMIDITAN,N02CC08 - LASMIDITAN
6941,S01LA09,S01LA09,S01LA09 - Faricimab,S01LA09 - Faricimab
6942,C10BX19,C10BX19,"C10BX19 - Atorvastatina, amlodipino y candesartán","C10BX19 - Atorvastatina, amlodipino y candesartán"
6943,A16AB22,A16AB22,A16AB22 - Avalglucosidasa alfa,A16AB22 - Avalglucosidasa alfa
6944,N07XX18,N07XX18,N07XX18 - vutrisiran,N07XX18 - vutrisiran
6945,N02AJ16,N02AJ16,N02AJ16 - Tramadol y celecoxib,N02AJ16 - Tramadol y celecoxib
6946,B06AC06,B06AC06,B06AC06 - Berotralstat,B06AC06 - Berotralstat
6947,A16AB26,A16AB26,A16AB26 - Eladocagén exuparvovec,A16AB26 - Eladocagén exuparvovec
6948,A10BX16,A10BX16,A10BX16 - Tirzepatida,A10BX16 - Tirzepatida
6949,N05CJ03,N05CJ03,N05CJ03 - Daridorexant,N05CJ03 - Daridorexant
6950,N05CJ,N05CJ,N05CJ - antagonistas receptor orexina,N05CJ - antagonistas receptor orexina
6951,V10XX05,V10XX05,V10XX05 - Lutecio (177Lu) vipivotida tetraxetan,V10XX05 - Lutecio (177Lu) vipivotida tetraxetan
6952,L01XL,L01XL,L01XL - Terapia génica y celular antineoplásica,L01XL - Terapia génica y celular antineoplásica
6953,L01XL09,L01XL09,L01XL09 - Tabelecleucel,L01XL09 - Tabelecleucel
6954,L01XX75,L01XX75,L01XX75 - tebentafusp,L01XX75 - tebentafusp
6955,L04AC22,L04AC22,L04AC22 - Espesolimab,L04AC22 - Espesolimab
6956,J05AE30,J05AE30,J05AE30 - Nirmatrelvir y Ritonavir,J05AE30 - Nirmatrelvir y Ritonavir
6957,B02BD15,B02BD15,B02BD15 - valoctocogene roxaparvovec,B02BD15 - valoctocogene roxaparvovec
6958,L01FX20,L01FX20,L01FX20 - tremelimumab,L01FX20 - tremelimumab
6959,C09DX08,C09DX08,"C09DX08 - Telmisartán, amlodipino e hidroclorotiazida","C09DX08 - Telmisartán, amlodipino e hidroclorotiazida"
6960,N04BA07,N04BA07,N04BA07 - foslevodopa e inhibidor de la decarboxilasa,N04BA07 - foslevodopa e inhibidor de la decarboxilasa
6961,L04AA56,L04AA56,L04AA56 - Deucravacitinib,L04AA56 - Deucravacitinib
6962,N02BF02,N02BF02,N02BF02 - Pregabalina,N02BF02 - Pregabalina
6963,N02BF,N02BF,N02BF - Gabapentinoides,N02BF - Gabapentinoides
6964,C10AX17,C10AX17,C10AX17 - Evinacumab,C10AX17 - Evinacumab
6965,H03AA51,H03AA51,H03AA51 - levotiroxina sódica y compuestos de iodo,H03AA51 - levotiroxina sódica y compuestos de iodo
6966,H04AA02,H04AA02,H04AA02 - dasiglucagón,H04AA02 - dasiglucagón
6967,J01RA16,J01RA16,J01RA16 - cefixima y azitromicina,J01RA16 - cefixima y azitromicina
6968,J02AX07,J02AX07,J02AX07 - ibrexafungerp,J02AX07 - ibrexafungerp
6969,J02AX08,J02AX08,J02AX08 - acetato de rezafungina,J02AX08 - acetato de rezafungina
6970,J04BA50,J04BA50,J04BA50 - dapsona y rifampicina,J04BA50 - dapsona y rifampicina
6971,J04BA51,J04BA51,"J04BA51 - dapsona, rifampicina y clofazimina","J04BA51 - dapsona, rifampicina y clofazimina"
6972,J05AB18,J05AB18,J05AB18 - molnupiravir,J05AB18 - molnupiravir
6974,J06BD04,J06BD04,J06BD04 - ansuvimab,J06BD04 - ansuvimab
6975,J06BD05,J06BD05,J06BD05 - Sotrovimab,J06BD05 - Sotrovimab
6976,J06BD06,J06BD06,J06BD06 - regdanvimab,J06BD06 - regdanvimab
6977,J06BD07,J06BD07,J06BD07 - casirivimab y imdevimab,J06BD07 - casirivimab y imdevimab
6978,J06BD08,J06BD08,J06BD08 - Nirsevimab,J06BD08 - Nirsevimab
6979,J07AX01,J07AX01,J07AX01 - vacunas frente a la leptospirosis,J07AX01 - vacunas frente a la leptospirosis
6980,J07BN,J07BN,J07BN - vacunas frente a COVID-19,J07BN - vacunas frente a COVID-19
6981,J07BN01,J07BN01,J07BN01 - vacunas basadas en ARN frente a COVID-19,J07BN01 - vacunas basadas en ARN frente a COVID-19
6982,J07BN02,J07BN02,J07BN02 - vacunas de vector viral no replicante frente a COVID-19,J07BN02 - vacunas de vector viral no replicante frente a COVID-19
6983,J07BN03,J07BN03,J07BN03 - vacunas de virus inactivado frente a COVID-19,J07BN03 - vacunas de virus inactivado frente a COVID-19
6984,J07BN04,J07BN04,J07BN04 - vacunas de subunidad proteica frente a COVID-19,J07BN04 - vacunas de subunidad proteica frente a COVID-19
6985,J07XA01,J07XA01,J07XA01 - Vacunas frente a la malaria,J07XA01 - Vacunas frente a la malaria
6986,L01CD51,L01CD51,L01CD51 - paclitaxel y encequidar,L01CD51 - paclitaxel y encequidar
6987,L01EB09,L01EB09,L01EB09 - lazertinib,L01EB09 - lazertinib
6988,L01EB10,L01EB10,L01EB10 - mobocertinib,L01EB10 - mobocertinib
6989,L01EB11,L01EB11,L01EB11 - aumolertinib,L01EB11 - aumolertinib
6990,L01EG04,L01EG04,L01EG04 - sirólimus,L01EG04 - sirólimus
6991,L01EM05,L01EM05,L01EM05 - parsaclisib,L01EM05 - parsaclisib
6992,L01EX24,L01EX24,L01EX24 - surufatinib,L01EX24 - surufatinib
6993,L01FX19,L01FX19,L01FX19 - sabatolimab,L01FX19 - sabatolimab
6994,L01XL07,L01XL07,L01XL07 - Idecabtagén vicleucel,L01XL07 - Idecabtagén vicleucel
6995,L01XX77,L01XX77,L01XX77 - Adagrasib,L01XX77 - Adagrasib
6996,L01XY03,L01XY03,L01XY03 - Nivolumab y relatlimab,L01XY03 - Nivolumab y relatlimab
6997,L03AA18,L03AA18,L03AA18 - Efbemalenograstim alfa,L03AA18 - Efbemalenograstim alfa
6998,L04AA57,L04AA57,L04AA57 - Ublituximab,L04AA57 - Ublituximab
6999,L04AA59,L04AA59,L04AA59 - Avacopán,L04AA59 - Avacopán
7000,L04AC23,L04AC23,L04AC23 - Olokizumab,L04AC23 - Olokizumab
7001,M03BX53,M03BX53,"M03BX53 - Pridinol, combinaciones","M03BX53 - Pridinol, combinaciones"
7002,M05BX08,M05BX08,M05BX08 - Menatetrenona,M05BX08 - Menatetrenona
7003,N05AH53,N05AH53,N05AH53 - Olanzapina y samidorfano,N05AH53 - Olanzapina y samidorfano
7004,N06AX29,N06AX29,N06AX29 - Brexanolona,N06AX29 - Brexanolona
7005,J07XA,J07XA,J07XA - Vacunas antiparasitarias,J07XA - Vacunas antiparasitarias
7006,L01FX21,L01FX21,L01FX21 - naxitamab,L01FX21 - naxitamab
7007,L01FX22,L01FX22,L01FX22 - loncastuximab tesirina,L01FX22 - loncastuximab tesirina
7008,L01XL05,L01XL05,L01XL05 - Ciltacabtagén autoleucel,L01XL05 - Ciltacabtagén autoleucel
7009,N06BA15,N06BA15,N06BA15 - Dexmetilfenidato y serdexmetilfenidato,N06BA15 - Dexmetilfenidato y serdexmetilfenidato
7010,R06AA61,R06AA61,"R06AA61 - Dimenhidrinato, combinaciones","R06AA61 - Dimenhidrinato, combinaciones"
7011,S01AA29,S01AA29,S01AA29 - Dibekacina,S01AA29 - Dibekacina
7012,S01AA31,S01AA31,S01AA31 - Cefmenoxima,S01AA31 - Cefmenoxima
7013,S01KX02,S01KX02,S01KX02 - Azul de tripano,S01KX02 - Azul de tripano
7014,S01XA28,S01XA28,S01XA28 - Vareniclina,S01XA28 - Vareniclina
7015,S01XA29,S01XA29,S01XA29 - Sepofarsén,S01XA29 - Sepofarsén
7016,S02AA17,S02AA17,S02AA17 - Fosfomicina,S02AA17 - Fosfomicina
7017,S03CA07,S03CA07,S03CA07 - Metilprednisolona y antiinfecciosos,S03CA07 - Metilprednisolona y antiinfecciosos
7018,V04CX1,V04CX1,V04CX1 - Pafolacianina,V04CX1 - Pafolacianina
7019,V08CA12,V08CA12,V08CA12 - Gadopiclenol,V08CA12 - Gadopiclenol
7020,V09AX07,V09AX07,V09AX07 - Flortaucipir (18F),V09AX07 - Flortaucipir (18F)
7021,V09IX15,V09IX15,V09IX15 - Cobre (64Cu) dotatato,V09IX15 - Cobre (64Cu) dotatato
7022,V09IX17,V09IX17,V09IX17 - PSMA-1007 (18F),V09IX17 - PSMA-1007 (18F)
7023,S02AA18,S02AA18,S02AA18 - Cefmenoxima,S02AA18 - Cefmenoxima
7024,A16AX22,A16AX22,A16AX22 - Ácido tiomolíbdico,A16AX22 - Ácido tiomolíbdico
7025,A05AX04,A05AX04,A05AX04 - cloruro de maralixibat,A05AX04 - cloruro de maralixibat
7026,N02BF01,N02BF01,N02BF01 - Gabapentina,N02BF01 - Gabapentina
7027,L01XL02,L01XL02,L01XL02 - Talimogén laherparepvec,L01XL02 - Talimogén laherparepvec
7028,L01XL03,L01XL03,L01XL03 - Axicabtagén ciloleucel,L01XL03 - Axicabtagén ciloleucel
7029,L01XL04,L01XL04,L01XL04 - Tisagenlecleucel,L01XL04 - Tisagenlecleucel
7030,B03AD05,B03AD05,B03AD05 - Gluconato ferroso y ácido fólico,B03AD05 - Gluconato ferroso y ácido fólico
7031,D11AH09,D11AH09,D11AH09 - Ruxolitinib,D11AH09 - Ruxolitinib
7032,S01EE51,S01EE51,S01EE51 - Latanoprost y netarsudil,S01EE51 - Latanoprost y netarsudil
7033,L01EX19,L01EX19,L01EX19 - Ripretinib,L01EX19 - Ripretinib
7034,B01AB13,B01AB13,B01AB13 - Certoparina,B01AB13 - Certoparina
7035,A16AB23,A16AB23,A16AB23 - cipaglucosidasa alfa,A16AB23 - cipaglucosidasa alfa
7036,H01CC04,H01CC04,H01CC04 - Linzagolix,H01CC04 - Linzagolix
7037,C01EB24,C01EB24,C01EB24 - Mavacamten,C01EB24 - Mavacamten
7038,G04CB51,G04CB51,G04CB51 - Finasterida y tadalafilo,G04CB51 - Finasterida y tadalafilo
7039,L01FX28,L01FX28,L01FX28 - Glofitamab,L01FX28 - Glofitamab
7040,L04AC24,L04AC24,L04AC24 - Mirikizumab,L04AC24 - Mirikizumab
7041,N05CD14,N05CD14,N05CD14 - Remimazolam,N05CD14 - Remimazolam
7042,C01CX09,C01CX09,C01CX09 - Angiotensina II,C01CX09 - Angiotensina II
7043,J01AA13,J01AA13,J01AA13 - Eravaciclina,J01AA13 - Eravaciclina
7044,A16AB20,A16AB20,A16AB20 - Pegunigalsidasa alfa,A16AB20 - Pegunigalsidasa alfa
7045,V09IX16,V09IX16,V09IX16 - Piflufolastat (18F),V09IX16 - Piflufolastat (18F)
7046,J07BX05,J07BX05,J07BX05 - Vacunas frente al virus sincitial respiratorio,J07BX05 - Vacunas frente al virus sincitial respiratorio
7047,S01GA07,S01GA07,S01GA07 - Brimonidina,S01GA07 - Brimonidina
7048,L04AF08,L04AF08,L04AF08 - Ritlecitinib,L04AF08 - Ritlecitinib
7049,L04AF,L04AF,L04AF - Inhibidores de la quinasa Janus-asociada (JAK),L04AF - Inhibidores de la quinasa Janus-asociada (JAK)
7050,H05AA04,H05AA04,H05AA04 - Abaloparatida,H05AA04 - Abaloparatida
7051,C07FB12,C07FB12,C07FB12 - Nebivolol y amlodipino,C07FB12 - Nebivolol y amlodipino
7052,N02CD07,N02CD07,N02CD07 - Atogepant,N02CD07 - Atogepant
7053,L01BC58,L01BC58,"L01BC58 - Decitabina, combinaciones con","L01BC58 - Decitabina, combinaciones con"
7054,L01XX67,L01XX67,L01XX67 - Tagraxofusp,L01XX67 - Tagraxofusp
7055,H01AC07,H01AC07,H01AC07 - Somapacitán,H01AC07 - Somapacitán
7056,L04AJ05,L04AJ05,L04AJ05 - Avacopán,L04AJ05 - Avacopán
7057,L04AJ,L04AJ,L04AJ - Inhibidores del  sistema del complemento,L04AJ - Inhibidores del  sistema del complemento
7058,G02CX06,G02CX06,G02CX06 - Fezolinetant,G02CX06 - Fezolinetant
7059,L04AG,L04AG,L04AG - Anticuerpos monoclonales,L04AG - Anticuerpos monoclonales
7060,L04AG14,L04AG14,L04AG14 - Ublituximab,L04AG14 - Ublituximab
7061,L01XX66,L01XX66,L01XX66 - Selinexor,L01XX66 - Selinexor
7062,D11AH10,D11AH10,D11AH10  - Lebrikizumab,D11AH10  - Lebrikizumab
7063,L04AJ06,L04AJ06,L04AJ06 - Zilucoplán,L04AJ06 - Zilucoplán
7064,L01XX62,L01XX62,L01XX62 - Ivosidenib,L01XX62 - Ivosidenib
7065,D03AX13,D03AX13,"D03AX13  - Abedul, corteza","D03AX13  - Abedul, corteza"
7066,L01XL06,L01XL06,L01XL06 -  Brexucabtagén autoleucel,L01XL06 -  Brexucabtagén autoleucel
9999,XXXXXX,XXXXXX,XXXXXX - NO DISPONIBLE,XXXXXX - NO DISPONIBLE
10000,A10BJ01,A10BJ01,A10BJ01 - Exenatida,A10BJ01 - Exenatida
10001,S01LA03,S01LA03,S01LA03 - Pegaptanib,S01LA03 - Pegaptanib
61934,J05AG05,J05AG05,J05AG05 - Rilpivirina,J05AG05 - Rilpivirina
